C2A_CONFIG=configs/v2/c2a/p1000_s0.yaml
[845395:MainThread](2026-08-19 18:45:11,682) INFO - qlib.Initialization - [config.py:415] - default_conf: client.
[845395:MainThread](2026-08-19 18:45:12,485) INFO - qlib.Initialization - [__init__.py:74] - qlib successfully initialized based on client settings.
[845395:MainThread](2026-08-19 18:45:12,485) INFO - qlib.Initialization - [__init__.py:76] - data_path={'__DEFAULT_FREQ': PosixPath('/gpfs/home1/sku07891/00.hojin/QuantaAlpha/data/qlib/cn_data')}
[vanilla_v2] market=csi800 window=2015-01-01..2021-12-31 budget=5000 pop=1000 gens=5 fitness=fb_fitness seed=0
[vanilla_v2] panel ready 66.4s (universe_hash=132b21e88e0f7027)
/home1/sku07891/miniconda3/envs/AlphaEval38/lib/python3.8/site-packages/pandas/core/window/rolling.py:655: RuntimeWarning: All-NaN slice encountered
  return func(x, start, end, min_periods, *numba_args)
/home1/sku07891/miniconda3/envs/AlphaEval38/lib/python3.8/site-packages/pandas/core/window/rolling.py:655: RuntimeWarning: All-NaN slice encountered
  return func(x, start, end, min_periods, *numba_args)
/home1/sku07891/miniconda3/envs/AlphaEval38/lib/python3.8/site-packages/pandas/core/window/rolling.py:655: RuntimeWarning: All-NaN slice encountered
  return func(x, start, end, min_periods, *numba_args)
/gpfs/home1/sku07891/00.hojin/AlphaEval/AlphaSearchBench/alphasearchbench/data/qlib_provider.py:249: RuntimeWarning: overflow encountered in cast
  out = res.astype(np.float32)[s - off:e - off]
/home1/sku07891/miniconda3/envs/AlphaEval38/lib/python3.8/site-packages/pandas/core/window/rolling.py:655: RuntimeWarning: All-NaN slice encountered
  return func(x, start, end, min_periods, *numba_args)
/home1/sku07891/miniconda3/envs/AlphaEval38/lib/python3.8/site-packages/pandas/core/window/rolling.py:655: RuntimeWarning: All-NaN slice encountered
  return func(x, start, end, min_periods, *numba_args)
/home1/sku07891/miniconda3/envs/AlphaEval38/lib/python3.8/site-packages/pandas/core/window/rolling.py:655: RuntimeWarning: All-NaN slice encountered
  return func(x, start, end, min_periods, *numba_args)
/gpfs/home1/sku07891/00.hojin/AlphaEval/AlphaSearchBench/alphasearchbench/data/qlib_provider.py:249: RuntimeWarning: overflow encountered in cast
  out = res.astype(np.float32)[s - off:e - off]
/home1/sku07891/miniconda3/envs/AlphaEval38/lib/python3.8/site-packages/pandas/core/window/rolling.py:655: RuntimeWarning: All-NaN slice encountered
  return func(x, start, end, min_periods, *numba_args)
/gpfs/home1/sku07891/00.hojin/AlphaEval/AlphaSearchBench/alphasearchbench/data/qlib_provider.py:249: RuntimeWarning: overflow encountered in cast
  out = res.astype(np.float32)[s - off:e - off]
/home1/sku07891/miniconda3/envs/AlphaEval38/lib/python3.8/site-packages/pandas/core/window/rolling.py:655: RuntimeWarning: All-NaN slice encountered
  return func(x, start, end, min_periods, *numba_args)
/home1/sku07891/miniconda3/envs/AlphaEval38/lib/python3.8/site-packages/pandas/core/window/rolling.py:655: RuntimeWarning: All-NaN slice encountered
  return func(x, start, end, min_periods, *numba_args)
/home1/sku07891/miniconda3/envs/AlphaEval38/lib/python3.8/site-packages/pandas/core/window/rolling.py:655: RuntimeWarning: All-NaN slice encountered
  return func(x, start, end, min_periods, *numba_args)
/home1/sku07891/miniconda3/envs/AlphaEval38/lib/python3.8/site-packages/pandas/core/window/rolling.py:655: RuntimeWarning: All-NaN slice encountered
  return func(x, start, end, min_periods, *numba_args)
/gpfs/home1/sku07891/00.hojin/AlphaEval/AlphaSearchBench/alphasearchbench/data/qlib_provider.py:249: RuntimeWarning: overflow encountered in cast
  out = res.astype(np.float32)[s - off:e - off]
/home1/sku07891/miniconda3/envs/AlphaEval38/lib/python3.8/site-packages/pandas/core/window/rolling.py:655: RuntimeWarning: All-NaN slice encountered
  return func(x, start, end, min_periods, *numba_args)
/home1/sku07891/miniconda3/envs/AlphaEval38/lib/python3.8/site-packages/pandas/core/window/rolling.py:655: RuntimeWarning: All-NaN slice encountered
  return func(x, start, end, min_periods, *numba_args)
/home1/sku07891/miniconda3/envs/AlphaEval38/lib/python3.8/site-packages/pandas/core/window/rolling.py:655: RuntimeWarning: All-NaN slice encountered
  return func(x, start, end, min_periods, *numba_args)
/home1/sku07891/miniconda3/envs/AlphaEval38/lib/python3.8/site-packages/pandas/core/window/rolling.py:655: RuntimeWarning: All-NaN slice encountered
  return func(x, start, end, min_periods, *numba_args)
/home1/sku07891/miniconda3/envs/AlphaEval38/lib/python3.8/site-packages/pandas/core/window/rolling.py:655: RuntimeWarning: All-NaN slice encountered
  return func(x, start, end, min_periods, *numba_args)
/home1/sku07891/miniconda3/envs/AlphaEval38/lib/python3.8/site-packages/pandas/core/window/rolling.py:655: RuntimeWarning: All-NaN slice encountered
  return func(x, start, end, min_periods, *numba_args)
/home1/sku07891/miniconda3/envs/AlphaEval38/lib/python3.8/site-packages/pandas/core/window/rolling.py:655: RuntimeWarning: All-NaN slice encountered
  return func(x, start, end, min_periods, *numba_args)
/home1/sku07891/miniconda3/envs/AlphaEval38/lib/python3.8/site-packages/pandas/core/window/rolling.py:655: RuntimeWarning: All-NaN slice encountered
  return func(x, start, end, min_periods, *numba_args)
/home1/sku07891/miniconda3/envs/AlphaEval38/lib/python3.8/site-packages/pandas/core/window/rolling.py:655: RuntimeWarning: All-NaN slice encountered
  return func(x, start, end, min_periods, *numba_args)
/home1/sku07891/miniconda3/envs/AlphaEval38/lib/python3.8/site-packages/pandas/core/window/rolling.py:655: RuntimeWarning: All-NaN slice encountered
  return func(x, start, end, min_periods, *numba_args)
/gpfs/home1/sku07891/00.hojin/AlphaEval/AlphaSearchBench/alphasearchbench/data/qlib_provider.py:249: RuntimeWarning: overflow encountered in cast
  out = res.astype(np.float32)[s - off:e - off]
/home1/sku07891/miniconda3/envs/AlphaEval38/lib/python3.8/site-packages/pandas/core/window/rolling.py:655: RuntimeWarning: All-NaN slice encountered
  return func(x, start, end, min_periods, *numba_args)
/home1/sku07891/miniconda3/envs/AlphaEval38/lib/python3.8/site-packages/pandas/core/window/rolling.py:655: RuntimeWarning: All-NaN slice encountered
  return func(x, start, end, min_periods, *numba_args)
/gpfs/home1/sku07891/00.hojin/AlphaEval/AlphaSearchBench/alphasearchbench/data/qlib_provider.py:249: RuntimeWarning: overflow encountered in cast
  out = res.astype(np.float32)[s - off:e - off]
/home1/sku07891/miniconda3/envs/AlphaEval38/lib/python3.8/site-packages/pandas/core/window/rolling.py:655: RuntimeWarning: All-NaN slice encountered
  return func(x, start, end, min_periods, *numba_args)
/home1/sku07891/miniconda3/envs/AlphaEval38/lib/python3.8/site-packages/pandas/core/window/rolling.py:655: RuntimeWarning: All-NaN slice encountered
  return func(x, start, end, min_periods, *numba_args)
/home1/sku07891/miniconda3/envs/AlphaEval38/lib/python3.8/site-packages/pandas/core/window/rolling.py:655: RuntimeWarning: All-NaN slice encountered
  return func(x, start, end, min_periods, *numba_args)
/home1/sku07891/miniconda3/envs/AlphaEval38/lib/python3.8/site-packages/pandas/core/window/rolling.py:655: RuntimeWarning: All-NaN slice encountered
  return func(x, start, end, min_periods, *numba_args)
/home1/sku07891/miniconda3/envs/AlphaEval38/lib/python3.8/site-packages/pandas/core/window/rolling.py:655: RuntimeWarning: All-NaN slice encountered
  return func(x, start, end, min_periods, *numba_args)
/home1/sku07891/miniconda3/envs/AlphaEval38/lib/python3.8/site-packages/pandas/core/window/rolling.py:655: RuntimeWarning: All-NaN slice encountered
  return func(x, start, end, min_periods, *numba_args)
/home1/sku07891/miniconda3/envs/AlphaEval38/lib/python3.8/site-packages/pandas/core/window/rolling.py:655: RuntimeWarning: All-NaN slice encountered
  return func(x, start, end, min_periods, *numba_args)
/gpfs/home1/sku07891/00.hojin/AlphaEval/AlphaSearchBench/alphasearchbench/data/qlib_provider.py:278: RuntimeWarning: overflow encountered in cast
  return np.sign(self._eval(args[0], off, hi).astype(np.float32))
/gpfs/home1/sku07891/00.hojin/AlphaEval/AlphaSearchBench/alphasearchbench/data/qlib_provider.py:249: RuntimeWarning: overflow encountered in cast
  out = res.astype(np.float32)[s - off:e - off]
/home1/sku07891/miniconda3/envs/AlphaEval38/lib/python3.8/site-packages/pandas/core/window/rolling.py:655: RuntimeWarning: All-NaN slice encountered
  return func(x, start, end, min_periods, *numba_args)
/home1/sku07891/miniconda3/envs/AlphaEval38/lib/python3.8/site-packages/pandas/core/window/rolling.py:655: RuntimeWarning: All-NaN slice encountered
  return func(x, start, end, min_periods, *numba_args)
/home1/sku07891/miniconda3/envs/AlphaEval38/lib/python3.8/site-packages/pandas/core/window/rolling.py:655: RuntimeWarning: All-NaN slice encountered
  return func(x, start, end, min_periods, *numba_args)
/gpfs/home1/sku07891/00.hojin/AlphaEval/AlphaSearchBench/alphasearchbench/data/qlib_provider.py:249: RuntimeWarning: overflow encountered in cast
  out = res.astype(np.float32)[s - off:e - off]
/home1/sku07891/miniconda3/envs/AlphaEval38/lib/python3.8/site-packages/pandas/core/window/rolling.py:655: RuntimeWarning: All-NaN slice encountered
  return func(x, start, end, min_periods, *numba_args)
/home1/sku07891/miniconda3/envs/AlphaEval38/lib/python3.8/site-packages/pandas/core/window/rolling.py:655: RuntimeWarning: All-NaN slice encountered
  return func(x, start, end, min_periods, *numba_args)
/home1/sku07891/miniconda3/envs/AlphaEval38/lib/python3.8/site-packages/pandas/core/window/rolling.py:655: RuntimeWarning: All-NaN slice encountered
  return func(x, start, end, min_periods, *numba_args)
/home1/sku07891/miniconda3/envs/AlphaEval38/lib/python3.8/site-packages/pandas/core/window/rolling.py:655: RuntimeWarning: All-NaN slice encountered
  return func(x, start, end, min_periods, *numba_args)
/home1/sku07891/miniconda3/envs/AlphaEval38/lib/python3.8/site-packages/pandas/core/window/rolling.py:655: RuntimeWarning: All-NaN slice encountered
  return func(x, start, end, min_periods, *numba_args)
/home1/sku07891/miniconda3/envs/AlphaEval38/lib/python3.8/site-packages/pandas/core/window/rolling.py:655: RuntimeWarning: All-NaN slice encountered
  return func(x, start, end, min_periods, *numba_args)
/home1/sku07891/miniconda3/envs/AlphaEval38/lib/python3.8/site-packages/pandas/core/window/rolling.py:655: RuntimeWarning: All-NaN slice encountered
  return func(x, start, end, min_periods, *numba_args)
/home1/sku07891/miniconda3/envs/AlphaEval38/lib/python3.8/site-packages/pandas/core/window/rolling.py:655: RuntimeWarning: All-NaN slice encountered
  return func(x, start, end, min_periods, *numba_args)
/home1/sku07891/miniconda3/envs/AlphaEval38/lib/python3.8/site-packages/pandas/core/window/rolling.py:655: RuntimeWarning: All-NaN slice encountered
  return func(x, start, end, min_periods, *numba_args)
/home1/sku07891/miniconda3/envs/AlphaEval38/lib/python3.8/site-packages/pandas/core/window/rolling.py:655: RuntimeWarning: All-NaN slice encountered
  return func(x, start, end, min_periods, *numba_args)
/gpfs/home1/sku07891/00.hojin/AlphaEval/AlphaSearchBench/alphasearchbench/data/qlib_provider.py:249: RuntimeWarning: overflow encountered in cast
  out = res.astype(np.float32)[s - off:e - off]
/home1/sku07891/miniconda3/envs/AlphaEval38/lib/python3.8/site-packages/pandas/core/window/rolling.py:655: RuntimeWarning: All-NaN slice encountered
  return func(x, start, end, min_periods, *numba_args)
/home1/sku07891/miniconda3/envs/AlphaEval38/lib/python3.8/site-packages/pandas/core/window/rolling.py:655: RuntimeWarning: All-NaN slice encountered
  return func(x, start, end, min_periods, *numba_args)
/gpfs/home1/sku07891/00.hojin/AlphaEval/AlphaSearchBench/alphasearchbench/data/qlib_provider.py:249: RuntimeWarning: overflow encountered in cast
  out = res.astype(np.float32)[s - off:e - off]
/home1/sku07891/miniconda3/envs/AlphaEval38/lib/python3.8/site-packages/pandas/core/window/rolling.py:655: RuntimeWarning: All-NaN slice encountered
  return func(x, start, end, min_periods, *numba_args)
/home1/sku07891/miniconda3/envs/AlphaEval38/lib/python3.8/site-packages/pandas/core/window/rolling.py:655: RuntimeWarning: All-NaN slice encountered
  return func(x, start, end, min_periods, *numba_args)
/home1/sku07891/miniconda3/envs/AlphaEval38/lib/python3.8/site-packages/pandas/core/window/rolling.py:655: RuntimeWarning: All-NaN slice encountered
  return func(x, start, end, min_periods, *numba_args)
/home1/sku07891/miniconda3/envs/AlphaEval38/lib/python3.8/site-packages/pandas/core/window/rolling.py:655: RuntimeWarning: All-NaN slice encountered
  return func(x, start, end, min_periods, *numba_args)
/home1/sku07891/miniconda3/envs/AlphaEval38/lib/python3.8/site-packages/pandas/core/window/rolling.py:655: RuntimeWarning: All-NaN slice encountered
  return func(x, start, end, min_periods, *numba_args)
/home1/sku07891/miniconda3/envs/AlphaEval38/lib/python3.8/site-packages/pandas/core/window/rolling.py:655: RuntimeWarning: All-NaN slice encountered
  return func(x, start, end, min_periods, *numba_args)
/home1/sku07891/miniconda3/envs/AlphaEval38/lib/python3.8/site-packages/pandas/core/window/rolling.py:655: RuntimeWarning: All-NaN slice encountered
  return func(x, start, end, min_periods, *numba_args)
/home1/sku07891/miniconda3/envs/AlphaEval38/lib/python3.8/site-packages/pandas/core/window/rolling.py:655: RuntimeWarning: All-NaN slice encountered
  return func(x, start, end, min_periods, *numba_args)
/home1/sku07891/miniconda3/envs/AlphaEval38/lib/python3.8/site-packages/pandas/core/window/rolling.py:655: RuntimeWarning: All-NaN slice encountered
  return func(x, start, end, min_periods, *numba_args)
/home1/sku07891/miniconda3/envs/AlphaEval38/lib/python3.8/site-packages/pandas/core/window/rolling.py:655: RuntimeWarning: All-NaN slice encountered
  return func(x, start, end, min_periods, *numba_args)
/home1/sku07891/miniconda3/envs/AlphaEval38/lib/python3.8/site-packages/pandas/core/window/rolling.py:655: RuntimeWarning: All-NaN slice encountered
  return func(x, start, end, min_periods, *numba_args)
/home1/sku07891/miniconda3/envs/AlphaEval38/lib/python3.8/site-packages/pandas/core/window/rolling.py:655: RuntimeWarning: All-NaN slice encountered
  return func(x, start, end, min_periods, *numba_args)
/home1/sku07891/miniconda3/envs/AlphaEval38/lib/python3.8/site-packages/pandas/core/window/rolling.py:655: RuntimeWarning: All-NaN slice encountered
  return func(x, start, end, min_periods, *numba_args)
/home1/sku07891/miniconda3/envs/AlphaEval38/lib/python3.8/site-packages/pandas/core/window/rolling.py:655: RuntimeWarning: All-NaN slice encountered
  return func(x, start, end, min_periods, *numba_args)
/home1/sku07891/miniconda3/envs/AlphaEval38/lib/python3.8/site-packages/pandas/core/window/rolling.py:655: RuntimeWarning: All-NaN slice encountered
  return func(x, start, end, min_periods, *numba_args)
/home1/sku07891/miniconda3/envs/AlphaEval38/lib/python3.8/site-packages/pandas/core/window/rolling.py:655: RuntimeWarning: All-NaN slice encountered
  return func(x, start, end, min_periods, *numba_args)
/home1/sku07891/miniconda3/envs/AlphaEval38/lib/python3.8/site-packages/pandas/core/window/rolling.py:655: RuntimeWarning: All-NaN slice encountered
  return func(x, start, end, min_periods, *numba_args)
/home1/sku07891/miniconda3/envs/AlphaEval38/lib/python3.8/site-packages/pandas/core/window/rolling.py:655: RuntimeWarning: All-NaN slice encountered
  return func(x, start, end, min_periods, *numba_args)
/home1/sku07891/miniconda3/envs/AlphaEval38/lib/python3.8/site-packages/pandas/core/window/rolling.py:655: RuntimeWarning: All-NaN slice encountered
  return func(x, start, end, min_periods, *numba_args)
/home1/sku07891/miniconda3/envs/AlphaEval38/lib/python3.8/site-packages/pandas/core/window/rolling.py:655: RuntimeWarning: All-NaN slice encountered
  return func(x, start, end, min_periods, *numba_args)
/home1/sku07891/miniconda3/envs/AlphaEval38/lib/python3.8/site-packages/pandas/core/window/rolling.py:655: RuntimeWarning: All-NaN slice encountered
  return func(x, start, end, min_periods, *numba_args)
/gpfs/home1/sku07891/00.hojin/AlphaEval/AlphaSearchBench/alphasearchbench/data/qlib_provider.py:249: RuntimeWarning: overflow encountered in cast
  out = res.astype(np.float32)[s - off:e - off]
/home1/sku07891/miniconda3/envs/AlphaEval38/lib/python3.8/site-packages/pandas/core/window/rolling.py:655: RuntimeWarning: All-NaN slice encountered
  return func(x, start, end, min_periods, *numba_args)
/home1/sku07891/miniconda3/envs/AlphaEval38/lib/python3.8/site-packages/pandas/core/window/rolling.py:655: RuntimeWarning: All-NaN slice encountered
  return func(x, start, end, min_periods, *numba_args)
/home1/sku07891/miniconda3/envs/AlphaEval38/lib/python3.8/site-packages/pandas/core/window/rolling.py:655: RuntimeWarning: All-NaN slice encountered
  return func(x, start, end, min_periods, *numba_args)
/home1/sku07891/miniconda3/envs/AlphaEval38/lib/python3.8/site-packages/pandas/core/window/rolling.py:655: RuntimeWarning: All-NaN slice encountered
  return func(x, start, end, min_periods, *numba_args)
/home1/sku07891/miniconda3/envs/AlphaEval38/lib/python3.8/site-packages/pandas/core/window/rolling.py:655: RuntimeWarning: All-NaN slice encountered
  return func(x, start, end, min_periods, *numba_args)
/home1/sku07891/miniconda3/envs/AlphaEval38/lib/python3.8/site-packages/pandas/core/window/rolling.py:655: RuntimeWarning: All-NaN slice encountered
  return func(x, start, end, min_periods, *numba_args)
/home1/sku07891/miniconda3/envs/AlphaEval38/lib/python3.8/site-packages/pandas/core/window/rolling.py:655: RuntimeWarning: All-NaN slice encountered
  return func(x, start, end, min_periods, *numba_args)
/home1/sku07891/miniconda3/envs/AlphaEval38/lib/python3.8/site-packages/pandas/core/window/rolling.py:655: RuntimeWarning: All-NaN slice encountered
  return func(x, start, end, min_periods, *numba_args)
/home1/sku07891/miniconda3/envs/AlphaEval38/lib/python3.8/site-packages/pandas/core/window/rolling.py:655: RuntimeWarning: All-NaN slice encountered
  return func(x, start, end, min_periods, *numba_args)
/home1/sku07891/miniconda3/envs/AlphaEval38/lib/python3.8/site-packages/pandas/core/window/rolling.py:655: RuntimeWarning: All-NaN slice encountered
  return func(x, start, end, min_periods, *numba_args)
/home1/sku07891/miniconda3/envs/AlphaEval38/lib/python3.8/site-packages/pandas/core/window/rolling.py:655: RuntimeWarning: All-NaN slice encountered
  return func(x, start, end, min_periods, *numba_args)
/home1/sku07891/miniconda3/envs/AlphaEval38/lib/python3.8/site-packages/pandas/core/window/rolling.py:655: RuntimeWarning: All-NaN slice encountered
  return func(x, start, end, min_periods, *numba_args)
/home1/sku07891/miniconda3/envs/AlphaEval38/lib/python3.8/site-packages/pandas/core/window/rolling.py:655: RuntimeWarning: All-NaN slice encountered
  return func(x, start, end, min_periods, *numba_args)
/home1/sku07891/miniconda3/envs/AlphaEval38/lib/python3.8/site-packages/pandas/core/window/rolling.py:655: RuntimeWarning: All-NaN slice encountered
  return func(x, start, end, min_periods, *numba_args)
/home1/sku07891/miniconda3/envs/AlphaEval38/lib/python3.8/site-packages/pandas/core/window/rolling.py:655: RuntimeWarning: All-NaN slice encountered
  return func(x, start, end, min_periods, *numba_args)
/home1/sku07891/miniconda3/envs/AlphaEval38/lib/python3.8/site-packages/pandas/core/window/rolling.py:655: RuntimeWarning: All-NaN slice encountered
  return func(x, start, end, min_periods, *numba_args)
/home1/sku07891/miniconda3/envs/AlphaEval38/lib/python3.8/site-packages/pandas/core/window/rolling.py:655: RuntimeWarning: All-NaN slice encountered
  return func(x, start, end, min_periods, *numba_args)
/home1/sku07891/miniconda3/envs/AlphaEval38/lib/python3.8/site-packages/pandas/core/window/rolling.py:655: RuntimeWarning: All-NaN slice encountered
  return func(x, start, end, min_periods, *numba_args)
/home1/sku07891/miniconda3/envs/AlphaEval38/lib/python3.8/site-packages/pandas/core/window/rolling.py:655: RuntimeWarning: All-NaN slice encountered
  return func(x, start, end, min_periods, *numba_args)
/home1/sku07891/miniconda3/envs/AlphaEval38/lib/python3.8/site-packages/pandas/core/window/rolling.py:655: RuntimeWarning: All-NaN slice encountered
  return func(x, start, end, min_periods, *numba_args)
/home1/sku07891/miniconda3/envs/AlphaEval38/lib/python3.8/site-packages/pandas/core/window/rolling.py:655: RuntimeWarning: All-NaN slice encountered
  return func(x, start, end, min_periods, *numba_args)
/home1/sku07891/miniconda3/envs/AlphaEval38/lib/python3.8/site-packages/pandas/core/window/rolling.py:655: RuntimeWarning: All-NaN slice encountered
  return func(x, start, end, min_periods, *numba_args)
/gpfs/home1/sku07891/00.hojin/AlphaEval/AlphaSearchBench/alphasearchbench/data/qlib_provider.py:249: RuntimeWarning: overflow encountered in cast
  out = res.astype(np.float32)[s - off:e - off]
/home1/sku07891/miniconda3/envs/AlphaEval38/lib/python3.8/site-packages/pandas/core/window/rolling.py:655: RuntimeWarning: All-NaN slice encountered
  return func(x, start, end, min_periods, *numba_args)
/home1/sku07891/miniconda3/envs/AlphaEval38/lib/python3.8/site-packages/pandas/core/window/rolling.py:655: RuntimeWarning: All-NaN slice encountered
  return func(x, start, end, min_periods, *numba_args)
/home1/sku07891/miniconda3/envs/AlphaEval38/lib/python3.8/site-packages/pandas/core/window/rolling.py:655: RuntimeWarning: All-NaN slice encountered
  return func(x, start, end, min_periods, *numba_args)
/home1/sku07891/miniconda3/envs/AlphaEval38/lib/python3.8/site-packages/pandas/core/window/rolling.py:655: RuntimeWarning: All-NaN slice encountered
  return func(x, start, end, min_periods, *numba_args)
/home1/sku07891/miniconda3/envs/AlphaEval38/lib/python3.8/site-packages/pandas/core/window/rolling.py:655: RuntimeWarning: All-NaN slice encountered
  return func(x, start, end, min_periods, *numba_args)
/home1/sku07891/miniconda3/envs/AlphaEval38/lib/python3.8/site-packages/pandas/core/window/rolling.py:655: RuntimeWarning: All-NaN slice encountered
  return func(x, start, end, min_periods, *numba_args)
/home1/sku07891/miniconda3/envs/AlphaEval38/lib/python3.8/site-packages/pandas/core/window/rolling.py:655: RuntimeWarning: All-NaN slice encountered
  return func(x, start, end, min_periods, *numba_args)
/home1/sku07891/miniconda3/envs/AlphaEval38/lib/python3.8/site-packages/pandas/core/window/rolling.py:655: RuntimeWarning: All-NaN slice encountered
  return func(x, start, end, min_periods, *numba_args)
/home1/sku07891/miniconda3/envs/AlphaEval38/lib/python3.8/site-packages/pandas/core/window/rolling.py:655: RuntimeWarning: All-NaN slice encountered
  return func(x, start, end, min_periods, *numba_args)
/home1/sku07891/miniconda3/envs/AlphaEval38/lib/python3.8/site-packages/pandas/core/window/rolling.py:655: RuntimeWarning: All-NaN slice encountered
  return func(x, start, end, min_periods, *numba_args)
/home1/sku07891/miniconda3/envs/AlphaEval38/lib/python3.8/site-packages/pandas/core/window/rolling.py:655: RuntimeWarning: All-NaN slice encountered
  return func(x, start, end, min_periods, *numba_args)
/home1/sku07891/miniconda3/envs/AlphaEval38/lib/python3.8/site-packages/pandas/core/window/rolling.py:655: RuntimeWarning: All-NaN slice encountered
  return func(x, start, end, min_periods, *numba_args)
/home1/sku07891/miniconda3/envs/AlphaEval38/lib/python3.8/site-packages/pandas/core/window/rolling.py:655: RuntimeWarning: All-NaN slice encountered
  return func(x, start, end, min_periods, *numba_args)
/home1/sku07891/miniconda3/envs/AlphaEval38/lib/python3.8/site-packages/pandas/core/window/rolling.py:655: RuntimeWarning: All-NaN slice encountered
  return func(x, start, end, min_periods, *numba_args)
/home1/sku07891/miniconda3/envs/AlphaEval38/lib/python3.8/site-packages/pandas/core/window/rolling.py:655: RuntimeWarning: All-NaN slice encountered
  return func(x, start, end, min_periods, *numba_args)
/home1/sku07891/miniconda3/envs/AlphaEval38/lib/python3.8/site-packages/pandas/core/window/rolling.py:655: RuntimeWarning: All-NaN slice encountered
  return func(x, start, end, min_periods, *numba_args)
/home1/sku07891/miniconda3/envs/AlphaEval38/lib/python3.8/site-packages/pandas/core/window/rolling.py:655: RuntimeWarning: All-NaN slice encountered
  return func(x, start, end, min_periods, *numba_args)
/home1/sku07891/miniconda3/envs/AlphaEval38/lib/python3.8/site-packages/pandas/core/window/rolling.py:655: RuntimeWarning: All-NaN slice encountered
  return func(x, start, end, min_periods, *numba_args)
/home1/sku07891/miniconda3/envs/AlphaEval38/lib/python3.8/site-packages/pandas/core/window/rolling.py:655: RuntimeWarning: All-NaN slice encountered
  return func(x, start, end, min_periods, *numba_args)
/home1/sku07891/miniconda3/envs/AlphaEval38/lib/python3.8/site-packages/pandas/core/window/rolling.py:655: RuntimeWarning: All-NaN slice encountered
  return func(x, start, end, min_periods, *numba_args)
/home1/sku07891/miniconda3/envs/AlphaEval38/lib/python3.8/site-packages/pandas/core/window/rolling.py:655: RuntimeWarning: All-NaN slice encountered
  return func(x, start, end, min_periods, *numba_args)
/home1/sku07891/miniconda3/envs/AlphaEval38/lib/python3.8/site-packages/pandas/core/window/rolling.py:655: RuntimeWarning: All-NaN slice encountered
  return func(x, start, end, min_periods, *numba_args)
/home1/sku07891/miniconda3/envs/AlphaEval38/lib/python3.8/site-packages/pandas/core/window/rolling.py:655: RuntimeWarning: All-NaN slice encountered
  return func(x, start, end, min_periods, *numba_args)
/home1/sku07891/miniconda3/envs/AlphaEval38/lib/python3.8/site-packages/pandas/core/window/rolling.py:655: RuntimeWarning: All-NaN slice encountered
  return func(x, start, end, min_periods, *numba_args)
/home1/sku07891/miniconda3/envs/AlphaEval38/lib/python3.8/site-packages/pandas/core/window/rolling.py:655: RuntimeWarning: All-NaN slice encountered
  return func(x, start, end, min_periods, *numba_args)
/home1/sku07891/miniconda3/envs/AlphaEval38/lib/python3.8/site-packages/pandas/core/window/rolling.py:655: RuntimeWarning: All-NaN slice encountered
  return func(x, start, end, min_periods, *numba_args)
/home1/sku07891/miniconda3/envs/AlphaEval38/lib/python3.8/site-packages/pandas/core/window/rolling.py:655: RuntimeWarning: All-NaN slice encountered
  return func(x, start, end, min_periods, *numba_args)
/home1/sku07891/miniconda3/envs/AlphaEval38/lib/python3.8/site-packages/pandas/core/window/rolling.py:655: RuntimeWarning: All-NaN slice encountered
  return func(x, start, end, min_periods, *numba_args)
/gpfs/home1/sku07891/00.hojin/AlphaEval/AlphaSearchBench/alphasearchbench/data/qlib_provider.py:249: RuntimeWarning: overflow encountered in cast
  out = res.astype(np.float32)[s - off:e - off]
/home1/sku07891/miniconda3/envs/AlphaEval38/lib/python3.8/site-packages/pandas/core/window/rolling.py:655: RuntimeWarning: All-NaN slice encountered
  return func(x, start, end, min_periods, *numba_args)
/home1/sku07891/miniconda3/envs/AlphaEval38/lib/python3.8/site-packages/pandas/core/window/rolling.py:655: RuntimeWarning: All-NaN slice encountered
  return func(x, start, end, min_periods, *numba_args)
/gpfs/home1/sku07891/00.hojin/AlphaEval/AlphaSearchBench/alphasearchbench/data/qlib_provider.py:249: RuntimeWarning: overflow encountered in cast
  out = res.astype(np.float32)[s - off:e - off]
/home1/sku07891/miniconda3/envs/AlphaEval38/lib/python3.8/site-packages/pandas/core/window/rolling.py:655: RuntimeWarning: All-NaN slice encountered
  return func(x, start, end, min_periods, *numba_args)
/gpfs/home1/sku07891/00.hojin/AlphaEval/AlphaSearchBench/alphasearchbench/data/qlib_provider.py:249: RuntimeWarning: overflow encountered in cast
  out = res.astype(np.float32)[s - off:e - off]
/home1/sku07891/miniconda3/envs/AlphaEval38/lib/python3.8/site-packages/pandas/core/window/rolling.py:655: RuntimeWarning: All-NaN slice encountered
  return func(x, start, end, min_periods, *numba_args)
/home1/sku07891/miniconda3/envs/AlphaEval38/lib/python3.8/site-packages/pandas/core/window/rolling.py:655: RuntimeWarning: All-NaN slice encountered
  return func(x, start, end, min_periods, *numba_args)
/home1/sku07891/miniconda3/envs/AlphaEval38/lib/python3.8/site-packages/pandas/core/window/rolling.py:655: RuntimeWarning: All-NaN slice encountered
  return func(x, start, end, min_periods, *numba_args)
/home1/sku07891/miniconda3/envs/AlphaEval38/lib/python3.8/site-packages/pandas/core/window/rolling.py:655: RuntimeWarning: All-NaN slice encountered
  return func(x, start, end, min_periods, *numba_args)
/home1/sku07891/miniconda3/envs/AlphaEval38/lib/python3.8/site-packages/pandas/core/window/rolling.py:655: RuntimeWarning: All-NaN slice encountered
  return func(x, start, end, min_periods, *numba_args)
/home1/sku07891/miniconda3/envs/AlphaEval38/lib/python3.8/site-packages/pandas/core/window/rolling.py:655: RuntimeWarning: All-NaN slice encountered
  return func(x, start, end, min_periods, *numba_args)
/home1/sku07891/miniconda3/envs/AlphaEval38/lib/python3.8/site-packages/pandas/core/window/rolling.py:655: RuntimeWarning: All-NaN slice encountered
  return func(x, start, end, min_periods, *numba_args)
/gpfs/home1/sku07891/00.hojin/AlphaEval/AlphaSearchBench/alphasearchbench/data/qlib_provider.py:249: RuntimeWarning: overflow encountered in cast
  out = res.astype(np.float32)[s - off:e - off]
/home1/sku07891/miniconda3/envs/AlphaEval38/lib/python3.8/site-packages/pandas/core/window/rolling.py:655: RuntimeWarning: All-NaN slice encountered
  return func(x, start, end, min_periods, *numba_args)
/home1/sku07891/miniconda3/envs/AlphaEval38/lib/python3.8/site-packages/pandas/core/window/rolling.py:655: RuntimeWarning: All-NaN slice encountered
  return func(x, start, end, min_periods, *numba_args)
/home1/sku07891/miniconda3/envs/AlphaEval38/lib/python3.8/site-packages/pandas/core/window/rolling.py:655: RuntimeWarning: All-NaN slice encountered
  return func(x, start, end, min_periods, *numba_args)
/home1/sku07891/miniconda3/envs/AlphaEval38/lib/python3.8/site-packages/pandas/core/window/rolling.py:655: RuntimeWarning: All-NaN slice encountered
  return func(x, start, end, min_periods, *numba_args)
/home1/sku07891/miniconda3/envs/AlphaEval38/lib/python3.8/site-packages/pandas/core/window/rolling.py:655: RuntimeWarning: All-NaN slice encountered
  return func(x, start, end, min_periods, *numba_args)
/gpfs/home1/sku07891/00.hojin/AlphaEval/AlphaSearchBench/alphasearchbench/data/qlib_provider.py:249: RuntimeWarning: overflow encountered in cast
  out = res.astype(np.float32)[s - off:e - off]
/home1/sku07891/miniconda3/envs/AlphaEval38/lib/python3.8/site-packages/pandas/core/window/rolling.py:655: RuntimeWarning: All-NaN slice encountered
  return func(x, start, end, min_periods, *numba_args)
/home1/sku07891/miniconda3/envs/AlphaEval38/lib/python3.8/site-packages/pandas/core/window/rolling.py:655: RuntimeWarning: All-NaN slice encountered
  return func(x, start, end, min_periods, *numba_args)
/home1/sku07891/miniconda3/envs/AlphaEval38/lib/python3.8/site-packages/pandas/core/window/rolling.py:655: RuntimeWarning: All-NaN slice encountered
  return func(x, start, end, min_periods, *numba_args)
/home1/sku07891/miniconda3/envs/AlphaEval38/lib/python3.8/site-packages/pandas/core/window/rolling.py:655: RuntimeWarning: All-NaN slice encountered
  return func(x, start, end, min_periods, *numba_args)
/home1/sku07891/miniconda3/envs/AlphaEval38/lib/python3.8/site-packages/pandas/core/window/rolling.py:655: RuntimeWarning: All-NaN slice encountered
  return func(x, start, end, min_periods, *numba_args)
/home1/sku07891/miniconda3/envs/AlphaEval38/lib/python3.8/site-packages/pandas/core/window/rolling.py:655: RuntimeWarning: All-NaN slice encountered
  return func(x, start, end, min_periods, *numba_args)
/home1/sku07891/miniconda3/envs/AlphaEval38/lib/python3.8/site-packages/pandas/core/window/rolling.py:655: RuntimeWarning: All-NaN slice encountered
  return func(x, start, end, min_periods, *numba_args)
/gpfs/home1/sku07891/00.hojin/AlphaEval/AlphaSearchBench/alphasearchbench/data/qlib_provider.py:249: RuntimeWarning: overflow encountered in cast
  out = res.astype(np.float32)[s - off:e - off]
/home1/sku07891/miniconda3/envs/AlphaEval38/lib/python3.8/site-packages/pandas/core/window/rolling.py:655: RuntimeWarning: All-NaN slice encountered
  return func(x, start, end, min_periods, *numba_args)
/home1/sku07891/miniconda3/envs/AlphaEval38/lib/python3.8/site-packages/pandas/core/window/rolling.py:655: RuntimeWarning: All-NaN slice encountered
  return func(x, start, end, min_periods, *numba_args)
/home1/sku07891/miniconda3/envs/AlphaEval38/lib/python3.8/site-packages/pandas/core/window/rolling.py:655: RuntimeWarning: All-NaN slice encountered
  return func(x, start, end, min_periods, *numba_args)
/home1/sku07891/miniconda3/envs/AlphaEval38/lib/python3.8/site-packages/pandas/core/window/rolling.py:655: RuntimeWarning: All-NaN slice encountered
  return func(x, start, end, min_periods, *numba_args)
/home1/sku07891/miniconda3/envs/AlphaEval38/lib/python3.8/site-packages/pandas/core/window/rolling.py:655: RuntimeWarning: All-NaN slice encountered
  return func(x, start, end, min_periods, *numba_args)
/home1/sku07891/miniconda3/envs/AlphaEval38/lib/python3.8/site-packages/pandas/core/window/rolling.py:655: RuntimeWarning: All-NaN slice encountered
  return func(x, start, end, min_periods, *numba_args)
/home1/sku07891/miniconda3/envs/AlphaEval38/lib/python3.8/site-packages/pandas/core/window/rolling.py:655: RuntimeWarning: All-NaN slice encountered
  return func(x, start, end, min_periods, *numba_args)
/home1/sku07891/miniconda3/envs/AlphaEval38/lib/python3.8/site-packages/pandas/core/window/rolling.py:655: RuntimeWarning: All-NaN slice encountered
  return func(x, start, end, min_periods, *numba_args)
/home1/sku07891/miniconda3/envs/AlphaEval38/lib/python3.8/site-packages/pandas/core/window/rolling.py:655: RuntimeWarning: All-NaN slice encountered
  return func(x, start, end, min_periods, *numba_args)
/home1/sku07891/miniconda3/envs/AlphaEval38/lib/python3.8/site-packages/pandas/core/window/rolling.py:655: RuntimeWarning: All-NaN slice encountered
  return func(x, start, end, min_periods, *numba_args)
/home1/sku07891/miniconda3/envs/AlphaEval38/lib/python3.8/site-packages/pandas/core/window/rolling.py:655: RuntimeWarning: All-NaN slice encountered
  return func(x, start, end, min_periods, *numba_args)
/home1/sku07891/miniconda3/envs/AlphaEval38/lib/python3.8/site-packages/pandas/core/window/rolling.py:655: RuntimeWarning: All-NaN slice encountered
  return func(x, start, end, min_periods, *numba_args)
/gpfs/home1/sku07891/00.hojin/AlphaEval/AlphaSearchBench/alphasearchbench/data/qlib_provider.py:249: RuntimeWarning: overflow encountered in cast
  out = res.astype(np.float32)[s - off:e - off]
/home1/sku07891/miniconda3/envs/AlphaEval38/lib/python3.8/site-packages/pandas/core/window/rolling.py:655: RuntimeWarning: All-NaN slice encountered
  return func(x, start, end, min_periods, *numba_args)
/home1/sku07891/miniconda3/envs/AlphaEval38/lib/python3.8/site-packages/pandas/core/window/rolling.py:655: RuntimeWarning: All-NaN slice encountered
  return func(x, start, end, min_periods, *numba_args)
/home1/sku07891/miniconda3/envs/AlphaEval38/lib/python3.8/site-packages/pandas/core/window/rolling.py:655: RuntimeWarning: All-NaN slice encountered
  return func(x, start, end, min_periods, *numba_args)
/home1/sku07891/miniconda3/envs/AlphaEval38/lib/python3.8/site-packages/pandas/core/window/rolling.py:655: RuntimeWarning: All-NaN slice encountered
  return func(x, start, end, min_periods, *numba_args)
/home1/sku07891/miniconda3/envs/AlphaEval38/lib/python3.8/site-packages/pandas/core/window/rolling.py:655: RuntimeWarning: All-NaN slice encountered
  return func(x, start, end, min_periods, *numba_args)
/home1/sku07891/miniconda3/envs/AlphaEval38/lib/python3.8/site-packages/pandas/core/window/rolling.py:655: RuntimeWarning: All-NaN slice encountered
  return func(x, start, end, min_periods, *numba_args)
/home1/sku07891/miniconda3/envs/AlphaEval38/lib/python3.8/site-packages/pandas/core/window/rolling.py:655: RuntimeWarning: All-NaN slice encountered
  return func(x, start, end, min_periods, *numba_args)
/home1/sku07891/miniconda3/envs/AlphaEval38/lib/python3.8/site-packages/pandas/core/window/rolling.py:655: RuntimeWarning: All-NaN slice encountered
  return func(x, start, end, min_periods, *numba_args)
/gpfs/home1/sku07891/00.hojin/AlphaEval/AlphaSearchBench/alphasearchbench/data/qlib_provider.py:249: RuntimeWarning: overflow encountered in cast
  out = res.astype(np.float32)[s - off:e - off]
/home1/sku07891/miniconda3/envs/AlphaEval38/lib/python3.8/site-packages/pandas/core/window/rolling.py:655: RuntimeWarning: All-NaN slice encountered
  return func(x, start, end, min_periods, *numba_args)
/home1/sku07891/miniconda3/envs/AlphaEval38/lib/python3.8/site-packages/pandas/core/window/rolling.py:655: RuntimeWarning: All-NaN slice encountered
  return func(x, start, end, min_periods, *numba_args)
/home1/sku07891/miniconda3/envs/AlphaEval38/lib/python3.8/site-packages/pandas/core/window/rolling.py:655: RuntimeWarning: All-NaN slice encountered
  return func(x, start, end, min_periods, *numba_args)
/home1/sku07891/miniconda3/envs/AlphaEval38/lib/python3.8/site-packages/pandas/core/window/rolling.py:655: RuntimeWarning: All-NaN slice encountered
  return func(x, start, end, min_periods, *numba_args)
/home1/sku07891/miniconda3/envs/AlphaEval38/lib/python3.8/site-packages/pandas/core/window/rolling.py:655: RuntimeWarning: All-NaN slice encountered
  return func(x, start, end, min_periods, *numba_args)
/home1/sku07891/miniconda3/envs/AlphaEval38/lib/python3.8/site-packages/pandas/core/window/rolling.py:655: RuntimeWarning: All-NaN slice encountered
  return func(x, start, end, min_periods, *numba_args)
/gpfs/home1/sku07891/00.hojin/AlphaEval/AlphaSearchBench/alphasearchbench/data/qlib_provider.py:249: RuntimeWarning: overflow encountered in cast
  out = res.astype(np.float32)[s - off:e - off]
/home1/sku07891/miniconda3/envs/AlphaEval38/lib/python3.8/site-packages/pandas/core/window/rolling.py:655: RuntimeWarning: All-NaN slice encountered
  return func(x, start, end, min_periods, *numba_args)
/gpfs/home1/sku07891/00.hojin/AlphaEval/AlphaSearchBench/alphasearchbench/data/qlib_provider.py:249: RuntimeWarning: overflow encountered in cast
  out = res.astype(np.float32)[s - off:e - off]
/home1/sku07891/miniconda3/envs/AlphaEval38/lib/python3.8/site-packages/pandas/core/window/rolling.py:655: RuntimeWarning: All-NaN slice encountered
  return func(x, start, end, min_periods, *numba_args)
/home1/sku07891/miniconda3/envs/AlphaEval38/lib/python3.8/site-packages/pandas/core/window/rolling.py:655: RuntimeWarning: All-NaN slice encountered
  return func(x, start, end, min_periods, *numba_args)
/home1/sku07891/miniconda3/envs/AlphaEval38/lib/python3.8/site-packages/pandas/core/window/rolling.py:655: RuntimeWarning: All-NaN slice encountered
  return func(x, start, end, min_periods, *numba_args)
/home1/sku07891/miniconda3/envs/AlphaEval38/lib/python3.8/site-packages/pandas/core/window/rolling.py:655: RuntimeWarning: All-NaN slice encountered
  return func(x, start, end, min_periods, *numba_args)
/gpfs/home1/sku07891/00.hojin/AlphaEval/AlphaSearchBench/alphasearchbench/data/qlib_provider.py:249: RuntimeWarning: overflow encountered in cast
  out = res.astype(np.float32)[s - off:e - off]
/gpfs/home1/sku07891/00.hojin/AlphaEval/AlphaSearchBench/alphasearchbench/data/qlib_provider.py:249: RuntimeWarning: overflow encountered in cast
  out = res.astype(np.float32)[s - off:e - off]
/home1/sku07891/miniconda3/envs/AlphaEval38/lib/python3.8/site-packages/pandas/core/window/rolling.py:655: RuntimeWarning: All-NaN slice encountered
  return func(x, start, end, min_periods, *numba_args)
/home1/sku07891/miniconda3/envs/AlphaEval38/lib/python3.8/site-packages/pandas/core/window/rolling.py:655: RuntimeWarning: All-NaN slice encountered
  return func(x, start, end, min_periods, *numba_args)
/home1/sku07891/miniconda3/envs/AlphaEval38/lib/python3.8/site-packages/pandas/core/window/rolling.py:655: RuntimeWarning: All-NaN slice encountered
  return func(x, start, end, min_periods, *numba_args)
/home1/sku07891/miniconda3/envs/AlphaEval38/lib/python3.8/site-packages/pandas/core/window/rolling.py:655: RuntimeWarning: All-NaN slice encountered
  return func(x, start, end, min_periods, *numba_args)
/home1/sku07891/miniconda3/envs/AlphaEval38/lib/python3.8/site-packages/pandas/core/window/rolling.py:655: RuntimeWarning: All-NaN slice encountered
  return func(x, start, end, min_periods, *numba_args)
/gpfs/home1/sku07891/00.hojin/AlphaEval/AlphaSearchBench/alphasearchbench/data/qlib_provider.py:249: RuntimeWarning: overflow encountered in cast
  out = res.astype(np.float32)[s - off:e - off]
/home1/sku07891/miniconda3/envs/AlphaEval38/lib/python3.8/site-packages/pandas/core/window/rolling.py:655: RuntimeWarning: All-NaN slice encountered
  return func(x, start, end, min_periods, *numba_args)
/home1/sku07891/miniconda3/envs/AlphaEval38/lib/python3.8/site-packages/pandas/core/window/rolling.py:655: RuntimeWarning: All-NaN slice encountered
  return func(x, start, end, min_periods, *numba_args)
/home1/sku07891/miniconda3/envs/AlphaEval38/lib/python3.8/site-packages/pandas/core/window/rolling.py:655: RuntimeWarning: All-NaN slice encountered
  return func(x, start, end, min_periods, *numba_args)
/home1/sku07891/miniconda3/envs/AlphaEval38/lib/python3.8/site-packages/pandas/core/window/rolling.py:655: RuntimeWarning: All-NaN slice encountered
  return func(x, start, end, min_periods, *numba_args)
/home1/sku07891/miniconda3/envs/AlphaEval38/lib/python3.8/site-packages/pandas/core/window/rolling.py:655: RuntimeWarning: All-NaN slice encountered
  return func(x, start, end, min_periods, *numba_args)
/home1/sku07891/miniconda3/envs/AlphaEval38/lib/python3.8/site-packages/pandas/core/window/rolling.py:655: RuntimeWarning: All-NaN slice encountered
  return func(x, start, end, min_periods, *numba_args)
/gpfs/home1/sku07891/00.hojin/AlphaEval/AlphaSearchBench/alphasearchbench/data/qlib_provider.py:249: RuntimeWarning: overflow encountered in cast
  out = res.astype(np.float32)[s - off:e - off]
/home1/sku07891/miniconda3/envs/AlphaEval38/lib/python3.8/site-packages/pandas/core/window/rolling.py:655: RuntimeWarning: All-NaN slice encountered
  return func(x, start, end, min_periods, *numba_args)
/home1/sku07891/miniconda3/envs/AlphaEval38/lib/python3.8/site-packages/pandas/core/window/rolling.py:655: RuntimeWarning: All-NaN slice encountered
  return func(x, start, end, min_periods, *numba_args)
/home1/sku07891/miniconda3/envs/AlphaEval38/lib/python3.8/site-packages/pandas/core/window/rolling.py:655: RuntimeWarning: All-NaN slice encountered
  return func(x, start, end, min_periods, *numba_args)
/home1/sku07891/miniconda3/envs/AlphaEval38/lib/python3.8/site-packages/pandas/core/window/rolling.py:655: RuntimeWarning: All-NaN slice encountered
  return func(x, start, end, min_periods, *numba_args)
/home1/sku07891/miniconda3/envs/AlphaEval38/lib/python3.8/site-packages/pandas/core/window/rolling.py:655: RuntimeWarning: All-NaN slice encountered
  return func(x, start, end, min_periods, *numba_args)
/home1/sku07891/miniconda3/envs/AlphaEval38/lib/python3.8/site-packages/pandas/core/window/rolling.py:655: RuntimeWarning: All-NaN slice encountered
  return func(x, start, end, min_periods, *numba_args)
/home1/sku07891/miniconda3/envs/AlphaEval38/lib/python3.8/site-packages/pandas/core/window/rolling.py:655: RuntimeWarning: All-NaN slice encountered
  return func(x, start, end, min_periods, *numba_args)
/home1/sku07891/miniconda3/envs/AlphaEval38/lib/python3.8/site-packages/pandas/core/window/rolling.py:655: RuntimeWarning: All-NaN slice encountered
  return func(x, start, end, min_periods, *numba_args)
/gpfs/home1/sku07891/00.hojin/AlphaEval/AlphaSearchBench/alphasearchbench/data/qlib_provider.py:249: RuntimeWarning: overflow encountered in cast
  out = res.astype(np.float32)[s - off:e - off]
/gpfs/home1/sku07891/00.hojin/AlphaEval/AlphaSearchBench/alphasearchbench/data/qlib_provider.py:249: RuntimeWarning: overflow encountered in cast
  out = res.astype(np.float32)[s - off:e - off]
/home1/sku07891/miniconda3/envs/AlphaEval38/lib/python3.8/site-packages/pandas/core/window/rolling.py:655: RuntimeWarning: All-NaN slice encountered
  return func(x, start, end, min_periods, *numba_args)
/home1/sku07891/miniconda3/envs/AlphaEval38/lib/python3.8/site-packages/pandas/core/window/rolling.py:655: RuntimeWarning: All-NaN slice encountered
  return func(x, start, end, min_periods, *numba_args)
/home1/sku07891/miniconda3/envs/AlphaEval38/lib/python3.8/site-packages/pandas/core/window/rolling.py:655: RuntimeWarning: All-NaN slice encountered
  return func(x, start, end, min_periods, *numba_args)
/home1/sku07891/miniconda3/envs/AlphaEval38/lib/python3.8/site-packages/pandas/core/window/rolling.py:655: RuntimeWarning: All-NaN slice encountered
  return func(x, start, end, min_periods, *numba_args)
/home1/sku07891/miniconda3/envs/AlphaEval38/lib/python3.8/site-packages/pandas/core/window/rolling.py:655: RuntimeWarning: All-NaN slice encountered
  return func(x, start, end, min_periods, *numba_args)
/home1/sku07891/miniconda3/envs/AlphaEval38/lib/python3.8/site-packages/pandas/core/window/rolling.py:655: RuntimeWarning: All-NaN slice encountered
  return func(x, start, end, min_periods, *numba_args)
/home1/sku07891/miniconda3/envs/AlphaEval38/lib/python3.8/site-packages/pandas/core/window/rolling.py:655: RuntimeWarning: All-NaN slice encountered
  return func(x, start, end, min_periods, *numba_args)
/home1/sku07891/miniconda3/envs/AlphaEval38/lib/python3.8/site-packages/pandas/core/window/rolling.py:655: RuntimeWarning: All-NaN slice encountered
  return func(x, start, end, min_periods, *numba_args)
/home1/sku07891/miniconda3/envs/AlphaEval38/lib/python3.8/site-packages/pandas/core/window/rolling.py:655: RuntimeWarning: All-NaN slice encountered
  return func(x, start, end, min_periods, *numba_args)
/home1/sku07891/miniconda3/envs/AlphaEval38/lib/python3.8/site-packages/pandas/core/window/rolling.py:655: RuntimeWarning: All-NaN slice encountered
  return func(x, start, end, min_periods, *numba_args)
/home1/sku07891/miniconda3/envs/AlphaEval38/lib/python3.8/site-packages/pandas/core/window/rolling.py:655: RuntimeWarning: All-NaN slice encountered
  return func(x, start, end, min_periods, *numba_args)
/home1/sku07891/miniconda3/envs/AlphaEval38/lib/python3.8/site-packages/pandas/core/window/rolling.py:655: RuntimeWarning: All-NaN slice encountered
  return func(x, start, end, min_periods, *numba_args)
/home1/sku07891/miniconda3/envs/AlphaEval38/lib/python3.8/site-packages/pandas/core/window/rolling.py:655: RuntimeWarning: All-NaN slice encountered
  return func(x, start, end, min_periods, *numba_args)
/home1/sku07891/miniconda3/envs/AlphaEval38/lib/python3.8/site-packages/pandas/core/window/rolling.py:655: RuntimeWarning: All-NaN slice encountered
  return func(x, start, end, min_periods, *numba_args)
/home1/sku07891/miniconda3/envs/AlphaEval38/lib/python3.8/site-packages/pandas/core/window/rolling.py:655: RuntimeWarning: All-NaN slice encountered
  return func(x, start, end, min_periods, *numba_args)
/gpfs/home1/sku07891/00.hojin/AlphaEval/AlphaSearchBench/alphasearchbench/data/qlib_provider.py:249: RuntimeWarning: overflow encountered in cast
  out = res.astype(np.float32)[s - off:e - off]
/gpfs/home1/sku07891/00.hojin/AlphaEval/AlphaSearchBench/alphasearchbench/data/qlib_provider.py:249: RuntimeWarning: overflow encountered in cast
  out = res.astype(np.float32)[s - off:e - off]
/home1/sku07891/miniconda3/envs/AlphaEval38/lib/python3.8/site-packages/pandas/core/window/rolling.py:655: RuntimeWarning: All-NaN slice encountered
  return func(x, start, end, min_periods, *numba_args)
/gpfs/home1/sku07891/00.hojin/AlphaEval/AlphaSearchBench/alphasearchbench/data/qlib_provider.py:249: RuntimeWarning: overflow encountered in cast
  out = res.astype(np.float32)[s - off:e - off]
/gpfs/home1/sku07891/00.hojin/AlphaEval/AlphaSearchBench/alphasearchbench/data/qlib_provider.py:249: RuntimeWarning: overflow encountered in cast
  out = res.astype(np.float32)[s - off:e - off]
/gpfs/home1/sku07891/00.hojin/AlphaEval/AlphaSearchBench/alphasearchbench/data/qlib_provider.py:249: RuntimeWarning: overflow encountered in cast
  out = res.astype(np.float32)[s - off:e - off]
/gpfs/home1/sku07891/00.hojin/AlphaEval/AlphaSearchBench/alphasearchbench/data/qlib_provider.py:249: RuntimeWarning: overflow encountered in cast
  out = res.astype(np.float32)[s - off:e - off]
/gpfs/home1/sku07891/00.hojin/AlphaEval/AlphaSearchBench/alphasearchbench/data/qlib_provider.py:249: RuntimeWarning: overflow encountered in cast
  out = res.astype(np.float32)[s - off:e - off]
/gpfs/home1/sku07891/00.hojin/AlphaEval/AlphaSearchBench/alphasearchbench/data/qlib_provider.py:249: RuntimeWarning: overflow encountered in cast
  out = res.astype(np.float32)[s - off:e - off]
/gpfs/home1/sku07891/00.hojin/AlphaEval/AlphaSearchBench/alphasearchbench/data/qlib_provider.py:249: RuntimeWarning: overflow encountered in cast
  out = res.astype(np.float32)[s - off:e - off]
/gpfs/home1/sku07891/00.hojin/AlphaEval/AlphaSearchBench/alphasearchbench/data/qlib_provider.py:249: RuntimeWarning: overflow encountered in cast
  out = res.astype(np.float32)[s - off:e - off]
/gpfs/home1/sku07891/00.hojin/AlphaEval/AlphaSearchBench/alphasearchbench/data/qlib_provider.py:249: RuntimeWarning: overflow encountered in cast
  out = res.astype(np.float32)[s - off:e - off]
/gpfs/home1/sku07891/00.hojin/AlphaEval/AlphaSearchBench/alphasearchbench/data/qlib_provider.py:249: RuntimeWarning: overflow encountered in cast
  out = res.astype(np.float32)[s - off:e - off]
/gpfs/home1/sku07891/00.hojin/AlphaEval/AlphaSearchBench/alphasearchbench/data/qlib_provider.py:249: RuntimeWarning: overflow encountered in cast
  out = res.astype(np.float32)[s - off:e - off]
/gpfs/home1/sku07891/00.hojin/AlphaEval/AlphaSearchBench/alphasearchbench/data/qlib_provider.py:249: RuntimeWarning: overflow encountered in cast
  out = res.astype(np.float32)[s - off:e - off]
/gpfs/home1/sku07891/00.hojin/AlphaEval/AlphaSearchBench/alphasearchbench/data/qlib_provider.py:249: RuntimeWarning: overflow encountered in cast
  out = res.astype(np.float32)[s - off:e - off]
/gpfs/home1/sku07891/00.hojin/AlphaEval/AlphaSearchBench/alphasearchbench/data/qlib_provider.py:249: RuntimeWarning: overflow encountered in cast
  out = res.astype(np.float32)[s - off:e - off]
/gpfs/home1/sku07891/00.hojin/AlphaEval/AlphaSearchBench/alphasearchbench/data/qlib_provider.py:249: RuntimeWarning: overflow encountered in cast
  out = res.astype(np.float32)[s - off:e - off]
/gpfs/home1/sku07891/00.hojin/AlphaEval/AlphaSearchBench/alphasearchbench/data/qlib_provider.py:249: RuntimeWarning: overflow encountered in cast
  out = res.astype(np.float32)[s - off:e - off]
/gpfs/home1/sku07891/00.hojin/AlphaEval/AlphaSearchBench/alphasearchbench/data/qlib_provider.py:249: RuntimeWarning: overflow encountered in cast
  out = res.astype(np.float32)[s - off:e - off]
/gpfs/home1/sku07891/00.hojin/AlphaEval/AlphaSearchBench/alphasearchbench/data/qlib_provider.py:249: RuntimeWarning: overflow encountered in cast
  out = res.astype(np.float32)[s - off:e - off]
/gpfs/home1/sku07891/00.hojin/AlphaEval/AlphaSearchBench/alphasearchbench/data/qlib_provider.py:249: RuntimeWarning: overflow encountered in cast
  out = res.astype(np.float32)[s - off:e - off]
/home1/sku07891/miniconda3/envs/AlphaEval38/lib/python3.8/site-packages/pandas/core/window/rolling.py:655: RuntimeWarning: All-NaN slice encountered
  return func(x, start, end, min_periods, *numba_args)
/gpfs/home1/sku07891/00.hojin/AlphaEval/AlphaSearchBench/alphasearchbench/data/qlib_provider.py:249: RuntimeWarning: overflow encountered in cast
  out = res.astype(np.float32)[s - off:e - off]
/gpfs/home1/sku07891/00.hojin/AlphaEval/AlphaSearchBench/alphasearchbench/data/qlib_provider.py:249: RuntimeWarning: overflow encountered in cast
  out = res.astype(np.float32)[s - off:e - off]
/gpfs/home1/sku07891/00.hojin/AlphaEval/AlphaSearchBench/alphasearchbench/data/qlib_provider.py:249: RuntimeWarning: overflow encountered in cast
  out = res.astype(np.float32)[s - off:e - off]
/home1/sku07891/miniconda3/envs/AlphaEval38/lib/python3.8/site-packages/pandas/core/window/rolling.py:655: RuntimeWarning: All-NaN slice encountered
  return func(x, start, end, min_periods, *numba_args)
/gpfs/home1/sku07891/00.hojin/AlphaEval/AlphaSearchBench/alphasearchbench/data/qlib_provider.py:249: RuntimeWarning: overflow encountered in cast
  out = res.astype(np.float32)[s - off:e - off]
/gpfs/home1/sku07891/00.hojin/AlphaEval/AlphaSearchBench/alphasearchbench/data/qlib_provider.py:249: RuntimeWarning: overflow encountered in cast
  out = res.astype(np.float32)[s - off:e - off]
/gpfs/home1/sku07891/00.hojin/AlphaEval/AlphaSearchBench/alphasearchbench/data/qlib_provider.py:249: RuntimeWarning: overflow encountered in cast
  out = res.astype(np.float32)[s - off:e - off]
/gpfs/home1/sku07891/00.hojin/AlphaEval/AlphaSearchBench/alphasearchbench/data/qlib_provider.py:249: RuntimeWarning: overflow encountered in cast
  out = res.astype(np.float32)[s - off:e - off]
/gpfs/home1/sku07891/00.hojin/AlphaEval/AlphaSearchBench/alphasearchbench/data/qlib_provider.py:249: RuntimeWarning: overflow encountered in cast
  out = res.astype(np.float32)[s - off:e - off]
/gpfs/home1/sku07891/00.hojin/AlphaEval/AlphaSearchBench/alphasearchbench/data/qlib_provider.py:249: RuntimeWarning: overflow encountered in cast
  out = res.astype(np.float32)[s - off:e - off]
/gpfs/home1/sku07891/00.hojin/AlphaEval/AlphaSearchBench/alphasearchbench/data/qlib_provider.py:249: RuntimeWarning: overflow encountered in cast
  out = res.astype(np.float32)[s - off:e - off]
/gpfs/home1/sku07891/00.hojin/AlphaEval/AlphaSearchBench/alphasearchbench/data/qlib_provider.py:249: RuntimeWarning: overflow encountered in cast
  out = res.astype(np.float32)[s - off:e - off]
/gpfs/home1/sku07891/00.hojin/AlphaEval/AlphaSearchBench/alphasearchbench/data/qlib_provider.py:249: RuntimeWarning: overflow encountered in cast
  out = res.astype(np.float32)[s - off:e - off]
/gpfs/home1/sku07891/00.hojin/AlphaEval/AlphaSearchBench/alphasearchbench/data/qlib_provider.py:249: RuntimeWarning: overflow encountered in cast
  out = res.astype(np.float32)[s - off:e - off]
/gpfs/home1/sku07891/00.hojin/AlphaEval/AlphaSearchBench/alphasearchbench/data/qlib_provider.py:249: RuntimeWarning: overflow encountered in cast
  out = res.astype(np.float32)[s - off:e - off]
/gpfs/home1/sku07891/00.hojin/AlphaEval/AlphaSearchBench/alphasearchbench/data/qlib_provider.py:249: RuntimeWarning: overflow encountered in cast
  out = res.astype(np.float32)[s - off:e - off]
/home1/sku07891/miniconda3/envs/AlphaEval38/lib/python3.8/site-packages/pandas/core/window/rolling.py:655: RuntimeWarning: All-NaN slice encountered
  return func(x, start, end, min_periods, *numba_args)
/gpfs/home1/sku07891/00.hojin/AlphaEval/AlphaSearchBench/alphasearchbench/data/qlib_provider.py:249: RuntimeWarning: overflow encountered in cast
  out = res.astype(np.float32)[s - off:e - off]
/gpfs/home1/sku07891/00.hojin/AlphaEval/AlphaSearchBench/alphasearchbench/data/qlib_provider.py:249: RuntimeWarning: overflow encountered in cast
  out = res.astype(np.float32)[s - off:e - off]
/gpfs/home1/sku07891/00.hojin/AlphaEval/AlphaSearchBench/alphasearchbench/data/qlib_provider.py:249: RuntimeWarning: overflow encountered in cast
  out = res.astype(np.float32)[s - off:e - off]
/gpfs/home1/sku07891/00.hojin/AlphaEval/AlphaSearchBench/alphasearchbench/data/qlib_provider.py:249: RuntimeWarning: overflow encountered in cast
  out = res.astype(np.float32)[s - off:e - off]
/gpfs/home1/sku07891/00.hojin/AlphaEval/AlphaSearchBench/alphasearchbench/data/qlib_provider.py:249: RuntimeWarning: overflow encountered in cast
  out = res.astype(np.float32)[s - off:e - off]
/gpfs/home1/sku07891/00.hojin/AlphaEval/AlphaSearchBench/alphasearchbench/data/qlib_provider.py:249: RuntimeWarning: overflow encountered in cast
  out = res.astype(np.float32)[s - off:e - off]
/gpfs/home1/sku07891/00.hojin/AlphaEval/AlphaSearchBench/alphasearchbench/data/qlib_provider.py:249: RuntimeWarning: overflow encountered in cast
  out = res.astype(np.float32)[s - off:e - off]
/gpfs/home1/sku07891/00.hojin/AlphaEval/AlphaSearchBench/alphasearchbench/data/qlib_provider.py:249: RuntimeWarning: overflow encountered in cast
  out = res.astype(np.float32)[s - off:e - off]
/gpfs/home1/sku07891/00.hojin/AlphaEval/AlphaSearchBench/alphasearchbench/data/qlib_provider.py:249: RuntimeWarning: overflow encountered in cast
  out = res.astype(np.float32)[s - off:e - off]
/gpfs/home1/sku07891/00.hojin/AlphaEval/AlphaSearchBench/alphasearchbench/data/qlib_provider.py:249: RuntimeWarning: overflow encountered in cast
  out = res.astype(np.float32)[s - off:e - off]
/home1/sku07891/miniconda3/envs/AlphaEval38/lib/python3.8/site-packages/pandas/core/window/rolling.py:655: RuntimeWarning: All-NaN slice encountered
  return func(x, start, end, min_periods, *numba_args)
/gpfs/home1/sku07891/00.hojin/AlphaEval/AlphaSearchBench/alphasearchbench/data/qlib_provider.py:249: RuntimeWarning: overflow encountered in cast
  out = res.astype(np.float32)[s - off:e - off]
/gpfs/home1/sku07891/00.hojin/AlphaEval/AlphaSearchBench/alphasearchbench/data/qlib_provider.py:249: RuntimeWarning: overflow encountered in cast
  out = res.astype(np.float32)[s - off:e - off]
/gpfs/home1/sku07891/00.hojin/AlphaEval/AlphaSearchBench/alphasearchbench/data/qlib_provider.py:249: RuntimeWarning: overflow encountered in cast
  out = res.astype(np.float32)[s - off:e - off]
/gpfs/home1/sku07891/00.hojin/AlphaEval/AlphaSearchBench/alphasearchbench/data/qlib_provider.py:249: RuntimeWarning: overflow encountered in cast
  out = res.astype(np.float32)[s - off:e - off]
/gpfs/home1/sku07891/00.hojin/AlphaEval/AlphaSearchBench/alphasearchbench/data/qlib_provider.py:249: RuntimeWarning: overflow encountered in cast
  out = res.astype(np.float32)[s - off:e - off]
/gpfs/home1/sku07891/00.hojin/AlphaEval/AlphaSearchBench/alphasearchbench/data/qlib_provider.py:249: RuntimeWarning: overflow encountered in cast
  out = res.astype(np.float32)[s - off:e - off]
/gpfs/home1/sku07891/00.hojin/AlphaEval/AlphaSearchBench/alphasearchbench/data/qlib_provider.py:249: RuntimeWarning: overflow encountered in cast
  out = res.astype(np.float32)[s - off:e - off]
/gpfs/home1/sku07891/00.hojin/AlphaEval/AlphaSearchBench/alphasearchbench/data/qlib_provider.py:249: RuntimeWarning: overflow encountered in cast
  out = res.astype(np.float32)[s - off:e - off]
/gpfs/home1/sku07891/00.hojin/AlphaEval/AlphaSearchBench/alphasearchbench/data/qlib_provider.py:249: RuntimeWarning: overflow encountered in cast
  out = res.astype(np.float32)[s - off:e - off]
/gpfs/home1/sku07891/00.hojin/AlphaEval/AlphaSearchBench/alphasearchbench/data/qlib_provider.py:249: RuntimeWarning: overflow encountered in cast
  out = res.astype(np.float32)[s - off:e - off]
/gpfs/home1/sku07891/00.hojin/AlphaEval/AlphaSearchBench/alphasearchbench/data/qlib_provider.py:249: RuntimeWarning: overflow encountered in cast
  out = res.astype(np.float32)[s - off:e - off]
/gpfs/home1/sku07891/00.hojin/AlphaEval/AlphaSearchBench/alphasearchbench/data/qlib_provider.py:249: RuntimeWarning: overflow encountered in cast
  out = res.astype(np.float32)[s - off:e - off]
/gpfs/home1/sku07891/00.hojin/AlphaEval/AlphaSearchBench/alphasearchbench/data/qlib_provider.py:249: RuntimeWarning: overflow encountered in cast
  out = res.astype(np.float32)[s - off:e - off]
/gpfs/home1/sku07891/00.hojin/AlphaEval/AlphaSearchBench/alphasearchbench/data/qlib_provider.py:249: RuntimeWarning: overflow encountered in cast
  out = res.astype(np.float32)[s - off:e - off]
/gpfs/home1/sku07891/00.hojin/AlphaEval/AlphaSearchBench/alphasearchbench/data/qlib_provider.py:249: RuntimeWarning: overflow encountered in cast
  out = res.astype(np.float32)[s - off:e - off]
/gpfs/home1/sku07891/00.hojin/AlphaEval/AlphaSearchBench/alphasearchbench/data/qlib_provider.py:249: RuntimeWarning: overflow encountered in cast
  out = res.astype(np.float32)[s - off:e - off]
/gpfs/home1/sku07891/00.hojin/AlphaEval/AlphaSearchBench/alphasearchbench/data/qlib_provider.py:249: RuntimeWarning: overflow encountered in cast
  out = res.astype(np.float32)[s - off:e - off]
/gpfs/home1/sku07891/00.hojin/AlphaEval/AlphaSearchBench/alphasearchbench/data/qlib_provider.py:249: RuntimeWarning: overflow encountered in cast
  out = res.astype(np.float32)[s - off:e - off]
/gpfs/home1/sku07891/00.hojin/AlphaEval/AlphaSearchBench/alphasearchbench/data/qlib_provider.py:249: RuntimeWarning: overflow encountered in cast
  out = res.astype(np.float32)[s - off:e - off]
/gpfs/home1/sku07891/00.hojin/AlphaEval/AlphaSearchBench/alphasearchbench/data/qlib_provider.py:249: RuntimeWarning: overflow encountered in cast
  out = res.astype(np.float32)[s - off:e - off]
Generation 0 starts.
final:  [0.056087939223938156, -0.07303378081464328, 0.001749840001978268, -0.004471944534426079, 5.3016121661689995e-05, -8.823723700807014e-05, 0.011844944810605093, 0.04930897984209081, 0.03656739182759286, 0.15476193733739213, -0.0069775018962759, -1000000.0, 0.019301613751219537, -0.03494053455995416, -0.10198704213596625, -0.11482048012765607, -0.03874296834306547, 0.017330155603616525, -0.0009239944456983117, -0.00046395909119333474, 0.02847309556184549, -0.2225657664348818, -1000000.0, -0.12512344094900482, -0.24693692770961384, 0.02854678282863226, -0.035682368986480216, -0.14912251287073372, 0.015263873615908204, -1000000.0, -0.031235611519746617, -1000000.0, -1000000.0, 0.19622569464627335, 0.01846846802149509, -0.0315556563050921, -0.003311587810429336, -0.14062717616110829, -0.033339145054323206, -0.01913530404445813, 0.07154804671390458, -0.025630066412926998, -0.012070229215065098, -0.08191526674897502, -1000000.0, 0.002429605022720293, -0.07208247379176785, -0.0007138481174349191, -0.16502255728445311, 0.0002894158997011677, 0.02169011137645304, -0.1191352592670822, -0.0024648756105838856, -0.0037348025325237666, 0.015864815405843117, -0.0022400958579335767, -0.03696931821314092, 0.015548537256588947, 0.01195094576849439, -0.05541585170236941, -0.009218436677907494, -0.009544698777970807, -0.12095822827227672, -0.18775422103264824, -1000000.0, -0.21706807882150073, 0.03297560026305401, 0.19798050610561857, 0.06262044899235504, -0.09910341977732745, -0.012982517258388795, 0.14258755949375887, -0.05099529223181992, -0.12281421081743531, 0.14314747849117682, -1000000.0, -0.037833588266094856, -0.000721030197018061, -6.988532036327257e-05, 0.011806173049411096, -1000000.0, 2.6070538204667132e-05, 0.007282241126841421, -0.000721030197018061, -0.014523442296665827, -1000000.0, 0.15625765370272976, -0.01629852126461949, 0.008611917156482577, 0.001156378160784412, -0.015417826282420562, -0.020523423089490733, -0.026081301611050628, 0.017249178145740618, 0.025577158346732347, -0.01267415401473451, -1000000.0, 0.02682112475814557, 0.011676365516043865, -0.002777191158816074, -0.002329872232738373, -0.0016352421394252065, -0.017746334781177354, -1000000.0, -0.26410697180194204, -0.0006051196776158607, -0.026353058620587885, -0.1079402142376075, 0.002738800549556865, -0.035375633765467034, 0.14054190299929376, 0.01471325950545376, -2.2597263050621296e-06, -0.019218488675069756, -0.0347118857354482, 0.03792567886122653, -0.035177396216966264, -2.850562270598883e-05, 0.05609720219786946, 0.0016233309870019768, -0.013212610280938746, -0.03789492909288556, -0.03135697588259387, 0.0018584219338527539, 0.01715133920790119, -1000000.0, -0.017220308266716198, 0.04821584342924405, -0.008796306479000449, -0.01731848694569397, 0.004074216042209064, 0.03206152113893343, -0.03957271019238695, -0.02033123257631329, -0.07840683538991297, -0.0030684344665872438, -1000000.0, -0.06120243553604004, -0.05408769234788995, 0.012043052690216292, -0.002742118495118546, -1000000.0, 0.017593461908287065, 0.017330155603616525, -0.13102891936819014, -0.031230967548524616, -0.02486517037757627, 0.03277805276652531, -0.008938286181757666, 0.14403649358929102, 0.09698124514932492, -0.025630066412926998, 0.0315048404232265, -0.0024408656455537385, -0.11427335998910725, 0.029483143290088987, -0.013806907101189024, 0.0001306181218878219, -0.027827226806238135, -0.06985958081312724, 0.0006130521023809697, 0.0005870692063818922, 0.13232917921966283, -0.04141804543061065, 0.04149835999423772, -0.1358703619268589, 0.0035302857545576743, 0.060807233471742606, -0.008523888336739633, 0.0042654530148339975, 0.016230265523425658, -0.005862733719760573, 0.0146978705567496, 0.02236602567249888, -0.010834225461353514, 0.00013856294001974665, 0.0005385664471022013, 0.028769112382236856, -0.1338392741621788, -0.021564872112193944, -0.01819954579572837, -0.030396386019739992, 0.022813914672566698, -0.0813879644840036, 0.019959213202009524, -0.046652565015020804, -0.022391940731226308, -1000000.0, -0.001654598215048492, -1000000.0, -1000000.0, -0.021104161144305144, -0.0028152476624132873, -0.003596039860029685, -0.018071082217200937, -0.058497607971545726, -0.07566724398274231, -0.010608272553810525, -0.054875385538844905, -0.0535546535427385, 0.02094253941569665, -1000000.0, 0.019627690680238157, -0.0071054481101744905, -0.05012928876107478, 0.01412996079951623, -0.007957589910860036, -0.04974402179668423, -0.001295328130851592, 0.0018431333021228702, -0.05783460548880764, -0.10870962347184729, 0.012987843564039562, -0.035375633765467034, -0.07553334934205214, -0.014623376333984302, 0.002515098527453109, -0.01598075870842903, -0.031259666443635536, -1000000.0, -0.018037170305184574, -0.027263932564637328, -0.026008063670989442, -0.05577948761429279, -1000000.0, 0.00424252117151715, -0.04743684355791165, 0.0009169536145349788, -0.06371819862660172, -0.014469764187226486, 0.004311543794440716, -0.013904097587572413, 0.024041305987133096, -0.1660530689058242, -0.19947810082233874, 0.15404414633732016, -0.014835854258300788, 0.030692423187313373, -0.003532514974231463, -0.01895218512924086, -0.08791913958463181, 0.01844187404294276, -0.0002067423750973529, -0.11612048029967191, -0.14178651353458582, -0.03516774517357763, -0.28922103631605267, -0.06972001656116636, 0.000930893554109723, -0.055270514448601246, 0.03048464980406294, -0.0038845260066699334, 0.0772830231221173, 0.02395945615702846, -1000000.0, -0.021414429758065404, 0.030410025457906983, -0.18066064715204075, 0.0005493510190723344, -0.023823011051161528, -1000000.0, -1000000.0, -0.0015984044748114123, 0.13023396349482752, -0.03402831504110578, -1000000.0, -0.011287831188998903, -1000000.0, 0.006917769308089524, -0.13645609476984766, -0.024018898202283586, 0.1359609900515377, -0.024417173192852637, -1000000.0, 0.14411666788558258, -0.06600019279134177, -0.18865621069133623, -0.36557751937561045, -0.034980638839071654, -0.03789492909288556, 0.1107823295057986, 0.026005104653601948, -0.012031095044156129, 0.14782981410455578, -0.19031511390834763, -0.018037170305184574, 0.09727720837541688, -0.06189393914392244, -0.25475100664870115, -0.23893350983909542, -0.09421388301867072, 0.0036787376643956714, -0.0017936329828186284, 0.002946030697135137, -0.049502410596239894, -0.10353538801075966, -0.13319355096724175, 0.0009841829725677827, 0.04439250675286129, -1000000.0, -1000000.0, -0.010445553597963068, 0.02125962603385061, -1000000.0, -0.0037523788693759833, -0.13898530496184439, -0.10397407801267733, 0.0001298364633688498, 0.09668261616734967, -0.000721030197018061, 0.06372939933869128, 0.030547846581842016, -0.000721030197018061, 0.1962620818690189, -0.13781650418006763, -0.05210844391047466, -0.04844305563159223, -0.0358935650942115, -0.00958099668810887, -0.03149573460943553, 0.14546104409442798, 0.14403649358929102, -0.028748943436783764, -1000000.0, 0.004698853823756119, 0.04451238078921354, -0.01461797399105934, 0.01802407677441589, 0.0076347008678424874, -0.03639015007390579, 0.11082115994218857, 0.1390407113460826, -1000000.0, -0.001107464915917698, -0.003241208217934652, 0.01589759078155006, -0.12573628630991213, -0.0311272480732474, 0.0747861331786887, -0.007993556579149831, 0.01980231839089144, 0.004776826906399041, -0.12130411160815295, -0.04564996351211971, -0.07139148784716104, 0.00039899859291865305, -0.01717464384944307, -0.0075965919504316325, -0.07711608139129517, -0.027193165273930328, -0.060795363082681034, -0.04738557111693403, -0.000508473156524826, 0.0008953877494267011, 0.002287900215124827, -0.002394465940026272, 0.035623359117380286, 0.01827537477966005, 0.15476193733739213, 0.010280200206088243, -0.08045154577726923, -0.007756478205770399, -0.09102236752232934, -0.0798151650533586, 0.028610594410804168, 0.09859602836298285, 0.024996653852681374, 3.9705649660384564e-05, 0.023516712591883267, -0.06701531831619581, -0.0012110105863183515, -0.0026287781084527967, 0.0005114247736394637, -0.014692940549576088, -1000000.0, -4.189509216742284e-05, -0.0014617704162900977, 0.1346081494695529, -0.033894007148085936, -1000000.0, 0.0004210847415378154, -0.015985900875705603, -0.10779309344864033, -0.015713180960821343, -0.014878172282282637, -1000000.0, 0.0012030702526407274, -0.015837844533684458, -0.11882681861654212, -0.10159686757291074, -0.052340566644877996, 0.01802407677441589, -0.05081200050954077, -0.09910985710204834, 0.09058891731903485, -0.0005700782269047852, -0.03296624586618048, -0.15265387994846, 0.014665284940314657, -0.006960551442865336, -0.059823315383170345, -0.01704047512881199, -0.012154229749662999, -0.1619555518240811, 0.014157351938599542, -0.11995902631916508, -0.031259666443635536, 0.015891553971933276, 0.09296532604558592, 0.19622569464627335, -0.18296038762394295, 0.0015770635637435031, 0.11213641332477496, 0.08685998474855332, -0.14487024936316767, 0.0024613734002547345, -0.2225657664348818, -0.010898308864075858, 0.059544629502877706, -0.000721030197018061, -1000000.0, -0.01184566031137188, -0.0318304963835161, -1.912703259258005e-05, -0.03079406538684877, -4.189509216742284e-05, -1000000.0, -0.00033998757131855554, -0.00337502403542786, 0.0022874036835657564, -1000000.0, -0.0011248545111588273, 0.006063678021765229, -0.09868736139471229, 0.0001741384361871848, 0.0009657778275471688, -0.017836859678311442, -0.00040594057301581165, -0.03728198296819704, 0.021845507241397197, -0.15801898179831908, -0.08168400789429514, 0.00021049144436031646, -0.001360302874085189, -0.07940390310181446, 0.16493026301498442, -0.03980726572813457, -0.08780732987631285, -0.00707971764320186, 0.11824068667717591, 0.01802407677441589, 0.026104183662780295, -0.0010260980173130909, -0.02648052970162546, -0.027492893089089216, 0.0795349482089577, 0.008496687325753871, 0.002583088358809229, 0.11388942815433387, -1000000.0, 0.05679583624428176, 0.002288000597890521, -0.0018297396532023433, -0.45463141193411544, 0.02892553693124424, 0.018750089699634112, 0.10639772287377287, -0.027517404334582194, 0.09770668688842066, -0.027205716554499083, -0.003457726791574702, 0.009283752038346684, -0.008220828729459829, -0.034319462321798284, 0.04267521022659959, 0.06417697834719809, -0.02508852314087821, -0.03265245682829951, -0.03249494078115905, 0.004911317707799575, 0.05913608697941663, -0.03290679336809266, -0.0834319744283009, -0.38331998598410144, 0.018753708834443283, 0.020105287715851513, 0.000413620258069614, -0.08364780865887085, 0.10879248061754768, 0.19622569464627335, -0.019268067384970923, -0.03135697588259387, 0.14063914822638104, 0.0024613734002547345, -0.12735042794889598, -0.025826119386395976, 0.15476193733739213, -0.0627545519707843, -1000000.0, -0.1399613627804466, -0.15598595609682378, 0.01926471319424463, 0.026869987724330704, -0.0021642088273331134, -0.13121874968244196, -0.03309932451781038, -0.0017814424604877602, 0.03370560542650398, -0.02686247255185159, 0.0008448223106949459, -0.1153793256740587, -1000000.0, 0.0031267267778273098, -0.19981273945343134, -0.021564872112193944, -0.028501611983463696, -0.033013602798433156, -2.9045492578094033e-05, -0.1240290766647879, 0.0004906194920075226, -0.01118046535894501, 0.02143809441506532, 0.0003400486372960363, 0.00707773888778016, 0.007334650939916768, -0.30669345279233345, 0.08755910826423037, -0.015297157165277853, -1.6747436701097803e-05, -1000000.0, -0.012741345381906504, 0.13959988795372072, -0.013985386660035641, -2.1684814892207672e-05, 0.1455042057194082, -0.07256694008657419, 0.14168108717742298, -0.08038544485373501, 5.842752375016172e-06, 0.02190677100002741, 0.01802407677441589, -0.003129293192235236, -0.20021250831986423, -0.011870954954206574, -0.033065623986658785, -0.03350288807947445, -0.18847915647531616, -0.0005429951554010408, -0.13273731407611433, -0.10392292011259323, -0.17458650135003945, 0.02507633286563013, 0.019341182023703645, -0.020292161531382802, 0.030692423187313373, -1000000.0, -0.03345381714511151, -0.0664434559260411, 0.07539592146289814, -0.03135697588259387, -0.01610147646008489, 0.01672254303012063, -0.07083696096140069, 0.09698124514932492, 0.004150129007451053, -0.28922416645843085, 0.0023408071337274543, 0.012987843564039562, -0.11029979123428132, -0.0001583994887776033, -0.04311037575565031, -0.02892694765837696, -0.08038544485373501, -0.003432738266006197, -1000000.0, 0.001287472238230595, -0.035656231229219085, 0.030692423187313373, 0.007939485152059172, -0.032154922980428026, -0.013686590296821748, -0.03421023246587277, -0.18176691868187494, -0.025313528258577443, -0.12203449856384743, 0.007763427281450284, -1000000.0, 0.061147520461469825, -0.02419344487796391, -0.022446693518042946, -0.02834481816862226, 0.09698124514932492, -0.07991864908230444, -0.05893620492587562, 0.00826650378534637, 0.06060097483334065, -0.02252617568471921, -0.021046665410359554, 0.028082435582878908, 0.04151533869089959, -0.0706190573449464, -0.003109055817998696, -0.0016274241298920738, 0.15476193733739213, -0.03821888913194206, 0.10078057558081857, 0.0002956709839288064, -0.13784438885036313, -1000000.0, 0.03489585808890767, -0.011751241814495973, -0.07497207491150608, -0.06240117298392705, -0.0006051196776158607, -0.0023369987096125843, 0.0005870692063818922, -0.08715875212668524, -0.03978213657812903, -1000000.0, -0.017505814287913233, -0.15320474606737386, -0.01598075870842903, 0.0004957179901083087, 0.000987731601793597, 0.02659627256841464, 0.043347174086556375, 0.03063286643565255, -0.00409929723246147, 0.012092677765222423, -1000000.0, 0.0158782711821534, 0.0009841829725677827, 0.008866395748739398, 0.014858101153756239, 0.003241710986888734, -0.0499500011545227, 0.01729830391634647, 0.030692423187313373, -0.000721030197018061, 0.030692423187313373, -1000000.0, 0.04113682445540752, 0.09532826262019983, -0.0006819631854161824, -0.014759888772449737, -1000000.0, 0.025458014275714744, 0.018715353658362046, 0.011190616538213693, -0.03297309143321179, -0.12585294986376008, -0.10838730847689915, -0.04144977347187235, 0.0031267267778273098, -0.08438716410911841, -0.0028152476624132873, -0.0038176958715047727, 0.06673873843578332, -0.015367153311749348, -0.05816074929194308, -0.03812275818135741, -0.2914852189082791, 0.0003639695366177628, -0.013561116210880068, -0.05498123535373127, -0.014469764187226486, 0.11379171627912031, 0.06542943594695586, -0.047196914699227474, 0.14680062515532363, -0.0034281834555894585, -0.00599492223513851, -0.0003968265453436632, -0.0002060204538869711, -0.1166786711081791, -0.13856148212198305, 0.029841884701392738, 0.017330155603616525, 0.061147520461469825, 0.04033011303777334, -1000000.0, -1000000.0, 0.14048103021011898, -0.0028780258954721836, 0.0011507489847284336, 0.10320889639853424, 0.12526690308903832, 0.14168108717742298, -0.010736315927926187, 0.14168108717742298, -0.013026835297124652, 0.10378146378212535, 0.017272346114171142, -0.02387842240840139, 0.09000879887057253, -0.1545132915606403, 0.001924083991719865, -0.04977467348973052, 0.009047242821727789, -0.05751387491295825, 0.011556082659107732, -0.03973537869620993, 0.06233959506384081, -1000000.0, -0.001519243334500989, -0.02487314619720843, -0.006894185024775722, 0.14517924490049186, -0.06959862414356213, 0.00381402718232304, -0.04670355066505021, 0.05815258743210285, 0.02013111285944096, 0.0004906194920075226, 0.0031631362324605855, -0.0010077979142795747, -1000000.0, -1000000.0, 0.000580079574814183, -0.055049717238366346, -0.21557685954160274, 0.013185751421384003, -0.027378970941313883, 0.06673873843578332, -0.008231161916706364, 0.0031267267778273098, 3.2686329294840695e-05, -1000000.0, -0.01267415401473451, 0.019439879995796827, -1000000.0, 0.019988859406662562, 0.0776965567632949, -0.06972001656116636, -1000000.0, -0.0046231229188807895, -1000000.0, -0.051087346113660566, 0.06682467509750672, 0.009341918682181812, -0.02551278784023159, -0.09583668278991642, -0.003660299950451335, -0.000721030197018061, 0.02432149547456609, -0.08288020515518968, 0.01802407677441589, -0.014831209387629838, -0.037013583050040294, 0.14680062515532363, -0.18296843883093206, 0.14731682333188248, -1000000.0, -0.021960725313024072, -0.00814280218165644, -0.05217522886942073, -0.016598056268465756, 0.0312432947472481, -0.00033998757131855554, -0.005756744054215175, 0.1283790677624198, 0.14588973377753406, 0.11117428532921221, 0.14066106540251502, -1000000.0, -0.007928569268233852, 0.10060128499249746, 0.020565994870975067, -0.20349213833798124, -0.012439669593389607, 0.02009697301517939, -0.08189887077865676, 0.03269105458809783, 0.09380198992763705, 0.1397371554924517, -0.017830057027387068, -0.07034058733048257, -0.0008824369857142187, 0.006001759990261073, -0.01064381487442147, 0.0009408365872747371, -0.0017814424604877602, 0.0006137008847210181, -0.02862563205808015, -0.007063554896241879, 0.0014160618523037607, 0.01802407677441589, -0.019553306414238632, -0.0017734883865462448, -0.018451734235462317, -0.053202704083319084, 0.0004916549123544566, -0.16217096105294324, -1000000.0, 0.017569217790522333, -0.010725644904725645, -1000000.0, 0.005141612368774007, 0.008496687325753871, -0.04993407183744907, -0.041697360550580764, -0.008095069824773333, 0.013196804270511998, -1.8419575039160905e-05, -0.01674355504369241, 0.006549900963688364, -0.001077264085362806, 0.10124172756582486, -0.02843985962891079, -0.0781022960363059, 0.07687965519383935, -0.03199526316901613, -0.0013034429837905938, 0.00043525249970723394, 0.0008481701397282177, 0.03697562509754978, 0.089474219932996, -0.006536642282783253, 0.06883564290921634, 0.00785606770209754, -0.06341582196301918, 0.005205629676815525, -0.09374581710657096, -0.035375633765467034, 0.14411666788558258, -1000000.0, 0.01802407677441589, 0.007416199306198407, -1000000.0, -0.010136690556175715, -0.030223587936182673, -0.00034147744943002095, 0.031722130503243386, 0.10654370213757629, -1000000.0, -0.00028921907273078885, 0.007151953611766544, -0.005265520225786555, 0.14048103021011898, -0.04690436037714745, -1000000.0, -1000000.0, -1000000.0, -0.11793804215484774, 0.018390643355106477, -0.02223295178449028, -0.10083375604612128, -0.009100449131129677, 0.01827537477966005, -0.04453164758627226, -0.049231693933304385, -0.006176882481510706, -1000000.0, -0.0618655684567123, -0.04798146872927446, 0.020018878546352554, -0.04117049181465273, 0.07408996229220328, -0.0017814424604877602, -0.03135697588259387, 0.017392861155937838, 0.11546214684947777, -0.11968709748453314, -0.013457876615499699, 0.14375186095555098, 0.04873831662156384, -0.12445318853119963, 0.09547372206729146, -0.0031138108134163966, 0.0001866889600410003, -0.455607423932861, -0.050311177576906056, -0.11131206309796171, 0.07028444922843144, -0.000721030197018061, -0.02312954955385712, -0.3469405532783385, 0.006926786466045699, 0.01839696403665734, -0.015077923705804703, 0.010280200206088243, -0.0007966816948699162, 0.00010823896798601729, -0.0004334786124914705, 0.0018521294653103808, -0.010979362119624423, 0.0004906194920075226, -0.06475357678015359, -1000000.0, 0.047975300316544914, -0.07546398576763888, -1000000.0, 0.049492815882736026, 0.005559988600362016, 0.005266483042483145, -0.0012902874225515237, -0.006514549445892667, -1000000.0, 0.030692423187313373, 0.06186626302836087, -0.1813300090181907, -0.27568620928243387, -1000000.0, 0.0035787363779895293, -0.03069696417898863, -0.08217210013188372, 0.0003176419306429373, -9.036217083214922e-05, -0.009681202090656283, -0.15941011880109165, -0.002986594895227149, -0.0015372646863457747, -1000000.0, 0.12720032027541328, -0.006122177152029435, -1000000.0, -0.0844306882170296, 0.06835119825750652, -0.029344171590401664, 0.0007857143149039162, -0.06819564577841641, -0.0022989989347406686, 0.03138969218541782, -0.469872493098819, 0.09919686985524123, 0.06775296220030662, -1000000.0, 0.003934961912426327, -0.00451906231353558, -0.08191526674897502, -1000000.0, -0.0802822300154849, -0.010794034007396995, 0.01802407677441589, -0.04669566964156612, 0.008712664809877854, 0.0014160618523037607, -1000000.0, -0.02027801028850252, 0.043234736239848366, 0.15445999462460727, 0.007648170873043173, 0.19622569464627335, -0.14341621878770436, -0.07204252436492527, -0.023496730418026784, -0.05061079300119184, 0.03276426702564866, 0.02793256151135302, -0.004375833381908549, -0.010897507913222077, 0.0004830073868019292, -0.00040594057301581165, -0.25983372431067414, -0.11883532599629656, 0.003919403046124875, -0.033777819339619014, -0.07369083586895595, 0.00011037657536684704, -1000000.0, -1000000.0, -0.0027778840254313415, -1.8419575039160905e-05, -0.13344058639396492, 0.11564226229692906, -0.003755649524758431, -0.07487668100219033, 0.1483382907034914, -0.014469764187226486, -0.013026835297124652, -0.003408498796207111, -0.08171045366049205, 0.013556008290432577, -0.01717464384944307, -0.12475642805092137, 0.008720141307422807, -0.15507971873099788, -0.002329872232738373, -0.057212309382859754, 0.03525154651838169, -0.025630066412926998, 0.0014160618523037607, 0.06110393312019557, 0.0031267267778273098, -0.021834418032906377, -0.021789726301501878, -1000000.0, 0.1265006493708008, -0.04579849671726378, -0.030030062056498146, -0.0030710039651770525, 0.017330155603616525, -0.0008109120098295983, 0.04338816051364686, -0.004298928344663551, -0.020608282857708233, -0.024919385107352504, -0.013106869924143453, -1000000.0, -0.00021924007322566977]
Generation 1 starts.
final:  [0.019552266352970044, 0.19622569464627335, 0.13710604650313413, 0.15476193733739213, 0.15404414633732016, 0.1549528788425539, 0.1962620818690189, 0.19622569464627335, 0.14680062515532363, 0.15476193733739213, 0.1455042057194082, 0.19622569464627335, 0.1390407113460826, -0.0844306882170296, 0.14402177666695093, -0.049922533240501436, 0.016314382648102577, 0.1107823295057986, 0.13959988795372072, 0.06060097483334065, 0.15476193733739213, -1000000.0, -0.028748943436783764, 0.0014913055803607894, 0.14258755949375887, 0.12898416937682372, 0.12898416937682372, 0.14411666788558258, 0.14403649358929102, 0.181784287951577, 0.14168108717742298, 0.08838513766858452, 0.15476193733739213, 0.018057167003569626, 0.14731682333188248, 0.05337505589945, 0.044059271607878585, 0.089474219932996, 0.13023396349482752, 0.06850412090172085, 0.14517924490049186, -0.013938234523800328, 0.04930897984209081, 0.03646377522446838, -0.0005700782269047852, 0.15017895610928875, 0.01839696403665734, 0.1513961792739882, 0.14168108717742298, 0.08785803750601899, 0.14168108717742298, 0.09859602836298285, 0.1435273386053134, -1000000.0, 0.15404414633732016, 0.1390407113460826, 0.01839696403665734, 0.11229859619737197, 0.1513961792739882, 0.06673873843578332, 0.11213641332477496, 0.14411666788558258, 0.1472218830627308, 0.15836822198701506, 0.1455042057194082, 0.0315048404232265, 0.09698124514932492, 0.06883564290921634, 0.17209171842769844, 0.14314747849117682, 0.17801055613475897, 0.09486734815960626, 0.15625765370272976, 0.14258755949375887, 0.14403649358929102, 0.03646377522446838, 0.03846670934363965, 0.030439276553928814, 0.1397371554924517, -1000000.0, 0.15404414633732016, 0.10124172756582486, 0.11082115994218857, 0.1455042057194082, 0.14168108717742298, -0.21347707856262269, 0.11502165383015377, 0.1487226716797766, -0.03321230158901344, 0.01980231839089144, -0.0012157935986271463, 0.06707295749033146, 0.1359609900515377, 0.15476193733739213, 0.04342876541534839, 0.1513961792739882, -0.06972001656116636, 0.033167752645664385, -0.07022126692977021, 0.1962620818690189, -1000000.0, 0.14411666788558258, 0.09698124514932492, 0.17069107030961392, -0.013561116210880068, -0.05806375230442152, -1000000.0, 0.09919686985524123, 0.12833059404524857, -0.0026459844679640803, 0.03704477780119859, 0.03269105458809783, 0.15476193733739213, 0.14517924490049186, 0.031043831233828017, 0.004230151722832234, 0.14731682333188248, 0.1929704357320138, 0.09532826262019983, 0.14054190299929376, 0.14680062515532363, 0.15625765370272976, 0.12720032027541328, 0.15476848266187004, 0.007648170873043173, 0.0795349482089577, 0.06775296220030662, 0.14546552912030478, 0.19622569464627335, 0.01789489017750858, -0.01971641495216965, 0.12843255803341544, -0.07860680729665795, 0.14168108717742298, 0.043347174086556375, 0.14168108717742298, 0.10320889639853424, 0.1359609900515377, 0.1754719935740534, 0.12006834695856715, -1000000.0, 0.059544629502877706, 0.10591379075708485, 0.14314747849117682, 0.16493026301498442, 0.03277805276652531, 0.15476193733739213, 0.12526690308903832, 0.11379171627912031, 0.1962620818690189, 0.0025536613052838434, 0.1265006493708008, -0.000721030197018061, 0.19793943001261366, -0.06583308245865517, 0.1455042057194082, 0.13894982008111897, 0.10639772287377287, 0.14403649358929102, 0.04930897984209081, 0.06417697834719809, 0.1283790677624198, 0.089474219932996, 0.007782725336294366, 0.06269588334302459, 0.01839696403665734, 0.008720141307422807, 0.11379171627912031, -0.0844306882170296, 0.19793943001261366, 0.14411666788558258, 0.14946157261082885, 0.09547372206729146, -1000000.0, 0.14517924490049186, 0.15404414633732016, 0.07408996229220328, -0.028748943436783764, 0.14048103021011898, 0.03048464980406294, 0.14411666788558258, 0.03063286643565255, 0.06775296220030662, 0.16956194839282582, 0.14411666788558258, 0.11379171627912031, 0.030692423187313373, 0.03153114869357328, 0.09486734815960626, 0.027254361410353034, 0.10320889639853424, 0.19622569464627335, -0.00032121632016962224, 0.01839696403665734, 0.14680062515532363, -0.05899233944233341, 0.08829302161305905, 0.0916241044010698, 0.1265006493708008, 0.14054190299929376, 0.02355271322759459, 0.0192458707163966, 0.15476193733739213, 0.14782981410455578, 0.14403649358929102, 0.14517924490049186, 0.14048103021011898, 0.010255669658453355, 0.15476193733739213, 0.11586415093038545, -0.00232291663742478, 0.007810362678309114, 0.04012632674113764, 0.12330090543767648, 0.03554185186203919, 0.1962620818690189, 0.1356691529531424, 0.04933280154307044, 0.14680062515532363, 0.15445999462460727, 0.14680062515532363, 0.04451238078921354, 0.14063914822638104, 0.14680062515532363, 0.05341441759139523, 0.11388942815433387, 0.06318639982427647, -1000000.0, 0.012102575070901678, -0.03321230158901344, -0.06749942395743988, 0.15476193733739213, 0.19622569464627335, 0.19798050610561857, 0.15476193733739213, 0.15476193733739213, 0.09547372206729146, 0.06682467509750672, -0.0066581921754129214, 0.1390407113460826, 0.15124112657254152, 0.14048103021011898, 0.14565397311835634, 0.14048103021011898, 0.04112317126147641, -0.001382545694058407, 0.14517924490049186, 0.19798050610561857, -0.06846317890208953, 0.2049570798964071, 0.1455042057194082, -0.10562998986159243, -0.015417826282420562, 0.12098388107194165, 0.13945525817567225, 0.19622569464627335, 0.10320889639853424, -0.06934311674100448, 0.08455813991257609, 0.1390407113460826, 0.15476848266187004, 0.013185751421384003, 0.06028963161135162, 0.14654751448385173, 0.11285071122453326, 0.07426909582156609, 0.15476193733739213, 0.15404414633732016, 0.14258755949375887, 0.14411666788558258, 0.11388942815433387, 0.1962620818690189, 0.1390407113460826, 0.14168108717742298, -0.0372780179697929, 0.0001338843457555067, -0.011049577138206935, 0.06683305886168933, -0.007443890984134966, 0.19622569464627335, -4.189509216742284e-05, 0.15476193733739213, 0.05679583624428176, 0.14523249124404047, 0.1486563422855122, 0.061147520461469825, 0.01175596880180768, 0.0177638816864094, 0.11985128526836938, 0.02013111285944096, 0.15404414633732016, 0.1390407113460826, 0.19781234131149847, 0.01839696403665734, 0.09938622126583803, 0.1403636426078486, 0.17209171842769844, 0.1390407113460826, 0.06561279468349496, 0.15476193733739213, 0.14523726705189396, 0.09103513221456443, 0.13548273960965093, 0.15625765370272976, 0.15625765370272976, 0.09380198992763705, 0.15476193733739213, 0.14517924490049186, 0.08838513766858452, 0.14168108717742298, 0.14385443782781895, 0.14048103021011898, 0.14063914822638104, 0.14258755949375887, -0.00040594057301581165, 0.13685697954635512, 0.14281426184479784, 0.018339567787212258, -0.03135697588259387, 0.14375186095555098, 0.1359609900515377, 0.018750089699634112, 0.058947137336575764, 0.15277337319549816, 0.01789489017750858, 0.0589299302663038, 0.033723211696075624, -0.0374921188792328, 0.04040071823395609, 0.15476193733739213, 0.15123474741060688, 0.14403649358929102, 0.05815258743210285, 0.1359609900515377, -1000000.0, 0.18155990052737786, 0.061147520461469825, 0.09727720837541688, 0.1485661095338558, 0.1397371554924517, 0.14168108717742298, 0.03518791130592564, 0.010786597259209808, 0.0007533046758875448, 0.19622569464627335, -0.057000630844343717, 0.14168108717742298, 0.1483382907034914, 0.1962620818690189, 0.13023396349482752, 0.11388942815433387, 0.14517924490049186, 0.15476193733739213, 0.11379171627912031, 0.13806140693192454, 0.05815258743210285, 0.04930897984209081, -0.05023630160457347, 0.07028444922843144, 0.08755910826423037, 0.14355291666051226, 0.13710604650313413, 0.10674323718632583, 0.15540790285985176, 0.046041775768788, 0.03310889283446305, 0.1265006493708008, 0.06269588334302459, 0.14828447071223627, 0.01839696403665734, 0.09532826262019983, 0.22405915911387372, 0.1483382907034914, 0.17899838893263428, 0.03055261677797762, 0.19622569464627335, 0.15476193733739213, 0.14168108717742298, 0.0942496471240511, 0.061147520461469825, 0.02048968051406171, 0.08788108033489864, 0.14982486782928625, 0.14054955050648568, 0.14680062515532363, 0.01839696403665734, 0.1390407113460826, 0.19622569464627335, 0.09698124514932492, 0.013675739336169643, 0.19622569464627335, 0.20691979074671454, 0.01802407677441589, 0.13023396349482752, 0.12421332394987517, 0.19622569464627335, 0.004507891853666878, 0.019229158120335738, 0.09285409691293622, 0.1474217430548267, 0.1455042057194082, 0.030692423187313373, 0.15625765370272976, 0.0066124603729942446, 0.089474219932996, -0.05371315343186356, 0.1390407113460826, 0.012618748346895893, 0.03656739182759286, 0.008721219118836694, 0.1455042057194082, 0.15476193733739213, 0.11388942815433387, 0.14022598499599376, 0.13959988795372072, 0.14283382875998984, 0.1562680718124397, 0.1455042057194082, 0.14048103021011898, 0.19622569464627335, 0.06673873843578332, 0.1483382907034914, 0.0948798793290629, 0.07552407791611744, 0.0942496471240511, 0.06673873843578332, 0.10320889639853424, 0.19758547996691714, 0.01802407677441589, -0.05899233944233341, 0.15726562669360475, 0.09722153684013593, -0.0844306882170296, 0.19622569464627335, 0.19622569464627335, 0.1321202792846705, 0.008075750322197178, -1000000.0, 0.14134003384374313, 0.09857113855520727, 0.14411666788558258, 0.0011116001334183295, 0.013675739336169643, 0.10207175920057683, 0.13023396349482752, 0.03525154651838169, 0.1107823295057986, -0.0844306882170296, 0.10871134997887841, 0.061147520461469825, 0.03646377522446838, 0.15476193733739213, 0.1529019871925611, 0.19622569464627335, 0.12898416937682372, 0.13722352368100954, 0.00774103264556702, 0.15625765370272976, 0.1265006493708008, 0.008492269112953334, 0.11213641332477496, 0.0192458707163966, 0.1455521530014181, 0.12843255803341544, 0.10124172756582486, 0.1517291734637947, -0.0011113761431901148, 0.13929765753550338, 0.018339567787212258, 0.15404414633732016, 0.12445033999427653, 0.11388942815433387, -0.02476783111297824, 0.15476193733739213, 0.1089024540497696, 0.03646377522446838, -0.08279336548931965, 0.14546104409442798, 0.00619515497949721, 0.19622569464627335, -0.07991864908230444, 0.14194052652782427, 0.006247685556705366, 0.15175844189722107, 0.14546104409442798, 0.1463889183998259, 0.09317852332036256, 0.018384263476810405, 0.14719379971097513, 0.10449165698180905, 0.14168108717742298, 0.01839696403665734, 0.12445496219310792, 0.006841577976489335, 0.13282169504903593, 0.12685764596714413, 0.14168108717742298, 0.007654402344319566, -0.0008988024221007776, 0.14305370877114174, 0.04113682445540752, 0.0192458707163966, 0.019552266352970044, 0.19622569464627335, 0.07614378577396809, 0.1962620818690189, 0.14048103021011898, 0.02232550440849778, -0.0003852929005269415, 0.15466454720833978, 0.01802407677441589, 0.11824068667717591, 0.14517924490049186, 0.01846846802149509, 0.11117428532921221, 0.10079818952265329, -0.007443890984134966, 0.14411666788558258, 0.08467585791352866, 0.07916422779213655, 0.14517924490049186, 0.15445999462460727, 0.08685998474855332, 0.03646377522446838, 0.019341182023703645, 0.0054822932098153474, 0.10111558076588618, 0.14782981410455578, 0.15625765370272976, 0.15625765370272976, 0.1346081494695529, 0.017330155603616525, 0.03055261677797762, 0.0558945995360657, 0.13722352368100954, 0.15476193733739213, 0.10639772287377287, 0.14168108717742298, 0.030692423187313373, 0.08755910826423037, 0.04930897984209081, 0.0191642634556604, 0.15476193733739213, 0.13023396349482752, 0.19622569464627335, 0.03206152113893343, 0.028769112382236856, 0.14248716140263054, 0.1371172083322044, -0.07815504064214283, 0.14680062515532363, 0.030692423187313373, 0.047975300316544914, 0.14411666788558258, 0.00619515497949721, 0.007648170873043173, -0.0008026531103646928, 0.11172782855730799, 0.016314382648102577, 0.09296532604558592, -1000000.0, 0.15476193733739213, 0.14403649358929102, 0.07028444922843144, 0.14173138650467687, 0.09698124514932492, 0.15476193733739213, 0.08838513766858452, 0.03554185186203919, 0.04267521022659959, 0.11514040103307902, 0.15476193733739213, 0.15476193733739213, -0.006654154806295763, -0.00750170744616373, 0.10654370213757629, 0.14403649358929102, 0.14513588821400117, 0.12720032027541328, 0.11564226229692906, 0.08457925800404635, 0.1390407113460826, 0.14680062515532363, 0.1390407113460826, 0.09420233137615054, 0.11546214684947777, 0.007782725336294366, 0.14411666788558258, 0.08838513766858452, 0.007989725315490304, 0.19622569464627335, 0.1292540381954475, 0.14368416182364566, 0.01802407677441589, 0.14418979579352573, 0.14403649358929102, 0.11546214684947777, 0.14403649358929102, 0.15476193733739213, 0.12843255803341544, 0.15476193733739213, 0.1485661095338558, 0.1513961792739882, 0.11082115994218857, 0.12947761066549296, 0.14517924490049186, -0.01708333722937511, 0.14048103021011898, 0.19622569464627335, 0.15476193733739213, -0.05799742185672825, 0.12898416937682372, 0.06673873843578332, 0.10654370213757629, 0.14411666788558258, 0.19622569464627335, 0.14403649358929102, 0.14782981410455578, 0.10970934563052423, 0.043234736239848366, 0.06055994529071633, 0.15404414633732016, 0.04930897984209081, 0.06269588334302459, 0.14063914822638104, 0.14048103021011898, 0.15445999462460727, 0.14168108717742298, 0.1397371554924517, 0.09296532604558592, 0.09547372206729146, 0.08657652730183864, 0.14528255349749084, 0.14517924490049186, 0.14411666788558258, 0.12720032027541328, 0.14048103021011898, 0.1485661095338558, 0.060807233471742606, 0.015055992308918605, 0.14168108717742298, -0.05899233944233341, 0.1390407113460826, 0.11617384491432052, 0.19622569464627335, 0.09296532604558592, 0.07507810695714043, 0.14168108717742298, 0.11546214684947777, 0.1962620818690189, 0.19622569464627335, -0.007993556579149831, 0.19622569464627335, 0.15476193733739213, 0.14411666788558258, 0.0004906194920075226, 0.1455042057194082, 0.1390407113460826, 0.04873831662156384, 0.14048103021011898, 0.09376651085918955, -1000000.0, 0.08788108033489864, -0.00033998757131855554, 0.16883373272255187, 0.1455520228405802, 0.19622569464627335, 0.11388942815433387, 0.03747948305014428, 0.04938699467769495, 0.13959988795372072, 0.1373242575580875, 0.03063286643565255, 0.14546104409442798, 0.00622027495939703, 0.1359609900515377, 0.016489325925671088, 0.19622569464627335, 0.19622569464627335, 0.14680062515532363, 0.1529019871925611, 0.018384263476810405, 0.14411666788558258, 0.11379171627912031, 0.02432149547456609, 0.19622569464627335, 0.15476193733739213, 0.1455042057194082, -0.03523274592982339, 0.14517924490049186, 0.061147520461469825, 0.14690750837418096, 0.09770668688842066, -0.044282913870200155, 0.1405158934056718, 0.15476193733739213, 0.14403649358929102, 0.05928707538532259, 0.11379171627912031, -0.007443890984134966, 0.14403649358929102, 0.1962620818690189, 0.15625765370272976, 0.19622569464627335, 0.09058891731903485, -0.03135697588259387, 0.05174895455907223, 0.14680062515532363, 0.16493026301498442, 0.1265006493708008, 0.018339567787212258, -1000000.0, 0.13722352368100954, 0.14517924490049186, 0.061147520461469825, 0.14063914822638104, 0.05748691158163821, 0.14316781628118108, 0.14654751448385173, 0.012987843564039562, 0.15476193733739213, 0.1562680718124397, 0.19622569464627335, 0.10320889639853424, 0.1875127451358468, 0.14403649358929102, 0.03048464980406294, 0.14168108717742298, 0.0302656765399794, 0.14546104409442798, 0.06682467509750672, 0.19622569464627335, 0.14475008350426538, -0.01623547941748379, 0.14680062515532363, -1000000.0, 0.09486734815960626, 0.15625765370272976, -0.0012157935986271463, 0.19622569464627335, 0.15476193733739213, 0.09727720837541688, 0.08922461728643268, -0.07991864908230444, 0.15476193733739213, 0.19622569464627335, 0.07333016138574121, 0.14782981410455578, 0.09668261616734967, 0.13431382404366007, 0.12156330508449187, 0.13828024303953118, 0.12156330508449187, 0.14403649358929102, -0.0844306882170296, 0.12380994931122652, 0.13023396349482752, 0.19793943001261366, -0.021936326492366667, 0.14022598499599376, 0.19622569464627335, 0.11991283775625038, 0.1483382907034914, 0.13232917921966283, 0.15363900236780728, 0.14517924490049186, 0.19622569464627335, -0.007165629513602367, 0.10078057558081857, 0.09665253647786759, 0.14517924490049186, 0.09794483093329474, 0.0302656765399794, 0.1397371554924517, 0.15625765370272976, 0.03697562509754978, 0.14403649358929102, 0.03155971077508052, 0.018384263476810405, 0.14168108717742298, -0.030311270206508135, 0.1359609900515377, 0.14168108717742298, 0.14054190299929376, 0.19622569464627335, 0.11379171627912031, 0.14837178958642702, 0.14048103021011898, 0.14782981410455578, 0.14588973377753406, 0.14403649358929102, 0.16493026301498442, 0.15476193733739213, 0.15476193733739213, 0.19249255347406968, 0.14168108717742298, 0.1397371554924517, 0.03646377522446838, 0.15285738034968904, -0.00013440907180141572, 0.07803582716488154, 0.14680062515532363, 0.13244246290440678, 0.09314552665367747, 0.12738273608659956, -0.1947181275512516, 0.14411666788558258, 0.15625765370272976, 0.07631821123621196, -0.0844306882170296, -0.0844306882170296, 0.15476193733739213, 0.1346081494695529, 0.14168108717742298, 0.0996519122926023, 0.13929765753550338, 0.03525154651838169, 0.11082115994218857, 0.16493026301498442, -0.002674428293085918, 0.10079818952265329, 0.07408996229220328, 0.011266608089797741, 0.15476193733739213, 0.14680062515532363, 0.004239044424430011, 0.06016258678856885, 0.14012800902705383, 0.09646710388720509, 0.14299414699053054, 0.1455042057194082, 0.08838513766858452, 0.0017841809053144027, -0.030259387582379907, 0.1483382907034914, 0.0694406748743564, 0.03768008635615685, 0.14680062515532363, 0.15476193733739213, 0.08447568396872006, 0.14680062515532363, 0.14588973377753406, 0.13959988795372072, 0.08205272003704962, 0.19622569464627335, 0.14517924490049186, -0.07599725887654994, -0.007443890984134966, -1000000.0, 0.14517924490049186, 0.1650046460557448, 0.13959988795372072, 0.19622569464627335, 0.1483382907034914, 0.1371172083322044, 0.018340720595640302, 0.01839696403665734, 0.14517924490049186, 0.15476193733739213, 0.14403649358929102, 0.09698124514932492, 0.14168108717742298, -0.050840291861876545, 0.14403649358929102, 0.05748691158163821, 0.14782981410455578, 0.18159350423351475, 0.14517924490049186, 0.1390407113460826, 0.19793943001261366, 0.14048103021011898, 0.14403649358929102, -0.011249147472313278, 0.1283790677624198, 0.1455042057194082, 0.02659627256841464, -0.03523274592982339, 0.1483382907034914, 0.018339567787212258, 0.07717133865371284, 0.12720032027541328, 0.19622569464627335, -0.0014238630899941825, 0.02567318232225994, 0.10320889639853424, 0.0192458707163966, 0.06269588334302459, 0.15476193733739213, 0.14411666788558258, 0.09698124514932492, 0.1962620818690189, 0.06372939933869128, 0.07397569210783074, 0.03525154651838169, 0.15476193733739213, 0.061147520461469825, 0.14168108717742298, 0.06028963161135162, 0.15531560345692338, 0.09770668688842066, 0.007593148490129408, 0.014621451830890133, 0.14258755949375887, 0.01593101869333211, 0.10079818952265329, 0.1455042057194082, 0.14048103021011898, 0.07028444922843144, 0.19622569464627335, 0.0724531814334423, 0.12526690308903832, 0.1635846015958511, 0.03055261677797762, 0.10654370213757629, 0.004596056161684968, 0.14403649358929102, -4.189509216742284e-05, 0.13232917921966283, 0.0772830231221173, 0.13722352368100954, 0.14692688672703863, 0.14783581427867362, 0.1390407113460826, 0.14048103021011898, 0.06417697834719809, 0.14620220726819003, 0.19622569464627335, 0.14168108717742298, 0.14168108717742298, 0.04406246713473971, 0.1486563422855122, 0.0104943914987458, 0.02432149547456609, 0.12843255803341544, 0.15476193733739213, 0.049492815882736026, 0.027725301074007024, 0.15625765370272976, 0.1335583577076894, -0.05739619990935504, 0.14782981410455578, 0.14517924490049186, 0.05815258743210285, 0.14168108717742298, 0.09770668688842066, -0.02486517037757627, 0.14782981410455578, 0.15445999462460727, 0.14048103021011898, 0.10079818952265329, 0.1390407113460826, 0.11379171627912031, 0.19622569464627335, -1000000.0, 0.1359609900515377, 0.1397371554924517, 0.14168108717742298, 0.1265006493708008, 0.1057232497271372, 0.08208932651676742, 0.14403649358929102, 0.10505138070313134, 0.14517924490049186, 0.10320889639853424, 0.19579621849984602, 0.09727720837541688, 0.13932406246054377, 0.1483382907034914, 0.15476193733739213, 0.19622569464627335, 0.1397371554924517, 0.12898416937682372, 0.1163529067824642, 0.10494414375252113, 0.12720032027541328, 0.06775296220030662, 0.14731682333188248, 0.09698124514932492, 0.07552407791611744, -0.007993556579149831, 0.14168108717742298, -0.07991864908230444, 0.15489976535282438, 0.14563531248843148, 0.13357193000676956, 0.1371172083322044, 0.1095116581481562, 0.13959988795372072, 0.15625765370272976, 0.03697562509754978, 0.030692423187313373, 0.10079818952265329, 0.10654370213757629, 0.14281426184479784, 0.14517924490049186, 0.14517924490049186, 0.19760416102073136, 0.14216435791699644, 0.1486563422855122, 0.14168108717742298]
Generation 2 starts.
final:  [0.08972778384748797, 0.1562680718124397, -1000000.0, 0.19560785105641607, 0.19622569464627335, 0.19622569464627335, 0.1754719935740534, 0.1562680718124397, 0.19622569464627335, 0.15695324852992465, 0.01908674795812608, 0.19622569464627335, 0.19758547996691714, -1000000.0, 0.12986194878073637, -0.04278897683389234, -1000000.0, 0.060405046384041684, 0.1962620818690189, 0.19622569464627335, 0.19622569464627335, -1000000.0, 0.16431032612163626, 0.19579621849984602, 0.19622569464627335, 0.14680062515532363, 0.18375751345662802, 0.19622569464627335, 0.19798050610561857, 0.19622569464627335, 0.19622569464627335, 0.0038631196236544544, 0.01839696403665734, 0.19622569464627335, 0.19622569464627335, 0.018339567787212258, 0.018384263476810405, 0.018339567787212258, 0.138550615600751, 0.14627585238883753, 0.19622569464627335, 0.20293978879713487, 0.19622569464627335, 0.20691979074671454, -0.04595764795886257, 0.15476193733739213, 0.20691979074671454, 0.19622569464627335, -1000000.0, 0.14192068138260064, 0.19793943001261366, -1000000.0, 0.1390407113460826, 0.16598476341551371, 0.14048103021011898, 0.018384263476810405, 0.15476193733739213, -1000000.0, 0.018339567787212258, 0.19622569464627335, 0.16345925811399561, 0.1529019871925611, 0.1912693551540091, 0.1395108224305862, 0.14192068138260064, 0.19798050610561857, 0.2050746396823672, 0.14192068138260064, 0.03055261677797762, 0.19622569464627335, 0.22405915911387372, 0.20293978879713487, 0.01839696403665734, 0.1962620818690189, 0.19622569464627335, 0.03155971077508052, 0.19622569464627335, 0.17209171842769844, 0.19499796339787545, 0.1485661095338558, 0.01839696403665734, 0.1485661095338558, 0.19622569464627335, 0.19220478024589568, 0.14168108717742298, 0.19622569464627335, 0.19622569464627335, 0.19622569464627335, 0.19793943001261366, 0.19622569464627335, 0.14048103021011898, 0.1962620818690189, 0.1395108224305862, 0.19622569464627335, 0.13663349587392268, -1000000.0, 0.10505138070313134, 0.018384263476810405, 0.14192068138260064, 0.19622569464627335, 0.1485661095338558, 0.19622569464627335, 0.22405915911387372, -1000000.0, 0.22405915911387372, 0.01839696403665734, 0.15476193733739213, 0.22732262986789542, 0.19622569464627335, 0.018339567787212258, 0.19622569464627335, 0.19622569464627335, -1000000.0, -0.048276944604906724, 0.2049570798964071, 0.19622569464627335, -1000000.0, 0.19841587553424084, -1000000.0, 0.03646377522446838, 0.18790467288986124, 0.15850571753718226, 0.018339567787212258, 0.19622569464627335, 0.1395108224305862, 0.19622569464627335, 0.13384059074887433, -1000000.0, 0.14168108717742298, 0.1929704357320138, 0.19622569464627335, 0.19622569464627335, -1000000.0, 0.0996519122926023, 0.05604294554364454, 0.19622569464627335, 0.17436101258938605, 0.1485661095338558, 0.19793943001261366, 0.1485661095338558, 0.19841587553424084, 0.01839696403665734, 0.19622569464627335, -1000000.0, 0.19622569464627335, 0.19622569464627335, -1000000.0, 0.16493026301498442, 0.1962620818690189, 0.19622569464627335, 0.19622569464627335, 0.018339567787212258, 0.19622569464627335, 0.19623331886097684, 0.19622569464627335, -0.048276944604906724, -0.019995126151392227, 0.1485661095338558, 0.19622569464627335, 0.19793943001261366, 0.19622569464627335, 0.19622569464627335, 0.01716918591896404, 0.018384263476810405, -1000000.0, -0.00019937427075291905, 0.19781234131149847, 0.1962620818690189, 0.12445033999427653, 0.1485661095338558, 0.16431032612163626, 0.19622569464627335, 0.19622569464627335, 0.1390407113460826, 0.19536629949284723, 0.19622569464627335, 0.19622569464627335, 0.15625765370272976, 0.17209171842769844, -1000000.0, 0.16493026301498442, 0.22405915911387372, 0.15476193733739213, 0.1962620818690189, 0.19781234131149847, 0.19622569464627335, 0.19622569464627335, 0.1485661095338558, 0.19622569464627335, 0.19622569464627335, 0.018339567787212258, 0.19622569464627335, 0.0015377807927313177, 0.19622569464627335, 0.19622569464627335, 0.19622569464627335, 0.19622569464627335, 0.14805758072838743, 0.15625765370272976, 0.19622569464627335, 0.15056773826498293, 0.16360864678868536, -1000000.0, 0.1962620818690189, 0.15476193733739213, 0.1650046460557448, 0.19572916446838473, 0.19781234131149847, 0.12445033999427653, 0.1485661095338558, 0.15476193733739213, 0.1395108224305862, 0.19622569464627335, 0.15476193733739213, 0.1638950303420529, 0.19622569464627335, 0.1562680718124397, 0.18520700365507134, 0.18159350423351475, 0.19622569464627335, -1000000.0, 0.19622569464627335, 0.1513961792739882, 0.08870667055031672, -1000000.0, 0.19622569464627335, 0.11379171627912031, 0.15476193733739213, 0.19622569464627335, 0.19622569464627335, 0.14192068138260064, 0.1513961792739882, 0.15476193733739213, 0.1395108224305862, 0.19644458437814205, 0.1875127451358468, 0.19622569464627335, 0.19793943001261366, 0.19622569464627335, 0.19622569464627335, 0.19622569464627335, 0.14624994839776, 0.2049570798964071, 0.15540790285985176, 0.16738077617532301, 0.12818533590667916, 0.19622569464627335, 0.19622569464627335, 0.1647210772148148, 0.14680062515532363, 0.0952034981724158, 0.18768576376327917, 0.19622569464627335, 0.11559637270552284, 0.19622569464627335, 0.19622569464627335, 0.1962620818690189, 0.20691979074671454, 0.22405915911387372, 0.1485661095338558, 0.22405915911387372, 0.15625765370272976, 0.2049570798964071, 0.19622569464627335, 0.018384263476810405, 0.1915445861461319, 0.19622569464627335, 0.19622569464627335, 0.19781234131149847, 0.19758547996691714, 0.19623331886097684, 0.1485661095338558, 0.1395108224305862, 0.14199446548789035, 0.19622569464627335, -1000000.0, 0.016516907683408768, 0.18520700365507134, 0.08076993706788257, 0.12962759018555933, 0.19622569464627335, 0.018339567787212258, 0.018339567787212258, 0.018339567787212258, -1000000.0, 0.01839696403665734, 0.15404414633732016, 0.19622569464627335, 0.15476193733739213, 0.15520266669427119, -0.0711468983406224, 0.018339567787212258, -0.07830879561491941, 0.19622569464627335, 0.1562958626340437, 0.19798050610561857, 0.196055807510019, 0.13421630690295488, 0.19514572724437315, 0.19622569464627335, 0.18976654478783467, 0.1562680718124397, 0.01839696403665734, 0.15476193733739213, 0.1875127451358468, 0.15476193733739213, 0.19622569464627335, 0.15726562669360475, 0.19622569464627335, 0.1962620818690189, 0.19622569464627335, 0.19622569464627335, 0.18159350423351475, 0.1395108224305862, 0.09359744412156817, 0.19622569464627335, 0.19622569464627335, 0.19841587553424084, 0.1962620818690189, -1000000.0, 0.1875127451358468, -1000000.0, 0.19623331886097684, 0.018363417763291635, 0.19622569464627335, 0.19622569464627335, 0.19841587553424084, 0.19793943001261366, -0.07022126692977021, -0.006559679952269768, 0.1962620818690189, 0.22405915911387372, 0.018339567787212258, 0.018339567787212258, 0.16883373272255187, 0.018384263476810405, -1000000.0, 0.028676381039200276, 0.15476193733739213, 0.1962620818690189, -1000000.0, 0.17209171842769844, 0.018384263476810405, 0.19572916446838473, 0.19622569464627335, 0.19622569464627335, 0.16596750753456904, 0.1962620818690189, 0.13663349587392268, 0.15476193733739213, 0.1562680718124397, 0.018339567787212258, 0.018339567787212258, 0.12445033999427653, 0.19793943001261366, 0.1962620818690189, 0.0996519122926023, 0.018339567787212258, 0.11051646942889094, 0.19622569464627335, 0.15476193733739213, 0.14731682333188248, 0.19793943001261366, 0.018339567787212258, 0.19622569464627335, 0.19622569464627335, -0.06603614361435801, 0.01894257149714001, 0.19622569464627335, 0.14598095155732452, 0.15625765370272976, 0.2025747312141843, -0.002570339954122051, 0.06233959506384081, 0.19622569464627335, 0.19622569464627335, -1000000.0, 0.01908674795812608, 0.01789489017750858, 0.10200077151456087, 0.19760416102073136, -1000000.0, 0.01839696403665734, -1000000.0, 0.2049570798964071, 0.19622569464627335, 0.018339567787212258, 0.018339567787212258, -1000000.0, 0.19622569464627335, 0.018339567787212258, 0.1875127451358468, 0.19622569464627335, 0.19622569464627335, -1000000.0, 0.1485661095338558, 0.19622569464627335, 0.027878018713648964, 0.19622569464627335, 0.15476193733739213, 0.19644458437814205, 0.16431032612163626, 0.14914994024705644, 0.1962620818690189, 0.11740580975981582, 0.15476193733739213, 0.19622569464627335, 0.14192068138260064, 0.13605788860256066, 0.19622569464627335, 0.019552266352970044, 0.19622569464627335, 0.15653301717522677, 0.1682367814424951, 0.19622569464627335, 0.19623331886097684, 0.18520700365507134, 0.19622569464627335, 0.1485661095338558, 0.19781234131149847, 0.19622569464627335, 0.16431032612163626, 0.1962620818690189, 0.19622569464627335, 0.19622569464627335, -1000000.0, 0.18155990052737786, 0.18809331622407272, 0.018339567787212258, 0.19622569464627335, 0.1390407113460826, 0.018384263476810405, -1000000.0, 0.1715017338367714, 0.19798050610561857, 0.01839696403665734, 0.1390407113460826, 0.15464691603361924, 0.1562680718124397, 0.19622569464627335, 0.018339567787212258, 0.1754719935740534, 0.019552266352970044, 0.14168108717742298, 0.01839696403665734, 0.13663349587392268, 0.15476193733739213, 0.19622569464627335, 0.1562680718124397, 0.15476848266187004, 0.17899838893263428, 0.19798050610561857, 0.19622569464627335, 0.19622569464627335, 0.018339567787212258, 0.018339567787212258, 0.19622569464627335, 0.155242195630933, 0.19622569464627335, 0.15476193733739213, -1000000.0, 0.19622569464627335, 0.19622569464627335, -1000000.0, 0.1485661095338558, 0.19622569464627335, 0.19622569464627335, 0.19622569464627335, 0.1987359129592586, 0.15726562669360475, 0.01839696403665734, 0.19781234131149847, 0.15476848266187004, 0.19758547996691714, 0.1390407113460826, -1000000.0, 0.19793943001261366, -0.11142177536118797, 0.19622569464627335, 0.018339567787212258, 0.1875127451358468, 0.19622569464627335, 0.1562680718124397, 0.15726562669360475, 0.018339567787212258, 0.15625765370272976, 0.018339567787212258, 0.1529019871925611, 0.15531560345692338, 0.01839696403665734, 0.19249255347406968, 0.19622569464627335, 0.19622569464627335, 0.15476193733739213, 0.18155990052737786, 0.19622569464627335, 0.19793943001261366, 0.18155990052737786, 0.19781234131149847, 0.19622569464627335, -0.0008060956650074536, 0.01908674795812608, 0.19841587553424084, 0.16493026301498442, 0.1395108224305862, 0.018339567787212258, 0.018339567787212258, 0.19622569464627335, -1000000.0, -1000000.0, 0.19622569464627335, 0.12962759018555933, 0.19619100778533194, 0.01908674795812608, 0.018339567787212258, 0.1962620818690189, 0.19622569464627335, 0.14792804105407464, 0.018384263476810405, 0.1513961792739882, 0.13553215201374755, 0.1386847360282345, 0.018339567787212258, 0.19622569464627335, 0.10801027541365195, -1000000.0, 0.19622569464627335, 0.19781234131149847, 0.16493026301498442, 0.018339567787212258, 0.03055261677797762, 0.19793943001261366, 0.013638994468432506, 0.1562680718124397, 0.19841587553424084, 0.15476193733739213, 0.19841587553424084, -0.03789492909288556, 0.15476193733739213, 0.20293978879713487, 0.19622569464627335, 0.19841587553424084, 0.2049570798964071, 0.1962620818690189, 0.15625765370272976, 0.15625765370272976, 0.19644458437814205, 0.1962620818690189, 0.19622569464627335, 0.19622569464627335, 0.15644517085750279, 0.01839696403665734, 0.19622569464627335, 0.19622569464627335, 0.19758547996691714, 0.19781234131149847, 0.19622569464627335, 0.22405915911387372, 0.1485661095338558, 0.1472218830627308, 0.19793943001261366, 0.19622569464627335, 0.19793943001261366, 0.19622569464627335, -0.03447006279754387, 0.19622569464627335, 0.16388874585581667, 0.19622569464627335, 0.15625765370272976, 0.19622569464627335, -0.19559253027946139, 0.14690750837418096, 0.19622569464627335, -1000000.0, 0.018339567787212258, 0.19622569464627335, 0.19622569464627335, 0.15212888887366974, 0.15625765370272976, -1000000.0, 0.19622569464627335, 0.19841587553424084, 0.19622569464627335, 0.19622569464627335, -1000000.0, 0.19622569464627335, 0.018339567787212258, 0.19622569464627335, 0.19798050610561857, 0.15625765370272976, 0.018339567787212258, 0.1559677532294424, 0.1562958626340437, 0.17209171842769844, 0.19622569464627335, 0.007868953189543797, 0.018339567787212258, 0.2049570798964071, 0.19841587553424084, 0.15520266669427119, 0.018339567787212258, 0.15625765370272976, 0.10505138070313134, 0.01839696403665734, 0.19622569464627335, 0.1455042057194082, 0.19793943001261366, 0.19622569464627335, 0.19622569464627335, 0.19622569464627335, 0.1877918911181315, 0.19622569464627335, 0.11379171627912031, 0.007648170873043173, 0.15836822198701506, 0.17801055613475897, 0.01894257149714001, 0.14168108717742298, 0.018339567787212258, 0.21770333075758977, -0.17465420128526812, -1000000.0, 0.15625765370272976, 0.13663349587392268, -1000000.0, 0.15476193733739213, 0.17209171842769844, 0.20691979074671454, -1000000.0, 0.16431032612163626, 0.03055261677797762, -1000000.0, 0.018339567787212258, 0.22405915911387372, 0.19622569464627335, 0.19574277507109333, 0.13760671445587808, 0.007782725336294366, 0.14192068138260064, 0.1962620818690189, 0.15476193733739213, 0.19798050610561857, 0.15520266669427119, 0.19622569464627335, 0.1562680718124397, 0.19622569464627335, 0.0996519122926023, 0.01896645597682098, 0.1949558865860881, 0.1485661095338558, 0.17209171842769844, 0.19622569464627335, 0.15476193733739213, 0.21024942876977276, 0.20691979074671454, -0.048276944604906724, 0.12445033999427653, -1000000.0, 0.1962620818690189, 0.19622569464627335, 0.15625765370272976, 0.1962620818690189, 0.16846051055079442, 0.19793943001261366, 0.14192068138260064, 0.15625765370272976, 0.018384263476810405, 0.19622569464627335, 0.1962620818690189, 0.19622569464627335, 0.14192068138260064, 0.19622569464627335, 0.15625765370272976, 0.19622569464627335, 0.1395108224305862, 0.19622569464627335, 0.19622569464627335, 0.15850571753718226, 0.1481734158726291, 0.13018173243250428, 0.19622569464627335, 0.19622569464627335, 0.19622569464627335, 0.14168108717742298, 0.15476193733739213, -1000000.0, 0.19622569464627335, 0.18580948860895483, 0.1485661095338558, 0.19622569464627335, 0.1395108224305862, -1000000.0, 0.15625765370272976, 0.19276499916949263, 0.19622569464627335, 0.15520266669427119, 0.19793943001261366, 0.01839696403665734, 0.19622569464627335, 0.15625765370272976, 0.19622569464627335, 0.19622569464627335, 0.19622569464627335, -1000000.0, 0.07259020564158432, 0.15476193733739213, -1000000.0, 0.15476848266187004, 0.1395108224305862, 0.19793943001261366, 0.16908686262750122, -1000000.0, 0.1395108224305862, 0.19622569464627335, 0.19622569464627335, 0.15476193733739213, 0.1962620818690189, 0.18155990052737786, 0.1485661095338558, 0.19622569464627335, 0.1390407113460826, 0.018339567787212258, 0.1754719935740534, 0.19793943001261366, 0.19622569464627335, 0.15476193733739213, 0.19781234131149847, -0.05721005319697405, 0.19622569464627335, 0.19622569464627335, -0.00019937427075291905, 0.14192068138260064, 0.01894257149714001, 0.11051646942889094, 0.1962620818690189, 0.19622569464627335, 0.018339567787212258, 0.19781234131149847, 0.1562958626340437, 0.018339567787212258, 0.19622569464627335, 0.19622569464627335, 0.22405915911387372, 0.03055261677797762, 0.14192068138260064, 0.19622569464627335, 0.19622569464627335, 0.018339567787212258, 0.19622569464627335, 0.19622569464627335, 0.19622569464627335, 0.19622569464627335, 0.19622569464627335, 0.1562958626340437, 0.018360017959383648, 0.19622569464627335, 0.018339567787212258, 0.19622569464627335, 0.19622569464627335, 0.01839696403665734, 0.07092389977516414, 0.1962620818690189, 0.01789489017750858, 0.19861997310150745, -1000000.0, 0.15625765370272976, 0.01839696403665734, 0.15625765370272976, 0.19622569464627335, 0.01894257149714001, 0.20293978879713487, 0.19622569464627335, 0.018384263476810405, 0.1962620818690189, 0.19841587553424084, 0.15476193733739213, 0.1754719935740534, 0.19622569464627335, 0.19622569464627335, 0.17955006332772963, 0.17801055613475897, 0.19622569464627335, 0.19622569464627335, 0.2049570798964071, 0.1962620818690189, 0.01839696403665734, 0.22405915911387372, 0.15625765370272976, 0.19622569464627335, -1000000.0, 0.15733313956245046, 0.018339567787212258, 0.08685998474855332, 0.20691979074671454, 0.19622569464627335, 0.018384263476810405, 0.15476848266187004, 0.007782725336294366, 0.018384263476810405, 0.19622569464627335, 0.19622569464627335, 0.05368249829974755, 0.1430933010396223, 0.15404414633732016, 0.018339567787212258, 0.19622569464627335, 0.08076993706788257, 0.19622569464627335, 0.19622569464627335, 0.1875127451358468, 0.1962620818690189, 0.19622569464627335, 0.19620485461455892, 0.018339567787212258, 0.1317721976216586, 0.1485661095338558, 0.19841587553424084, 0.1485661095338558, 0.19622569464627335, 0.19622569464627335, 0.01839696403665734, 0.13018173243250428, 0.1962620818690189, 0.19622569464627335, 0.1356691529531424, 0.15476193733739213, 0.19793943001261366, 0.19622569464627335, 0.19622569464627335, 0.13663349587392268, 0.19644458437814205, 0.15520266669427119, 0.19622569464627335, 0.1962620818690189, 0.20293978879713487, 0.19622569464627335, 0.01789489017750858, 0.19622569464627335, 0.1962620818690189, 0.15476193733739213, 0.19793943001261366, 0.19622569464627335, 0.22405915911387372, 0.15520266669427119, 0.018339567787212258, 0.19622569464627335, 0.018339567787212258, 0.15476193733739213, 0.19622569464627335, 0.15404414633732016, 0.19622569464627335, 0.01839696403665734, 0.19622569464627335, 0.018339567787212258, 0.19904097368829615, 0.15625765370272976, 0.19622569464627335, 0.22405915911387372, 0.19622569464627335, 0.1485661095338558, 0.19622569464627335, 0.16434020752857043, 0.15520266669427119, 0.007868953189543797, 0.1929704357320138, 0.19605156856276312, 0.19622569464627335, 0.15476193733739213, 0.19622569464627335, 0.1962620818690189, 0.01839696403665734, 0.2049570798964071, 0.19793943001261366, 0.1962620818690189, -1000000.0, 0.15476193733739213, 0.19622569464627335, 0.13894550097057318, 0.19622569464627335, 0.19622569464627335, 0.1562680718124397, 0.19622569464627335, 0.19622569464627335, 0.15476193733739213, 0.181784287951577, 0.021273027983563432, 0.15445999462460727, 0.19622569464627335, 0.15476848266187004, 0.018339567787212258, -0.20312454111696412, 0.19622569464627335, 0.018384263476810405, 0.19781234131149847, 0.19622569464627335, 0.1682367814424951, 0.19622569464627335, 0.19623331886097684, 0.19622569464627335, 0.018384263476810405, 0.1962620818690189, 0.19793943001261366, 0.019552266352970044, 0.19841587553424084, 0.10702799094529301, 0.19622569464627335, 0.018339567787212258, 0.0996519122926023, 0.19793943001261366, 0.19622569464627335, 0.018360017959383648, 0.19620485461455892, 0.018384263476810405, 0.1962620818690189, 0.17899838893263428, 0.15476193733739213, 0.19622569464627335, 0.19622569464627335, 0.14782981410455578, -0.20312454111696412, 0.1562680718124397, -0.002570339954122051, 0.018384263476810405, 0.22405915911387372, 0.15476193733739213, 0.22405915911387372, 0.19793943001261366, 0.15625765370272976, 0.1202747733701139, 0.13695275570207677, 0.060405046384041684, 0.1485661095338558, 0.08005589342046245, 0.13196606574447772, 0.19622569464627335, 0.1635523711587851, 0.19781234131149847, -1000000.0, 0.19622569464627335, 0.19622569464627335, 0.19622569464627335, 0.19622569464627335, -0.06781663550245667, 0.018339567787212258, 0.19622569464627335, 0.19793943001261366, 0.19622569464627335, 0.19622569464627335, 0.19793943001261366, -1000000.0, -1000000.0, 0.15625765370272976, 0.19622569464627335, -1000000.0, 0.19622569464627335, 0.19622569464627335, 0.14168108717742298, 0.19622569464627335, 0.12841617627193055, 0.15279300040703994, 0.15625765370272976, 0.018339567787212258, 0.018339567787212258, 0.19758547996691714, 0.19793943001261366, 0.15644517085750279, 0.1485661095338558, 0.1962620818690189, 0.19622569464627335, 0.15476193733739213, 0.15598098020892393, 0.15625765370272976, -1000000.0, 0.19622569464627335, 0.17209171842769844, 0.19793943001261366, 0.15625765370272976, 0.19622569464627335, 0.13663349587392268, 0.1390407113460826, 0.19622569464627335, 0.19622569464627335, 0.018339567787212258, 0.19793943001261366, 0.018339567787212258, 0.01839696403665734, -1000000.0, 0.018339567787212258, -1000000.0, -1000000.0, 0.19622569464627335, 0.1962620818690189, 0.2049570798964071, 0.19622569464627335, 0.15175844189722107, 0.19622569464627335, 0.22405915911387372, 0.19622569464627335, 0.19781234131149847, 0.01839696403665734]
Generation 3 starts.
final:  [0.20455514427754964, 0.19781234131149847, 0.19622569464627335, 0.19622569464627335, 0.19781234131149847, 0.2041364415388523, 0.19719333282521254, 0.18750529382348907, 0.16434020752857043, 0.2025747312141843, 0.19622569464627335, 0.16431032612163626, 0.2041364415388523, 0.10129439461451598, 0.19841587553424084, 0.027559520172928665, -0.028546912032758047, 0.19793943001261366, -1000000.0, 0.19623331886097684, -1000000.0, -1000000.0, 0.19627898505863312, 0.19622569464627335, 0.15967812612487778, 0.14012800902705383, 0.18790467288986124, 0.14865868428478707, 0.19781234131149847, 0.1705600618868779, 0.18375751345662802, 0.22405915911387372, 0.14051202200179885, 0.19975035083430076, 0.19622569464627335, 0.10801027541365195, 0.019121024583053953, 0.018384263476810405, 0.11455129092513197, 0.14635427430776196, 0.08182007744711295, 0.1962620818690189, 0.2025747312141843, 0.19622569464627335, 0.22405915911387372, 0.19791888355742682, 0.19622569464627335, 0.060405046384041684, 0.15967812612487778, 0.018339567787212258, 0.15663619507654183, 0.018384263476810405, 0.1267759153189205, 0.19841587553424084, 0.19622569464627335, 0.19844779866042428, 0.1319156752573022, -1000000.0, 0.2035943842308443, 0.19622569464627335, 0.11450100211006758, -1000000.0, 0.14624994839776, -1000000.0, 0.16728855013686178, 0.06217615888253944, 0.018339567787212258, 0.22405915911387372, 0.19477554131492303, 0.19844779866042428, -1000000.0, 0.22405915911387372, 0.19793943001261366, 0.1879995408915924, 0.18375751345662802, 0.018384263476810405, 0.22405915911387372, 0.15773389326557213, 0.018339567787212258, 0.20311023844164644, 0.1386779464486081, 0.22405915911387372, 0.1838947385751852, 0.08182007744711295, 0.19841587553424084, 0.18917193959811976, 0.1529019871925611, 0.22405915911387372, 0.15850571753718226, 0.08972778384748797, 0.19844779866042428, 0.21770333075758977, 0.1395108224305862, 0.19793943001261366, 0.16557000720541265, 0.14598095155732452, 0.16369755450430645, 0.018339567787212258, 0.1602391147119707, 0.19622569464627335, 0.19622569464627335, 0.19793943001261366, 0.19623331886097684, 0.19622569464627335, 0.19793943001261366, 0.19622569464627335, 0.20979338240698586, 0.22405915911387372, 0.20293978879713487, 0.19622569464627335, 0.028362891039200512, 0.19793943001261366, 0.22405915911387372, 0.2035943842308443, 0.1562680718124397, 0.16254543984703199, 0.19781234131149847, 0.20253769546796416, -0.05230782766695547, 0.12756872056065074, 0.16360864678868536, 0.19622569464627335, 0.22405915911387372, 0.19622569464627335, 0.22405915911387372, 0.19622569464627335, 0.22405915911387372, 0.19841587553424084, 0.22405915911387372, 0.22405915911387372, 0.08046581599081994, -0.030310025056309503, 0.19841587553424084, 0.16083775376945217, 0.18375751345662802, 0.01839696403665734, 0.19844779866042428, 0.19841587553424084, 0.22405915911387372, 0.22405915911387372, 0.20293978879713487, 0.19622569464627335, 0.22405915911387372, 0.22405915911387372, 0.19622569464627335, 0.22405915911387372, 0.16254543984703199, -1000000.0, 0.22405915911387372, 0.19844779866042428, 0.19622569464627335, 0.22405915911387372, 0.22405915911387372, 0.20877947999781868, 0.21770333075758977, 0.018384263476810405, 0.19622569464627335, -0.019995126151392227, 0.21770333075758977, 0.19622569464627335, 0.20293978879713487, 0.20691979074671454, 0.19622569464627335, 0.21770333075758977, -1000000.0, 0.21024942876977276, 0.1390407113460826, 0.16806649437935509, 0.14675254924722514, 0.19841587553424084, 0.1962620818690189, 0.19798050610561857, 0.22405915911387372, 0.1819218220629859, 0.19644458437814205, 0.19844779866042428, 0.2049570798964071, -1000000.0, 0.21024942876977276, 0.19758547996691714, 0.20293978879713487, 0.018339567787212258, 0.19793943001261366, 0.19793943001261366, 0.018339567787212258, 0.22405915911387372, 0.018384263476810405, 0.22405915911387372, 0.15733313956245046, 0.1962620818690189, 0.08005589342046245, 0.19793943001261366, -0.08591883661532305, 0.1962620818690189, 0.19793943001261366, 0.018339567787212258, 0.19623331886097684, 0.18375751345662802, 0.19793943001261366, 0.19904097368829615, 0.22405915911387372, 0.13663349587392268, 0.22405915911387372, 0.19844779866042428, 0.19781234131149847, 0.15733313956245046, 0.19622569464627335, 0.19844779866042428, 0.22405915911387372, 0.19793943001261366, 0.19841587553424084, 0.19622569464627335, 0.19841587553424084, 0.19793943001261366, 0.22405915911387372, -1000000.0, 0.22405915911387372, 0.0905150493590783, 0.19622569464627335, 0.20293978879713487, 0.16997858512076588, 0.1705600618868779, 0.17456266237448925, 0.20691600167722488, 0.0996519122926023, 0.018339567787212258, 0.22405915911387372, 0.22732262986789542, 0.19793943001261366, 0.19622569464627335, 0.19841587553424084, 0.018339567787212258, 0.10823015583743228, 0.19622569464627335, 0.19844779866042428, 0.1806935925551583, 0.22405915911387372, 0.018339567787212258, 0.20293978879713487, 0.1562680718124397, 0.10043358217479205, 0.20691979074671454, 0.1962620818690189, 0.19622569464627335, 0.15279300040703994, 0.19622569464627335, 0.1987359129592586, 0.19622569464627335, 0.19622569464627335, 0.1395108224305862, 0.19623331886097684, 0.15279300040703994, 0.018339567787212258, 0.027959255664685406, 0.22405915911387372, 0.1366829265523013, 0.19627898505863312, 0.19841587553424084, 0.0996519122926023, 0.2049570798964071, 0.19622569464627335, 0.19844779866042428, 0.01839696403665734, 0.20691979074671454, 0.19841587553424084, 0.22405915911387372, 0.11455129092513197, 0.1838947385751852, 0.22405915911387372, 0.19793943001261366, 0.20293978879713487, 0.1390407113460826, 0.22405915911387372, 0.19622569464627335, 0.18860308997414485, 0.20769632302052032, 0.19904097368829615, 0.16240237921439074, 0.013448490395539166, 0.2049570798964071, 0.19622569464627335, 0.18375751345662802, 0.21770333075758977, 0.22405915911387372, 0.22405915911387372, 0.19622569464627335, 0.18266772516837032, 0.21770333075758977, 0.19781234131149847, 0.15279300040703994, 0.19622569464627335, 0.1962620818690189, 0.14216202236683184, 0.11059320651143041, 0.22405915911387372, 0.14048103021011898, 0.22405915911387372, 0.16369755450430645, 0.19622569464627335, 0.14048103021011898, 0.2049570798964071, 0.22405915911387372, 0.10505138070313134, 0.018339567787212258, 0.22405915911387372, 0.19841587553424084, 0.20691979074671454, 0.2041364415388523, 0.13663349587392268, 0.22405915911387372, 0.20979338240698586, 0.19841587553424084, 0.018339567787212258, 0.19760416102073136, 0.21024942876977276, 0.22405915911387372, 0.1395108224305862, 0.11583280772953276, 0.22405915911387372, 0.1513961792739882, 0.19627898505863312, 0.16254543984703199, 0.19622569464627335, 0.19793943001261366, 0.19622569464627335, 0.19622569464627335, 0.19627898505863312, 0.22405915911387372, 0.19841587553424084, 0.22405915911387372, -1000000.0, 0.19622569464627335, 0.15279300040703994, 0.14086206321020187, 0.19844779866042428, 0.22405915911387372, 0.19622569464627335, 0.22405915911387372, 0.018384263476810405, 0.19622569464627335, 0.20691979074671454, 0.19781234131149847, 0.19644458437814205, 0.19904097368829615, 0.14048103021011898, 0.1962620818690189, 0.16332248706809474, 0.08182007744711295, 0.19793943001261366, 0.15967812612487778, 0.018339567787212258, 0.19844779866042428, 0.21770333075758977, 0.018339567787212258, 0.2035943842308443, 0.2041364415388523, 0.19793943001261366, 0.22405915911387372, 0.19791888355742682, 0.14013641834687365, 0.18768576376327917, 0.19844779866042428, 0.21770333075758977, 0.14675254924722514, 0.22405915911387372, 0.1962620818690189, 0.018339567787212258, 0.15279300040703994, 0.018339567787212258, 0.19793943001261366, 0.22405915911387372, 0.22405915911387372, 0.22405915911387372, -1000000.0, 0.1485661095338558, -1000000.0, 0.19841587553424084, 0.22405915911387372, 0.16378645976451625, 0.0905150493590783, 0.19622569464627335, 0.2041364415388523, 0.1962620818690189, 0.20691979074671454, 0.19622569464627335, 0.13695275570207677, -0.048276944604906724, 0.018339567787212258, 0.1962620818690189, 0.22732262986789542, 0.21770333075758977, 0.20691979074671454, 0.15453729204032285, 0.12756872056065074, 0.14598095155732452, 0.20293978879713487, -1000000.0, 0.16254543984703199, 0.2012738617823893, -0.028546912032758047, 0.19622569464627335, 0.22405915911387372, 0.2049570798964071, 0.20691979074671454, 0.18375751345662802, 0.19622569464627335, 0.19623331886097684, 0.15123948578733903, 0.1822324587331631, 0.19622569464627335, 0.08005589342046245, 0.06161820756477689, 0.22405915911387372, 0.1962620818690189, 0.2049570798964071, 0.19844779866042428, 0.018339567787212258, 0.19781234131149847, 0.19644458437814205, 0.08046581599081994, 0.15520266669427119, 0.2049570798964071, 0.018339567787212258, 0.22405915911387372, -1000000.0, 0.0905150493590783, 0.22405915911387372, 0.1395108224305862, 0.19781234131149847, 0.11795175171914417, 0.018339567787212258, 0.19793943001261366, 0.22405915911387372, 0.19841587553424084, 0.17456266237448925, 0.22405915911387372, -1000000.0, 0.16254543984703199, 0.22405915911387372, 0.19622569464627335, -0.00019937427075291905, 0.2049570798964071, 0.15773389326557213, 0.22405915911387372, 0.22405915911387372, -1000000.0, 0.19622569464627335, 0.19622569464627335, 0.22405915911387372, 0.18266772516837032, 0.1381482030737239, 0.19793943001261366, 0.21997489541497758, 0.20023042564014382, 0.2025747312141843, 0.19622569464627335, 0.19781234131149847, 0.19841587553424084, 0.16434020752857043, 0.15476193733739213, 0.22732262986789542, 0.18790467288986124, 0.19622569464627335, 0.22405915911387372, -1000000.0, 0.12519018016986536, 0.22405915911387372, 0.19622569464627335, 0.17528144859109937, 0.14012800902705383, 0.14776186003587208, 0.21770333075758977, 0.22405915911387372, 0.20311023844164644, 0.16962029077829602, 0.1875127451358468, 0.22405915911387372, -0.048276944604906724, 0.11875938929470663, 0.19622569464627335, 0.20691979074671454, 0.19622569464627335, 0.03344227245973443, 0.13663349587392268, 0.19622569464627335, 0.14726302632220464, 0.22405915911387372, 0.19987098567829387, 0.20691979074671454, 0.13085937892031152, 0.19841587553424084, 0.19622569464627335, 0.1910023807763272, 0.20293978879713487, 0.2049570798964071, 0.19793943001261366, 0.22405915911387372, 0.20293978879713487, 0.060405046384041684, 0.19901791546845227, 0.20691979074671454, 0.13963548740792853, 0.22405915911387372, 0.15301559579620264, 0.19793943001261366, 0.20154757771863938, 0.19793943001261366, 0.19758547996691714, 0.15034900353566444, 0.08972778384748797, 0.22405915911387372, 0.22405915911387372, 0.19622569464627335, 0.22405915911387372, 0.18917193959811976, 0.22405915911387372, 0.1962620818690189, 0.16557000720541265, 0.19844779866042428, -0.09967926936675231, 0.11450100211006758, 0.19901791546845227, 0.15279300040703994, 0.1625493256423144, 0.19793943001261366, 0.13567574109552366, 0.19781234131149847, 0.018339567787212258, -1000000.0, 0.2041364415388523, 0.18375751345662802, 0.22405915911387372, 0.08046581599081994, 0.15279300040703994, 0.14048103021011898, 0.20691979074671454, 0.22405915911387372, 0.19622569464627335, 0.15967812612487778, 0.007782725336294366, 0.21091025246443215, 0.20691979074671454, 0.22405915911387372, 0.15279300040703994, 0.19841587553424084, 0.14048103021011898, -1000000.0, 0.22405915911387372, 0.20691979074671454, 0.12519018016986536, 0.19622569464627335, 0.15733313956245046, 0.14203407240233396, 0.2025747312141843, 0.1562680718124397, 0.19719333282521254, 0.20293978879713487, 0.20455514427754964, 0.1386847360282345, 0.008690232462177505, 0.16431032612163626, 0.15453729204032285, 0.20691979074671454, 0.1746877043272102, 0.19844779866042428, 0.19793943001261366, 0.22405915911387372, 0.19793943001261366, 0.22405915911387372, -1000000.0, 0.19841587553424084, 0.2378145202074688, 0.1395108224305862, 0.19844779866042428, 0.19798050610561857, -1000000.0, 0.19622569464627335, 0.19781234131149847, 0.19622569464627335, 0.22405915911387372, 0.19623331886097684, 0.20691979074671454, 0.18375751345662802, 0.22405915911387372, 0.11059320651143041, 0.22405915911387372, 0.19793943001261366, 0.22405915911387372, 0.15663619507654183, 0.1890852127965943, 0.1395108224305862, 0.21770333075758977, 0.22732262986789542, 0.19622569464627335, 0.1819218220629859, 0.19793943001261366, -1000000.0, 0.14598095155732452, 0.1625493256423144, 0.20691979074671454, 0.027959255664685406, 0.19622569464627335, -1000000.0, 0.19841587553424084, 0.018339567787212258, 0.1513961792739882, 0.19622569464627335, 0.19841587553424084, 0.1445432383108866, 0.14571690678582264, 0.10626078267622646, 0.19622569464627335, 0.15753703941010824, -0.04262587205441366, 0.19841587553424084, 0.19622569464627335, 0.22405915911387372, 0.18375751345662802, 0.13840361176486635, 0.15476193733739213, -0.013299402485116596, 0.15279300040703994, 0.2049570798964071, 0.22405915911387372, 0.19627898505863312, 0.19622569464627335, 0.14624994839776, 0.14094150119559629, 0.14048103021011898, 0.19622569464627335, 0.1962620818690189, 0.10626078267622646, 0.22405915911387372, 0.21770333075758977, 0.19622569464627335, 0.22405915911387372, -1000000.0, 0.19622569464627335, 0.21770333075758977, 0.19793943001261366, -1000000.0, 0.22405915911387372, 0.20691979074671454, 0.14203407240233396, 0.19622569464627335, 0.22405915911387372, 0.22405915911387372, 0.13974397211695913, 0.10626078267622646, 0.19901791546845227, 0.19793943001261366, 0.19793943001261366, 0.14631479786095802, 0.18375751345662802, 0.1386847360282345, 0.22405915911387372, 0.1962620818690189, 0.19622569464627335, -1000000.0, 0.1776432114827821, 0.19622569464627335, 0.19781234131149847, 0.20293978879713487, 0.21770333075758977, 0.22405915911387372, 0.19622569464627335, 0.22405915911387372, 0.08190758880659224, 0.21024942876977276, 0.16557000720541265, -0.008170771155391304, 0.22405915911387372, -1000000.0, 0.1267759153189205, 0.21770333075758977, 0.1925443869232298, 0.22405915911387372, 0.2049570798964071, 0.19841587553424084, 0.20293978879713487, 0.20691979074671454, 0.18375751345662802, 0.008446253488300361, 0.12756872056065074, 0.08972778384748797, 0.16254543984703199, 0.018339567787212258, 0.08005589342046245, 0.20691979074671454, 0.19622569464627335, 0.22405915911387372, 0.19844779866042428, 0.19622569464627335, 0.19622569464627335, 0.19622569464627335, 0.22405915911387372, 0.22405915911387372, 0.1962620818690189, 0.018339567787212258, 0.018339567787212258, 0.21770333075758977, 0.19904097368829615, 0.19841587553424084, 0.20691979074671454, 0.22732262986789542, 0.1562680718124397, 0.181457058947717, 0.20691979074671454, 0.16254543984703199, 0.18713605202244282, 0.22405915911387372, 0.01181397262055781, 0.18375751345662802, 0.15301559579620264, 0.19841587553424084, 0.22405915911387372, 0.22406211039320126, 0.19793943001261366, 0.22405915911387372, 0.19841587553424084, 0.2049570798964071, 0.19897113384174744, 0.20691979074671454, 0.19841587553424084, 0.19841587553424084, 0.22405915911387372, 0.22732262986789542, 0.19623331886097684, 0.2035943842308443, 0.018384263476810405, 0.0996519122926023, 0.1602391147119707, 0.19622569464627335, 0.20691979074671454, 0.19622569464627335, 0.19622569464627335, 0.19622569464627335, 0.22405915911387372, 0.08972778384748797, 0.1931934763419271, 0.18008510730188296, -1000000.0, 0.2049570798964071, 0.10377760040967635, 0.22405915911387372, 0.22405915911387372, 0.16434020752857043, 0.08376530043433628, 0.14726302632220464, -1000000.0, 0.20691979074671454, 0.17552349174997137, 0.018384263476810405, 0.018339567787212258, 0.19798050610561857, 0.19622569464627335, 0.19623331886097684, 0.19904097368829615, -1000000.0, 0.20455514427754964, 0.22405915911387372, 0.22405915911387372, 0.22405915911387372, 0.19644458437814205, 0.21091025246443215, -0.00019937427075291905, -1000000.0, -0.048276944604906724, 0.1513961792739882, 0.13695275570207677, 0.19622569464627335, 0.22405915911387372, 0.22405915911387372, 0.19622569464627335, 0.15279300040703994, 0.10801027541365195, 0.19844779866042428, 0.19622569464627335, 0.19758547996691714, 0.19841587553424084, 0.19791888355742682, 0.19622569464627335, 0.2049570798964071, 0.22732262986789542, 0.1909529061047049, 0.18375751345662802, 0.21770333075758977, 0.018339567787212258, 0.20691979074671454, 0.19841587553424084, 0.15773389326557213, 0.1938259915230885, 0.1962620818690189, 0.1513961792739882, 0.19622569464627335, 0.08046581599081994, 0.22406211039320126, 0.2035762677482026, 0.19622569464627335, 0.19844779866042428, 0.10505138070313134, 0.2049570798964071, 0.19884194309565217, 0.19793943001261366, 0.22405915911387372, 0.19459526325312454, 0.22405915911387372, 0.18375751345662802, 0.1962620818690189, 0.20455514427754964, 0.1943317340935262, 0.15279300040703994, 0.08046581599081994, -1000000.0, 0.19622569464627335, 0.16431032612163626, 0.2049570798964071, 0.22405915911387372, 0.20293978879713487, 0.15113535917558976, 0.1962620818690189, 0.08000841737817406, 0.20979338240698586, -1000000.0, 0.18790467288986124, -0.028695244060732563, -1000000.0, 0.18790467288986124, 0.21024942876977276, 0.14598095155732452, 0.15279300040703994, 0.19844779866042428, 0.22405915911387372, 0.19841587553424084, 0.2049570798964071, 0.16254543984703199, 0.22405915911387372, 0.018339567787212258, 0.22405915911387372, 0.19622569464627335, -1000000.0, 0.19622569464627335, 0.01839696403665734, 0.11795175171914417, 0.15520266669427119, 0.2041364415388523, 0.18174034849876974, 0.018339567787212258, 0.22405915911387372, 0.1423305278898705, 0.19622569464627335, 0.018339567787212258, -0.028546912032758047, 0.1635846015958511, 0.19841587553424084, 0.22405915911387372, 0.1485661095338558, 0.1962620818690189, 0.22405915911387372, 0.1485661095338558, 0.1317721976216586, 0.1395108224305862, -1000000.0, 0.007782725336294366, -0.051392507145441774, 0.08046581599081994, 0.14428527103434105, 0.20293978879713487, 0.15476193733739213, 0.19841587553424084, 0.19622569464627335, 0.19673685316988399, 0.19622569464627335, 0.21770333075758977, 0.22405915911387372, 0.22405915911387372, 0.19781234131149847, -1000000.0, 0.19622569464627335, 0.22405915911387372, 0.19622569464627335, 0.19844779866042428, 0.15279300040703994, 0.1962620818690189, 0.19622569464627335, 0.10735036135588204, 0.13695275570207677, 0.22405915911387372, 0.20293978879713487, 0.018384263476810405, 0.19841587553424084, 0.19844779866042428, 0.15967812612487778, 0.20691979074671454, 0.19841587553424084, 0.2035762677482026, 0.16434020752857043, 0.018384263476810405, 0.12756872056065074, 0.15580476262910545, 0.1922118887391295, 0.14192068138260064, 0.19841587553424084, 0.22405915911387372, 0.14012800902705383, 0.19793943001261366, 0.19844779866042428, 0.19622569464627335, 0.018339567787212258, 0.19841587553424084, -1000000.0, 0.10626078267622646, 0.18805523137004887, 0.15453729204032285, 0.19758547996691714, -1000000.0, 0.19781234131149847, 0.18375751345662802, 0.22405915911387372, 0.1746877043272102, 0.20691979074671454, 0.13976478799593925, 0.19622569464627335, 0.20691979074671454, 0.20691979074671454, 0.19622569464627335, 0.22405915911387372, 0.19622569464627335, 0.19622569464627335, 0.20293978879713487, 0.19622569464627335, 0.22405915911387372, 0.19841587553424084, 0.10591379075708485, 0.2049570798964071, 0.20293978879713487, 0.19622569464627335, 0.15476193733739213, 0.1395108224305862, 0.19622569464627335, 0.08000841737817406, 0.19622569464627335, 0.19844779866042428, 0.19622569464627335, 0.18375751345662802, 0.22405915911387372, 0.19622569464627335, 0.22732262986789542, 0.19622569464627335, -0.08591883661532305, 0.19861997310150745, 0.14203407240233396, 0.19841587553424084, 0.22405915911387372, 0.19622569464627335, 0.19622569464627335, 0.018384263476810405, 0.19622569464627335, -1000000.0, 0.14012800902705383, 0.19622569464627335, 0.2049570798964071, 0.18917193959811976, 0.22405915911387372, 0.19841587553424084, 0.18008510730188296, 0.22405915911387372, 0.19844779866042428, -1000000.0, 0.2052135692478625, 0.19622569464627335, 0.19622569464627335, 0.1562680718124397, 0.22405915911387372, 0.12294513195136063, 0.19844779866042428, -1000000.0, 0.13670679933371763, 0.2049570798964071, 0.22405915911387372, 0.2049570798964071, 0.19622569464627335, 0.10409445603566882, 0.2049570798964071, 0.15301559579620264, 0.19622569464627335, 0.11583280772953276, 0.18790467288986124, 0.15702151577744664, 0.20293978879713487, 0.22405915911387372, 0.19841587553424084, -1000000.0, 0.17456266237448925, 0.18790467288986124, -1000000.0, 0.20691979074671454, 0.19622569464627335, 0.17751408534598032, -1000000.0]
Generation 4 starts.
final:  [0.19622569464627335, 0.22405915911387372, 0.22406211039320126, 0.19622569464627335, 0.22405915911387372, 0.22406211039320126, 0.19622569464627335, 0.19844779866042428, 0.22405915911387372, 0.1846517060685514, 0.22405915911387372, 0.22405915911387372, 0.22405915911387372, 0.19622569464627335, 0.22405915911387372, 0.22405915911387372, 0.19622569464627335, 0.19844779866042428, 0.1984848296201887, 0.19622569464627335, 0.22405915911387372, 0.21770333075758977, 0.22405915911387372, 0.22405915911387372, 0.22732262986789542, 0.22405915911387372, 0.19622569464627335, 0.22405915911387372, 0.19844779866042428, 0.22405915911387372, 0.20691979074671454, 0.2378145202074688, 0.19622569464627335, 0.22405915911387372, 0.19622569464627335, 0.21770333075758977, 0.22405915911387372, 0.19622569464627335, 0.22405915911387372, 0.19622569464627335, 0.19622569464627335, 0.19622569464627335, 0.19622569464627335, 0.19622569464627335, 0.20979338240698586, 0.20179043686353748, 0.21770333075758977, 0.22405915911387372, -1000000.0, 0.19844779866042428, 0.19622569464627335, 0.20691979074671454, 0.22405915911387372, 0.22405915911387372, 0.20691979074671454, -1000000.0, 0.22405915911387372, 0.19623331886097684, 0.22732262986789542, 0.21770333075758977, 0.22405915911387372, 0.1846517060685514, 0.22732262986789542, 0.22405915911387372, 0.19622569464627335, 0.21770333075758977, 0.22405915911387372, 0.22405915911387372, 0.2378145202074688, 0.018339567787212258, 0.19844779866042428, 0.21770333075758977, 0.22405915911387372, 0.22405915911387372, 0.22405915911387372, 0.22732262986789542, 0.19844779866042428, 0.22405915911387372, 0.22405915911387372, 0.22405915911387372, 0.20691979074671454, 0.19844779866042428, 0.22405915911387372, 0.22405915911387372, 0.19719333282521254, 0.22405915911387372, -1000000.0, 0.19622569464627335, 0.1984674424075928, 0.20691979074671454, 0.22405915911387372, 0.19622569464627335, 0.22405915911387372, 0.22732262986789542, 0.22405915911387372, 0.19622569464627335, 0.20979338240698586, 0.19622569464627335, 0.19622569464627335, 0.22732262986789542, 0.22732262986789542, 0.19844779866042428, 0.2378145202074688, 0.22405915911387372, 0.22732262986789542, 0.19844779866042428, 0.22405915911387372, 0.22732262986789542, 0.22405915911387372, 0.22405915911387372, 0.19719333282521254, 0.19622569464627335, 0.20979338240698586, 0.19622569464627335, 0.22405915911387372, 0.21770333075758977, 0.19622569464627335, 0.20979338240698586, 0.19622569464627335, 0.22405915911387372, 0.22405915911387372, 0.19622569464627335, 0.16469836714946012, 0.21770333075758977, 0.19844779866042428, 0.09861989068373506, 0.22405915911387372, 0.22405915911387372, 0.19622569464627335, 0.19622569464627335, 0.22405915911387372, 0.14598095155732452, 0.19844779866042428, 0.22405915911387372, 0.19844779866042428, 0.19622569464627335, 0.19622569464627335, 0.22405915911387372, 0.22405915911387372, 0.22405915911387372, 0.19622569464627335, 0.22405915911387372, 0.19622569464627335, 0.21770333075758977, 0.19844779866042428, 0.21770333075758977, 0.19622569464627335, 0.19622569464627335, 0.22405915911387372, 0.19622569464627335, 0.22405915911387372, 0.22732262986789542, 0.19844779866042428, 0.22732262986789542, 0.19622569464627335, 0.22405915911387372, 0.22405915911387372, 0.22405915911387372, 0.22405915911387372, 0.19844779866042428, -1000000.0, 0.22732262986789542, 0.22732262986789542, 0.22405915911387372, 0.20877947999781868, 0.20691979074671454, 0.22405915911387372, 0.1984674424075928, 0.22405915911387372, 0.19622569464627335, 0.20979338240698586, 0.19622569464627335, 0.15459698765210084, 0.22405915911387372, 0.22405915911387372, 0.19622569464627335, 0.22405915911387372, 0.19622569464627335, 0.22405915911387372, 0.19622569464627335, 0.19622569464627335, 0.20691979074671454, 0.21770333075758977, 0.19844779866042428, 0.22405915911387372, 0.22732262986789542, 0.19622569464627335, 0.19622569464627335, 0.19622569464627335, 0.19844779866042428, 0.19844779866042428, 0.22405915911387372, 0.19844162017697933, 0.19622569464627335, 0.20691979074671454, 0.22405915911387372, 0.20691979074671454, 0.22405915911387372, 0.22405915911387372, 0.18516763521408033, 0.19844779866042428, 0.19844779866042428, 0.22405915911387372, 0.19622569464627335, 0.19622569464627335, 0.22405915911387372, 0.22732262986789542, 0.20691979074671454, 0.21770333075758977, 0.22732262986789542, 0.20979338240698586, 0.22405915911387372, 0.22405915911387372, 0.19622569464627335, 0.22405915911387372, 0.19622569464627335, 0.22405915911387372, 0.19844779866042428, 0.22405915911387372, 0.19622569464627335, 0.19844779866042428, 0.22406211039320126, 0.22405915911387372, 0.1984848296201887, 0.19622569464627335, 0.22405915911387372, 0.22405915911387372, 0.22405915911387372, 0.19622569464627335, 0.19622569464627335, 0.22405915911387372, 0.20691979074671454, 0.22732262986789542, 0.22405915911387372, 0.20691979074671454, 0.19622569464627335, 0.22405915911387372, 0.018339567787212258, 0.20691979074671454, 0.22405915911387372, 0.22405915911387372, 0.22405915911387372, 0.15279300040703994, 0.19622569464627335, 0.22405915911387372, 0.22405915911387372, 0.22405915911387372, 0.19844779866042428, 0.19844779866042428, 0.20691979074671454, 0.21770333075758977, 0.22405915911387372, 0.21770333075758977, 0.16738077617532301, 0.20691979074671454, 0.20691979074671454, 0.22405915911387372, 0.22405915911387372, 0.22405915911387372, 0.22732262986789542, 0.19622569464627335, 0.22405915911387372, 0.19844779866042428, 0.22405915911387372, 0.22507162802115263, 0.22405915911387372, 0.1962620818690189, 0.22732262986789542, 0.018339567787212258, 0.21770333075758977, 0.22405915911387372, 0.21770333075758977, 0.20691979074671454, 0.22405915911387372, 0.19622569464627335, 0.22405915911387372, 0.20179043686353748, 0.22405915911387372, 0.0996519122926023, 0.2035762677482026, 0.1479863016868668, 0.19844779866042428, 0.22405915911387372, 0.19844779866042428, 0.22405915911387372, 0.22732262986789542, 0.22405915911387372, 0.22732262986789542, 0.22405915911387372, 0.19844779866042428, 0.20691979074671454, 0.20691979074671454, 0.19622569464627335, 0.22405915911387372, 0.22405915911387372, 0.19844779866042428, 0.19844779866042428, 0.15279300040703994, 0.19622569464627335, 0.1962620818690189, 0.19622569464627335, 0.19844779866042428, 0.19844779866042428, 0.22732262986789542, 0.19844779866042428, 0.20979338240698586, 0.22405915911387372, 0.22732262986789542, 0.22405915911387372, 0.2378145202074688, 0.22405915911387372, 0.20691979074671454, 0.1984848296201887, 0.20691979074671454, 0.19844779866042428, 0.22405915911387372, 0.19844779866042428, 0.22405915911387372, 0.19622569464627335, 0.22405915911387372, 0.22405915911387372, 0.15459698765210084, 0.22405915911387372, 0.22405915911387372, 0.22405915911387372, 0.22405915911387372, 0.22405915911387372, 0.20179043686353748, 0.19844779866042428, 0.19622569464627335, 0.2378145202074688, 0.22405915911387372, 0.21770333075758977, 0.19844779866042428, 0.22405915911387372, 0.19622569464627335, 0.19622569464627335, 0.15459698765210084, -1000000.0, 0.22405915911387372, 0.22732262986789542, 0.22732262986789542, 0.22406211039320126, 0.19844779866042428, 0.19622569464627335, 0.19844779866042428, 0.22405915911387372, 0.22405915911387372, 0.20691979074671454, 0.22405915911387372, 0.22405915911387372, 0.22405915911387372, -1000000.0, 0.22405915911387372, 0.22732262986789542, 0.19622569464627335, 0.19844779866042428, 0.22732262986789542, 0.19622569464627335, 0.22405915911387372, 0.22405915911387372, 0.19844779866042428, 0.22405915911387372, 0.15279300040703994, 0.19622569464627335, 0.19622569464627335, 0.22405915911387372, 0.22405915911387372, 0.22405915911387372, 0.22405915911387372, 0.22405915911387372, 0.22405915911387372, 0.22405915911387372, 0.19844779866042428, 0.22405915911387372, 0.22405915911387372, 0.22405915911387372, 0.22405915911387372, 0.22405915911387372, 0.22405915911387372, 0.22732262986789542, 0.22732262986789542, 0.22405915911387372, 0.22405915911387372, 0.155872564054102, 0.22406211039320126, 0.20979338240698586, 0.22405915911387372, 0.19622569464627335, 0.19622569464627335, 0.22405915911387372, 0.018339567787212258, 0.20979338240698586, 0.22405915911387372, 0.19622569464627335, 0.22405915911387372, 0.22405915911387372, 0.1962620818690189, 0.19622569464627335, 0.22732262986789542, 0.19844779866042428, 0.22405915911387372, 0.19622569464627335, 0.22405915911387372, 0.22732262986789542, 0.22405915911387372, 0.20691979074671454, 0.22405915911387372, 0.21770333075758977, 0.19844779866042428, 0.22405915911387372, 0.20979338240698586, 0.22405915911387372, 0.1962620818690189, 0.22405915911387372, 0.22405915911387372, 0.20691979074671454, 0.22405915911387372, 0.22405915911387372, 0.19622569464627335, 0.22405915911387372, 0.22405915911387372, 0.19622569464627335, 0.22405915911387372, 0.19622569464627335, 0.22405915911387372, 0.20691979074671454, 0.22405915911387372, 0.22405915911387372, 0.22405915911387372, 0.22405915911387372, 0.22732262986789542, 0.22405915911387372, 0.19622569464627335, 0.22405915911387372, 0.19622569464627335, 0.22405915911387372, 0.22405915911387372, 0.22732262986789542, 0.22405915911387372, 0.21770333075758977, 0.19622569464627335, 0.1513961792739882, 0.20979338240698586, 0.19844779866042428, 0.16359770039736707, 0.22405915911387372, 0.22405915911387372, 0.19844779866042428, 0.22405915911387372, 0.22405915911387372, 0.19844779866042428, 0.19844779866042428, 0.22405915911387372, 0.19622569464627335, 0.22405915911387372, 0.22405915911387372, 0.20691979074671454, 0.21770333075758977, 0.22405915911387372, 0.22405915911387372, 0.22405915911387372, 0.22405915911387372, 0.19622569464627335, 0.22405915911387372, 0.21770333075758977, 0.22405915911387372, 0.19622569464627335, 0.20979338240698586, 0.22405915911387372, 0.19622569464627335, 0.21770333075758977, 0.20979338240698586, 0.19622569464627335, 0.19622569464627335, 0.21770333075758977, 0.22406211039320126, 0.21770333075758977, 0.22405915911387372, 0.20979338240698586, 0.240004567693379, 2.6070538204667132e-05, -1000000.0, 0.22732262986789542, 0.22405915911387372, 0.22732262986789542, 0.22405915911387372, 0.19844779866042428, 0.19622569464627335, 0.15120124839708135, 0.22405915911387372, 0.22405915911387372, 0.19844779866042428, 0.22405915911387372, 0.22405915911387372, 0.19622569464627335, 0.20691979074671454, 0.22405915911387372, 0.22405915911387372, 0.20691979074671454, 0.22405915911387372, 0.20691979074671454, 0.22405915911387372, 0.19793943001261366, 0.22405915911387372, 0.21770333075758977, 0.22405915911387372, 0.23670078874540815, 0.19622569464627335, 0.22405915911387372, 0.19844779866042428, 0.22405915911387372, 0.21770333075758977, 0.22405915911387372, 0.19622569464627335, 0.19844779866042428, 0.19622569464627335, 0.19622569464627335, 0.20691979074671454, 0.2049570798964071, 0.22405915911387372, 0.19622569464627335, 0.22405915911387372, 0.22405915911387372, 0.22732262986789542, 0.22405915911387372, 0.22405915911387372, 0.21770333075758977, -0.06254312829103632, 0.21770333075758977, 0.19622569464627335, 0.19622569464627335, 0.20979338240698586, 0.22732262986789542, 0.19622569464627335, 0.22732262986789542, 0.19622569464627335, 0.22405915911387372, 0.19622569464627335, 0.22406211039320126, 0.1846517060685514, 0.20154757771863938, 0.21770333075758977, 0.19622569464627335, 0.22405915911387372, 0.19622569464627335, 0.22732262986789542, 0.2378145202074688, 0.20979338240698586, 0.22405915911387372, 0.19622569464627335, 0.22405915911387372, 0.19622569464627335, 0.19622569464627335, 0.20979338240698586, 0.19622569464627335, 0.22405915911387372, 0.21770333075758977, 0.19622569464627335, 0.22405915911387372, 0.21770333075758977, 0.22405915911387372, 0.22405915911387372, 0.19622569464627335, 0.09870457483839364, 0.18151600143157792, 0.19844779866042428, -1000000.0, 0.20979338240698586, 0.22732262986789542, 0.22405915911387372, 0.22732262986789542, 0.22405915911387372, 0.19622569464627335, 0.19844779866042428, 0.19622569464627335, 0.22405915911387372, 0.22405915911387372, 0.22405915911387372, 0.22405915911387372, 0.20691979074671454, 0.21770333075758977, 0.19622569464627335, 0.19622569464627335, 0.09870457483839364, 0.20015379840887856, 0.19622569464627335, 0.14598095155732452, 0.20691979074671454, 0.19622569464627335, 0.19844779866042428, 0.20691979074671454, 0.1535460955297465, 0.22405915911387372, 0.1638923448078895, 0.22405915911387372, 0.22405915911387372, 0.21770333075758977, -0.021745928523652723, 0.19622569464627335, 0.22732262986789542, 0.22405915911387372, 0.22405915911387372, 0.19844779866042428, 0.21770333075758977, 0.22405915911387372, 0.22405915911387372, 0.20979338240698586, 0.19623331886097684, 0.19844779866042428, 0.22405915911387372, 0.22405915911387372, 0.19622569464627335, 0.018339567787212258, 0.22405915911387372, 0.22405915911387372, 0.19844779866042428, 0.19844779866042428, 0.22405915911387372, 0.22405915911387372, 0.22405915911387372, 0.22405915911387372, 0.19622569464627335, 0.22405915911387372, 0.22405915911387372, 0.19844779866042428, 0.19622569464627335, 0.22405915911387372, 0.2378145202074688, 0.22732262986789542, 0.22405915911387372, 0.19844779866042428, 0.22405915911387372, 0.21770333075758977, 0.22405915911387372, 0.22405915911387372, 0.19844779866042428, 0.16020547564665244, 0.16738077617532301, 0.19622569464627335, 0.19844779866042428, 0.22405915911387372, 0.19622569464627335, 0.19844779866042428, 0.19622569464627335, 0.19622569464627335, 0.19844779866042428, 0.2378145202074688, 0.22405915911387372, 0.22405915911387372, 0.20979338240698586, 0.22405915911387372, 0.19622569464627335, 0.22405915911387372, 0.19844779866042428, 0.22405915911387372, 0.1962620818690189, 0.22405915911387372, 0.19622569464627335, 0.22405915911387372, 0.19622569464627335, 0.19622569464627335, 0.22405915911387372, 0.22405915911387372, 0.20769632302052032, 0.22405915911387372, 0.22405915911387372, 0.19622569464627335, 0.22405915911387372, 0.19844779866042428, 0.22405915911387372, 0.19622569464627335, 0.19622569464627335, 0.21770333075758977, 0.22405915911387372, 0.19622569464627335, 0.22405915911387372, 0.20691979074671454, 0.19623331886097684, 0.22732262986789542, 0.19622569464627335, 0.22405915911387372, 0.22405915911387372, 0.22405915911387372, 0.22405915911387372, 0.19622569464627335, 0.22405915911387372, 0.22405915911387372, 0.19623331886097684, 0.19844779866042428, 0.22405915911387372, 0.19622569464627335, 0.22405915911387372, 0.19844779866042428, 0.21502521629642743, 0.20691979074671454, 0.20691979074671454, 0.21770333075758977, 0.22405915911387372, 0.19844779866042428, 0.20691979074671454, 0.20979338240698586, 0.22405915911387372, 0.22405915911387372, 0.21770333075758977, 0.22405915911387372, 0.22405915911387372, 0.1984848296201887, 0.19622569464627335, 0.22732262986789542, 0.19622569464627335, 0.19844779866042428, 0.22405915911387372, 0.16048648520838205, 0.19622569464627335, 0.22405915911387372, 0.22732262986789542, 0.22405915911387372, 0.20978815602643874, 0.19622569464627335, 0.22405915911387372, -1000000.0, 0.19622569464627335, 0.19622569464627335, 0.19844779866042428, 0.19844779866042428, 0.19622569464627335, 0.19622569464627335, 0.22405915911387372, 0.08411170633305558, 0.19622569464627335, 0.19844779866042428, 0.22732262986789542, 0.18516763521408033, 0.22405915911387372, 0.20691979074671454, 0.19622569464627335, 0.22732262986789542, 0.22405915911387372, 0.19622569464627335, 0.20691979074671454, 0.19622569464627335, 0.19844779866042428, 0.22405915911387372, 0.22405915911387372, 0.22405915911387372, -1000000.0, 0.22405915911387372, 0.19622569464627335, 0.22405915911387372, 0.19622569464627335, 0.19844779866042428, 0.1748453470415518, 0.22405915911387372, 0.19622569464627335, 0.20691979074671454, 0.22405915911387372, 0.22405915911387372, 0.1984848296201887, 0.21770333075758977, 0.22406211039320126, 0.22406211039320126, 0.20691979074671454, 0.22405915911387372, 0.22405915911387372, 0.21770333075758977, 0.22405915911387372, 0.22405915911387372, 0.22405915911387372, 0.22405915911387372, 0.22405915911387372, 0.21770333075758977, 0.19622569464627335, 0.19622569464627335, 0.21770333075758977, 0.21770333075758977, 0.22405915911387372, 0.22405915911387372, 0.19622569464627335, 0.21770333075758977, 0.22405915911387372, 0.18375896025680344, 0.22405915911387372, 0.22405915911387372, 0.19844779866042428, 0.22405915911387372, 0.22405915911387372, 0.22405915911387372, 0.21770333075758977, 0.22405915911387372, 0.22405915911387372, 0.21770333075758977, 0.20691979074671454, 0.22405915911387372, 0.19622569464627335, 0.20979338240698586, 0.22405915911387372, 0.19844779866042428, 0.1962620818690189, 0.22405915911387372, 0.19622569464627335, -1000000.0, 0.22735574133515557, 0.22405915911387372, 0.19844779866042428, 0.19622569464627335, 0.19793943001261366, 0.22405915911387372, 0.19622569464627335, -1000000.0, 0.22405915911387372, 0.19622569464627335, 0.22405915911387372, 0.19622569464627335, 0.19622569464627335, 0.22405915911387372, 0.20691979074671454, 0.19844779866042428, 0.22405915911387372, 0.22405915911387372, 0.1984848296201887, 0.19622569464627335, 0.19844779866042428, 0.22405915911387372, 0.22405915911387372, 0.18874171703063217, 0.22405915911387372, 0.21770333075758977, 0.19622569464627335, 0.19622569464627335, 0.19622569464627335, 0.22406211039320126, 0.19622569464627335, 0.1638923448078895, 0.20154757771863938, 0.22405915911387372, 0.19844779866042428, 0.20979338240698586, 0.19844779866042428, 0.19622569464627335, 0.22732262986789542, 0.22732262986789542, 0.09870457483839364, 0.19622569464627335, 0.22732262986789542, 0.19622569464627335, 0.22405915911387372, 0.22405915911387372, 0.19622569464627335, 0.22405915911387372, 0.22405915911387372, -0.051121166299870506, 0.19622569464627335, 0.19622569464627335, 0.19844779866042428, 0.22405915911387372, 0.22732262986789542, 0.22732262986789542, 0.22405915911387372, 0.22405915911387372, 0.22405915911387372, 0.19844779866042428, 0.20979338240698586, 0.22405915911387372, 0.20691979074671454, 0.21770333075758977, 0.19622569464627335, 0.20293978879713487, 0.19622569464627335, 0.22405915911387372, 0.22405915911387372, 0.19622569464627335, 0.22405915911387372, -1000000.0, 0.22405915911387372, 0.20691979074671454, 0.21770333075758977, 0.22405915911387372, 0.19622569464627335, 0.21024942876977276, 0.1479863016868668, 0.15279300040703994, -1000000.0, 0.19622569464627335, 0.21770333075758977, 0.22405915911387372, 0.19622569464627335, 0.19622569464627335, 0.22405915911387372, 0.19844779866042428, 0.19844779866042428, 0.19622569464627335, -1000000.0, 0.19844779866042428, 0.22405915911387372, 0.22405915911387372, 0.22405915911387372, 0.19622569464627335, 0.22732262986789542, 0.20979338240698586, 0.21770333075758977, 0.22732262986789542, 0.21770333075758977, 0.20691979074671454, 0.19622569464627335, 0.19622569464627335, 0.22405915911387372, 0.22405915911387372, 0.19622569464627335, 0.19622569464627335, 0.22405915911387372, 0.21770333075758977, 0.22405915911387372, 0.22405915911387372, 0.19844779866042428, 0.17210524353643575, 0.21770333075758977, 0.20691979074671454, 0.22405915911387372, 0.22405915911387372, 0.19844779866042428, 0.22405915911387372, 0.22732262986789542, 0.22405915911387372, 0.22405915911387372, 0.22405915911387372, 0.15279300040703994, 0.22405915911387372, 0.2378145202074688, 0.22405915911387372, 0.11407857758801347, 0.19622569464627335, 0.21770333075758977, 0.22405915911387372, 0.20691979074671454, 0.19844779866042428, 0.19844779866042428, 0.22732262986789542, 0.19622569464627335, 0.018339567787212258, -1000000.0, 0.21770333075758977, 0.22405915911387372, 0.2378145202074688, 0.22405915911387372, 0.22405915911387372, 0.22405915911387372, 0.1513961792739882, 0.20979338240698586, 0.19622569464627335, 0.2378145202074688, 0.01839696403665734, 0.018339567787212258, 0.22405915911387372, 0.22405915911387372, 0.22405915911387372, 0.22405915911387372, 0.21770333075758977, 0.22732262986789542, 0.19844779866042428, 0.22405915911387372, 0.10801027541365195, 0.19844779866042428, 0.1846517060685514, 0.22405915911387372, 0.19844779866042428, 0.20979338240698586, 0.22405915911387372, 0.22405915911387372, 0.21770333075758977, 0.22405915911387372, -1000000.0, 0.21770333075758977, 0.19841587553424084, 0.240004567693379, 0.15279300040703994, 0.19844779866042428, 0.22405915911387372, 0.22732262986789542, 0.19844779866042428, 0.19622569464627335, 0.22405915911387372, 0.22405915911387372, 0.19622569464627335, 0.22405915911387372, 0.19844779866042428, -1000000.0, 0.19622569464627335, 0.22405915911387372, 0.21770333075758977, 0.22405915911387372, 0.19622569464627335, 0.19622569464627335, -1000000.0, 0.22732262986789542, 0.22405915911387372, 0.19622569464627335, 0.19622569464627335, 0.22405915911387372, 0.22405915911387372]
[vanilla_v2] fixed HOF: {'hof_mode': 'fixed', 'n_input': 1000, 'n_dedup_removed': 884, 'n_unique': 116, 'n_top': 50, 'n_signal_failed': 0, 'decorr_degenerate_pairs': 0, 'n_decorr_removed': 40, 'decorr_max_abs_corr_final': 0.9924326761988496}
                                                     formula  raw_fitness  validity_pass
            Max(Max(Max(Max(Var($volume, 64), 5), 5), 5), 5)     0.240005           True
                    Max(Max(Max(Std($volume, 64), 5), 5), 5)     0.237815           True
Max(Max(Var(Abs(Power(Add($volume, $vwap), Div($adjclose,...     0.227356           True
Sub(Max(Var($volume, 64), 30), Std(Med(Max(Std($volume, 6...     0.225072           True
                     Sub(Max(Std($volume, 64), 30), $factor)     0.224062           True
                   Max(WMA(Max(Var($volume, 64), 5), 12), 5)     0.215025           True
         Max(Less(Std(Div($amount, $vwap), 64), $volume), 5)     0.210249           True
Max(WMA(Var(Abs(Power(Add($volume, $vwap), Div($adjclose,...     0.201548           True
          Max(Max(Max(Max(Std($volume, 64), 30), 5), 30), 5)     0.200154           True
Max(Max(Var(Abs(Power(Add($volume, $vwap), Div($adjclose,...     0.198467           True
[vanilla_v2] fit 7039.8s budget={'candidates_budget': 5000, 'total_evaluations': 5000, 'unique_evaluations': 1927, 'memo_hits': 2668, 'wall_clock_seconds': 7039.7760317362845, 'panel_setup_seconds': 66.43316624872386}
[vanilla_v2] outputs → /gpfs/home1/sku07891/00.hojin/AlphaEval/AlphaSearchBench/gplearn_asb/out/v2_csi800_fbfit_c2a_1000x5_s0
C2A_DONE rc=0
