C2A_CONFIG=configs/v2/c2a/p250_s1.yaml
[845393:MainThread](2026-08-19 18:45:11,678) INFO - qlib.Initialization - [config.py:415] - default_conf: client.
[845393:MainThread](2026-08-19 18:45:12,485) INFO - qlib.Initialization - [__init__.py:74] - qlib successfully initialized based on client settings.
[845393:MainThread](2026-08-19 18:45:12,485) INFO - qlib.Initialization - [__init__.py:76] - data_path={'__DEFAULT_FREQ': PosixPath('/gpfs/home1/sku07891/00.hojin/QuantaAlpha/data/qlib/cn_data')}
[vanilla_v2] market=csi800 window=2015-01-01..2021-12-31 budget=5000 pop=250 gens=20 fitness=fb_fitness seed=1
[vanilla_v2] panel ready 65.6s (universe_hash=132b21e88e0f7027)
/home1/sku07891/miniconda3/envs/AlphaEval38/lib/python3.8/site-packages/pandas/core/window/rolling.py:655: RuntimeWarning: All-NaN slice encountered
  return func(x, start, end, min_periods, *numba_args)
/home1/sku07891/miniconda3/envs/AlphaEval38/lib/python3.8/site-packages/pandas/core/window/rolling.py:655: RuntimeWarning: All-NaN slice encountered
  return func(x, start, end, min_periods, *numba_args)
/home1/sku07891/miniconda3/envs/AlphaEval38/lib/python3.8/site-packages/pandas/core/window/rolling.py:655: RuntimeWarning: All-NaN slice encountered
  return func(x, start, end, min_periods, *numba_args)
/home1/sku07891/miniconda3/envs/AlphaEval38/lib/python3.8/site-packages/pandas/core/window/rolling.py:655: RuntimeWarning: All-NaN slice encountered
  return func(x, start, end, min_periods, *numba_args)
/home1/sku07891/miniconda3/envs/AlphaEval38/lib/python3.8/site-packages/pandas/core/window/rolling.py:655: RuntimeWarning: All-NaN slice encountered
  return func(x, start, end, min_periods, *numba_args)
/home1/sku07891/miniconda3/envs/AlphaEval38/lib/python3.8/site-packages/pandas/core/window/rolling.py:655: RuntimeWarning: All-NaN slice encountered
  return func(x, start, end, min_periods, *numba_args)
/home1/sku07891/miniconda3/envs/AlphaEval38/lib/python3.8/site-packages/pandas/core/window/rolling.py:655: RuntimeWarning: All-NaN slice encountered
  return func(x, start, end, min_periods, *numba_args)
/gpfs/home1/sku07891/00.hojin/AlphaEval/AlphaSearchBench/alphasearchbench/data/qlib_provider.py:278: RuntimeWarning: overflow encountered in cast
  return np.sign(self._eval(args[0], off, hi).astype(np.float32))
/home1/sku07891/miniconda3/envs/AlphaEval38/lib/python3.8/site-packages/pandas/core/window/rolling.py:655: RuntimeWarning: All-NaN slice encountered
  return func(x, start, end, min_periods, *numba_args)
/gpfs/home1/sku07891/00.hojin/AlphaEval/AlphaSearchBench/alphasearchbench/data/qlib_provider.py:249: RuntimeWarning: overflow encountered in cast
  out = res.astype(np.float32)[s - off:e - off]
/home1/sku07891/miniconda3/envs/AlphaEval38/lib/python3.8/site-packages/pandas/core/window/rolling.py:655: RuntimeWarning: All-NaN slice encountered
  return func(x, start, end, min_periods, *numba_args)
/home1/sku07891/miniconda3/envs/AlphaEval38/lib/python3.8/site-packages/pandas/core/window/rolling.py:655: RuntimeWarning: All-NaN slice encountered
  return func(x, start, end, min_periods, *numba_args)
/home1/sku07891/miniconda3/envs/AlphaEval38/lib/python3.8/site-packages/pandas/core/window/rolling.py:655: RuntimeWarning: All-NaN slice encountered
  return func(x, start, end, min_periods, *numba_args)
/home1/sku07891/miniconda3/envs/AlphaEval38/lib/python3.8/site-packages/pandas/core/window/rolling.py:655: RuntimeWarning: All-NaN slice encountered
  return func(x, start, end, min_periods, *numba_args)
/gpfs/home1/sku07891/00.hojin/AlphaEval/AlphaSearchBench/alphasearchbench/data/qlib_provider.py:249: RuntimeWarning: overflow encountered in cast
  out = res.astype(np.float32)[s - off:e - off]
/home1/sku07891/miniconda3/envs/AlphaEval38/lib/python3.8/site-packages/pandas/core/window/rolling.py:655: RuntimeWarning: All-NaN slice encountered
  return func(x, start, end, min_periods, *numba_args)
/home1/sku07891/miniconda3/envs/AlphaEval38/lib/python3.8/site-packages/pandas/core/window/rolling.py:655: RuntimeWarning: All-NaN slice encountered
  return func(x, start, end, min_periods, *numba_args)
/home1/sku07891/miniconda3/envs/AlphaEval38/lib/python3.8/site-packages/pandas/core/window/rolling.py:655: RuntimeWarning: All-NaN slice encountered
  return func(x, start, end, min_periods, *numba_args)
/home1/sku07891/miniconda3/envs/AlphaEval38/lib/python3.8/site-packages/pandas/core/window/rolling.py:655: RuntimeWarning: All-NaN slice encountered
  return func(x, start, end, min_periods, *numba_args)
/home1/sku07891/miniconda3/envs/AlphaEval38/lib/python3.8/site-packages/pandas/core/window/rolling.py:655: RuntimeWarning: All-NaN slice encountered
  return func(x, start, end, min_periods, *numba_args)
/gpfs/home1/sku07891/00.hojin/AlphaEval/AlphaSearchBench/alphasearchbench/data/qlib_provider.py:249: RuntimeWarning: overflow encountered in cast
  out = res.astype(np.float32)[s - off:e - off]
/home1/sku07891/miniconda3/envs/AlphaEval38/lib/python3.8/site-packages/pandas/core/window/rolling.py:655: RuntimeWarning: All-NaN slice encountered
  return func(x, start, end, min_periods, *numba_args)
/home1/sku07891/miniconda3/envs/AlphaEval38/lib/python3.8/site-packages/pandas/core/window/rolling.py:655: RuntimeWarning: All-NaN slice encountered
  return func(x, start, end, min_periods, *numba_args)
/home1/sku07891/miniconda3/envs/AlphaEval38/lib/python3.8/site-packages/pandas/core/window/rolling.py:655: RuntimeWarning: All-NaN slice encountered
  return func(x, start, end, min_periods, *numba_args)
/home1/sku07891/miniconda3/envs/AlphaEval38/lib/python3.8/site-packages/pandas/core/window/rolling.py:655: RuntimeWarning: All-NaN slice encountered
  return func(x, start, end, min_periods, *numba_args)
/home1/sku07891/miniconda3/envs/AlphaEval38/lib/python3.8/site-packages/pandas/core/window/rolling.py:655: RuntimeWarning: All-NaN slice encountered
  return func(x, start, end, min_periods, *numba_args)
/home1/sku07891/miniconda3/envs/AlphaEval38/lib/python3.8/site-packages/pandas/core/window/rolling.py:655: RuntimeWarning: All-NaN slice encountered
  return func(x, start, end, min_periods, *numba_args)
/home1/sku07891/miniconda3/envs/AlphaEval38/lib/python3.8/site-packages/pandas/core/window/rolling.py:655: RuntimeWarning: All-NaN slice encountered
  return func(x, start, end, min_periods, *numba_args)
/home1/sku07891/miniconda3/envs/AlphaEval38/lib/python3.8/site-packages/pandas/core/window/rolling.py:655: RuntimeWarning: All-NaN slice encountered
  return func(x, start, end, min_periods, *numba_args)
/home1/sku07891/miniconda3/envs/AlphaEval38/lib/python3.8/site-packages/pandas/core/window/rolling.py:655: RuntimeWarning: All-NaN slice encountered
  return func(x, start, end, min_periods, *numba_args)
/home1/sku07891/miniconda3/envs/AlphaEval38/lib/python3.8/site-packages/pandas/core/window/rolling.py:655: RuntimeWarning: All-NaN slice encountered
  return func(x, start, end, min_periods, *numba_args)
/home1/sku07891/miniconda3/envs/AlphaEval38/lib/python3.8/site-packages/pandas/core/window/rolling.py:655: RuntimeWarning: All-NaN slice encountered
  return func(x, start, end, min_periods, *numba_args)
/home1/sku07891/miniconda3/envs/AlphaEval38/lib/python3.8/site-packages/pandas/core/window/rolling.py:655: RuntimeWarning: All-NaN slice encountered
  return func(x, start, end, min_periods, *numba_args)
/gpfs/home1/sku07891/00.hojin/AlphaEval/AlphaSearchBench/alphasearchbench/data/qlib_provider.py:249: RuntimeWarning: overflow encountered in cast
  out = res.astype(np.float32)[s - off:e - off]
/home1/sku07891/miniconda3/envs/AlphaEval38/lib/python3.8/site-packages/pandas/core/window/rolling.py:655: RuntimeWarning: All-NaN slice encountered
  return func(x, start, end, min_periods, *numba_args)
/gpfs/home1/sku07891/00.hojin/AlphaEval/AlphaSearchBench/alphasearchbench/data/qlib_provider.py:249: RuntimeWarning: overflow encountered in cast
  out = res.astype(np.float32)[s - off:e - off]
/home1/sku07891/miniconda3/envs/AlphaEval38/lib/python3.8/site-packages/pandas/core/window/rolling.py:655: RuntimeWarning: All-NaN slice encountered
  return func(x, start, end, min_periods, *numba_args)
/home1/sku07891/miniconda3/envs/AlphaEval38/lib/python3.8/site-packages/pandas/core/window/rolling.py:655: RuntimeWarning: All-NaN slice encountered
  return func(x, start, end, min_periods, *numba_args)
/home1/sku07891/miniconda3/envs/AlphaEval38/lib/python3.8/site-packages/pandas/core/window/rolling.py:655: RuntimeWarning: All-NaN slice encountered
  return func(x, start, end, min_periods, *numba_args)
/home1/sku07891/miniconda3/envs/AlphaEval38/lib/python3.8/site-packages/pandas/core/window/rolling.py:655: RuntimeWarning: All-NaN slice encountered
  return func(x, start, end, min_periods, *numba_args)
/home1/sku07891/miniconda3/envs/AlphaEval38/lib/python3.8/site-packages/pandas/core/window/rolling.py:655: RuntimeWarning: All-NaN slice encountered
  return func(x, start, end, min_periods, *numba_args)
/home1/sku07891/miniconda3/envs/AlphaEval38/lib/python3.8/site-packages/pandas/core/window/rolling.py:655: RuntimeWarning: All-NaN slice encountered
  return func(x, start, end, min_periods, *numba_args)
/home1/sku07891/miniconda3/envs/AlphaEval38/lib/python3.8/site-packages/pandas/core/window/rolling.py:655: RuntimeWarning: All-NaN slice encountered
  return func(x, start, end, min_periods, *numba_args)
/home1/sku07891/miniconda3/envs/AlphaEval38/lib/python3.8/site-packages/pandas/core/window/rolling.py:655: RuntimeWarning: All-NaN slice encountered
  return func(x, start, end, min_periods, *numba_args)
/home1/sku07891/miniconda3/envs/AlphaEval38/lib/python3.8/site-packages/pandas/core/window/rolling.py:655: RuntimeWarning: All-NaN slice encountered
  return func(x, start, end, min_periods, *numba_args)
/home1/sku07891/miniconda3/envs/AlphaEval38/lib/python3.8/site-packages/pandas/core/window/rolling.py:655: RuntimeWarning: All-NaN slice encountered
  return func(x, start, end, min_periods, *numba_args)
/home1/sku07891/miniconda3/envs/AlphaEval38/lib/python3.8/site-packages/pandas/core/window/rolling.py:655: RuntimeWarning: All-NaN slice encountered
  return func(x, start, end, min_periods, *numba_args)
/home1/sku07891/miniconda3/envs/AlphaEval38/lib/python3.8/site-packages/pandas/core/window/rolling.py:655: RuntimeWarning: All-NaN slice encountered
  return func(x, start, end, min_periods, *numba_args)
/home1/sku07891/miniconda3/envs/AlphaEval38/lib/python3.8/site-packages/pandas/core/window/rolling.py:655: RuntimeWarning: All-NaN slice encountered
  return func(x, start, end, min_periods, *numba_args)
/home1/sku07891/miniconda3/envs/AlphaEval38/lib/python3.8/site-packages/pandas/core/window/rolling.py:655: RuntimeWarning: All-NaN slice encountered
  return func(x, start, end, min_periods, *numba_args)
/home1/sku07891/miniconda3/envs/AlphaEval38/lib/python3.8/site-packages/pandas/core/window/rolling.py:655: RuntimeWarning: All-NaN slice encountered
  return func(x, start, end, min_periods, *numba_args)
/home1/sku07891/miniconda3/envs/AlphaEval38/lib/python3.8/site-packages/pandas/core/window/rolling.py:655: RuntimeWarning: All-NaN slice encountered
  return func(x, start, end, min_periods, *numba_args)
/home1/sku07891/miniconda3/envs/AlphaEval38/lib/python3.8/site-packages/pandas/core/window/rolling.py:655: RuntimeWarning: All-NaN slice encountered
  return func(x, start, end, min_periods, *numba_args)
/home1/sku07891/miniconda3/envs/AlphaEval38/lib/python3.8/site-packages/pandas/core/window/rolling.py:655: RuntimeWarning: All-NaN slice encountered
  return func(x, start, end, min_periods, *numba_args)
/home1/sku07891/miniconda3/envs/AlphaEval38/lib/python3.8/site-packages/pandas/core/window/rolling.py:655: RuntimeWarning: All-NaN slice encountered
  return func(x, start, end, min_periods, *numba_args)
/home1/sku07891/miniconda3/envs/AlphaEval38/lib/python3.8/site-packages/pandas/core/window/rolling.py:655: RuntimeWarning: All-NaN slice encountered
  return func(x, start, end, min_periods, *numba_args)
/home1/sku07891/miniconda3/envs/AlphaEval38/lib/python3.8/site-packages/pandas/core/window/rolling.py:655: RuntimeWarning: All-NaN slice encountered
  return func(x, start, end, min_periods, *numba_args)
/home1/sku07891/miniconda3/envs/AlphaEval38/lib/python3.8/site-packages/pandas/core/window/rolling.py:655: RuntimeWarning: All-NaN slice encountered
  return func(x, start, end, min_periods, *numba_args)
/home1/sku07891/miniconda3/envs/AlphaEval38/lib/python3.8/site-packages/pandas/core/window/rolling.py:655: RuntimeWarning: All-NaN slice encountered
  return func(x, start, end, min_periods, *numba_args)
/home1/sku07891/miniconda3/envs/AlphaEval38/lib/python3.8/site-packages/pandas/core/window/rolling.py:655: RuntimeWarning: All-NaN slice encountered
  return func(x, start, end, min_periods, *numba_args)
/home1/sku07891/miniconda3/envs/AlphaEval38/lib/python3.8/site-packages/pandas/core/window/rolling.py:655: RuntimeWarning: All-NaN slice encountered
  return func(x, start, end, min_periods, *numba_args)
/home1/sku07891/miniconda3/envs/AlphaEval38/lib/python3.8/site-packages/pandas/core/window/rolling.py:655: RuntimeWarning: All-NaN slice encountered
  return func(x, start, end, min_periods, *numba_args)
/home1/sku07891/miniconda3/envs/AlphaEval38/lib/python3.8/site-packages/pandas/core/window/rolling.py:655: RuntimeWarning: All-NaN slice encountered
  return func(x, start, end, min_periods, *numba_args)
/home1/sku07891/miniconda3/envs/AlphaEval38/lib/python3.8/site-packages/pandas/core/window/rolling.py:655: RuntimeWarning: All-NaN slice encountered
  return func(x, start, end, min_periods, *numba_args)
/home1/sku07891/miniconda3/envs/AlphaEval38/lib/python3.8/site-packages/pandas/core/window/rolling.py:655: RuntimeWarning: All-NaN slice encountered
  return func(x, start, end, min_periods, *numba_args)
/home1/sku07891/miniconda3/envs/AlphaEval38/lib/python3.8/site-packages/pandas/core/window/rolling.py:655: RuntimeWarning: All-NaN slice encountered
  return func(x, start, end, min_periods, *numba_args)
Generation 0 starts.
final:  [0.010280200206088243, -0.002329872232738373, -0.0664006914504922, -1000000.0, -0.23322308069440228, -0.007765551656587569, -0.3390500512676337, -0.13745564826452583, -0.19977281439329242, -0.00040594057301581165, 0.019633691899335348, 0.1325251406850874, -0.0009589797221182179, -0.0862631429625693, 0.0324979761933948, 0.11331898880767044, -1000000.0, -0.021781802423963225, -0.04021551441869348, 0.0004906194920075226, -1.912703259258005e-05, -0.009799009900847857, -0.014692940549576088, -0.279733845933224, 0.042569828547645114, -0.02489050433759733, -0.015837844533684458, -0.15296370639810317, -1000000.0, 0.04930897984209081, 0.04023274755997151, -0.045575815825751695, 0.03516044362867594, -0.0936701509907953, -0.0060377227060330755, 0.010992357581284109, -0.000807473210389177, 0.006644562097005494, 0.0021697604459196764, 0.00037410109238959484, 0.030692423187313373, -0.00040594057301581165, -1000000.0, -1000000.0, -0.0011229380979988247, -0.012817004253834155, 0.0239426357881407, 0.04751622443733567, -0.023620524833433947, -0.027841913977922756, -1000000.0, 0.018058677570740103, -0.047435654207275045, -0.015308319591300405, -0.0052598167254866175, 0.019346381548026415, 0.010120646335812576, -0.0075890681183627875, -0.2901680050567591, -0.005451903611864333, -0.13530009506320975, -1000000.0, 0.008171952393655387, -0.014830944473312707, -0.19875088012611666, 0.015922000626734642, 0.018058677570740103, 0.00021153822069645093, -0.3402170372827868, 0.0533544494457906, -0.00012639111796130815, 0.025738479678570958, 0.01839696403665734, 0.08329250243505644, -0.015498098043485453, -0.03735790096068952, 0.01802407677441589, -0.014469764187226486, -0.05806375230442152, -0.23733938721301653, 0.0003190600887226115, -1000000.0, -0.16920074126955553, -0.010138872785780958, 0.10385677326852322, -0.1112937801098611, -0.00989634400581715, -7.757216005498075e-05, 0.06732381339715283, -2.51107030769558e-05, 0.01788767282628965, -0.024582561541201694, -0.08217210013188372, -1000000.0, 0.0298712489036032, 0.013786047568456033, -0.03696931821314092, -0.05049843007799818, 0.04873831662156384, -0.0013115412811152926, -0.013580344757793525, 0.020030630469653973, 0.018058677570740103, -1.8419575039160905e-05, 0.03572832514284297, -0.10962344216925404, -0.00958099668810887, 0.004161483871385248, -0.031233568700795265, 0.02825047302086853, -0.22076968291989169, -1000000.0, 0.05971760393253999, -1000000.0, -0.006406346782570557, -0.028717560207303698, -4.5357768255572155e-05, -0.10695477913127342, -0.07986185130095352, 0.0031267267778273098, 0.10927446831123815, 0.15625765370272976, -0.00040594057301581165, -0.07831641240236421, -0.23416118617935922, 0.019533225232439017, -0.0015648360107457322, -0.13935207654831275, -1.8419575039160905e-05, -1000000.0, -0.21843460552827534, -0.17290013302360688, -0.021851400129980984, -0.0692050710831493, -0.18810673982808324, -0.0016042656104554222, 0.14414005539794494, 0.00591290283775522, -1000000.0, -0.000721030197018061, -0.004746354924472503, -0.04974402179668423, 0.004074216042209064, -0.025264226317484977, -0.05567426893340712, -0.02213263425674073, 0.10281102185189542, -0.18057178633705628, -0.07333545300443751, 0.0340160471693561, -0.018468156111172335, -0.028708705418008698, -0.020416887338520918, 0.001065012644592694, 0.021494196439180588, 0.029368171730525312, 0.002359674506908965, -0.012829377926267727, -0.11127758375304464, 0.04751622443733567, 0.01802407677441589, 0.009507991449489937, 0.00011870706949452355, -1000000.0, -0.05265206633752919, 0.008843992510432244, -1000000.0, 0.07411423060329092, -0.007250756635038396, -0.020415450743698865, -0.1458951689255417, 0.05904726364658491, 0.021855927596151736, -0.20978799627090447, -0.007179583274351457, 0.07170911425318009, -0.05806375230442152, -0.01076415052446058, 0.043347174086556375, -1000000.0, -0.061574387967271514, -0.1476674495603966, -0.10046157964573403, 0.09698124514932492, -0.024155212858663382, -0.013046055593336955, 0.10747731849110284, 0.0003831621833991671, -0.13136715815794758, 0.05304741503612419, -0.01031710288402843, -0.04803288135486395, 0.0025199021690226397, -1000000.0, -0.016598056268465756, -0.13591277619070594, -0.010845735088360578, -0.077710904210088, 0.08000841737817406, -0.018339762533878864, -0.15815143131845982, -1000000.0, -1000000.0, -0.005992603932924633, 0.0031267267778273098, 0.018058677570740103, -0.025986360631122793, -0.3962779635958985, -0.05930573896442562, -0.052340566644877996, 0.014675434824113737, -0.0654820720367255, 0.0008953877494267011, 0.0167726145554083, -0.09102236752232934, -0.042850056870230836, -0.013996656484223498, -0.003784418582829923, -0.06305863048494129, -0.007721956567030724, -0.08239811620260631, 0.012792008733159608, 0.06673873843578332, -1000000.0, -0.0391008484925894, -0.4472217106825885, -0.1079402142376075, -1000000.0, -0.008807917424215814, 0.017869429904504245, -0.06273947928766463, 0.009797824302252475, 0.012021887743180838, -0.2177670747721443, 0.10320889639853424, -0.054875385538844905, 0.01603092397376669, -0.12573628630991213, -0.06274080834480018, -0.025397592425411352, -0.1279295572621763, 0.004106054654324295, -0.06290044511044036, 0.01802407677441589, 0.04229393315433783, 0.14168108717742298, -0.041496607012036495, 0.0031267267778273098, 0.03625228301764931, -0.07337059261459418]
Generation 1 starts.
final:  [0.10320889639853424, -0.02516370873262655, 0.07925562121312271, 0.14168108717742298, 0.08463763409415183, 0.04751622443733567, 0.14168108717742298, 0.09698124514932492, 0.09955024791799054, -0.0044860268243547925, 0.005092125744317498, 0.038307513767981284, -0.06076692634278138, 0.14414005539794494, 0.07411423060329092, 0.04751622443733567, 0.052308439562133095, 0.1092538730558838, 0.1325251406850874, 0.08000841737817406, 0.03516044362867594, 0.1101277576166197, 0.14168108717742298, 0.15625765370272976, 0.0014160618523037607, 0.15625765370272976, 0.0010332196593364077, 0.14168108717742298, 0.12299907201635212, 0.08000841737817406, 0.01846846802149509, 0.11331898880767044, 0.0014160618523037607, 0.0006148726719460723, 0.005253508205268435, 0.10747731849110284, 0.09787422725493042, 0.07415026238879685, 0.15625765370272976, 0.06732381339715283, 0.14414005539794494, 0.018058677570740103, 0.0533544494457906, 0.14168108717742298, -0.003304245130365346, 0.07170911425318009, 0.15625765370272976, 0.04023274755997151, 0.13333295870155437, 0.15625765370272976, 0.1204036394658723, 0.09979448809630523, 0.13343195753127904, 0.11331898880767044, 0.07411423060329092, 0.012081467867712197, 0.004074216042209064, 0.11331898880767044, 0.10626237123998264, 0.10118179584781296, 0.14414005539794494, 0.14414005539794494, 0.05020854265196313, 0.06673873843578332, -7.743904623156128e-05, 0.08000841737817406, 0.06732381339715283, 0.08000841737817406, 0.07170911425318009, 0.12958935298423355, 0.09155233070825286, 0.04751622443733567, 0.04370211318006965, 0.018058677570740103, 0.14414005539794494, 0.0010332196593364077, -0.04013960142080241, 0.10385677326852322, 0.0893172105898669, 0.043347174086556375, 0.07279336493071113, 0.05904726364658491, -0.03637254180188229, 0.06265036081551799, 0.15625765370272976, 0.1325251406850874, 0.06673873843578332, 0.043347174086556375, 0.15625765370272976, 0.08000841737817406, 0.09225221293092153, 0.08000841737817406, 0.000987731601793597, -0.052656415801066836, 0.0006148726719460723, 0.0533544494457906, 0.004784278053646758, 0.0001448290176211301, 0.14168108717742298, 0.05846582945177174, 0.14168108717742298, 0.06649410573704798, 0.055899051199398773, 0.10747731849110284, 0.03238336433881755, 0.12843274176964323, 0.07411423060329092, 0.14414005539794494, 0.06673873843578332, 0.14168108717742298, 0.02825047302086853, 0.14168108717742298, 0.027250853498760937, -0.008784241162934475, 0.15625765370272976, 0.09684948783978296, -0.030786533858067802, 0.07289976035091754, 0.14168108717742298, 0.07289976035091754, 0.0006148726719460723, 0.10747731849110284, 0.07818829305181818, 0.14168108717742298, 0.07411423060329092, -0.12829285315328492, 0.14414005539794494, 0.10927446831123815, 0.10320889639853424, 0.14569777135852227, 0.05971760393253999, 0.0031267267778273098, 0.08000841737817406, 0.10385677326852322, 0.09692184900424254, -0.0038854217342387033, 0.02232550440849778, 0.06732381339715283, -0.005815302282446494, 0.0024062445712414574, 0.0885612556737939, 0.09698124514932492, 0.0010586487157304273, 0.15625765370272976, 0.12843274176964323, 0.01839696403665734, 0.0014160618523037607, 0.15625765370272976, 0.14414005539794494, 0.11331898880767044, 0.03078148837337951, 0.06556690844638746, 0.14060597711313547, 0.1325251406850874, 0.10385677326852322, 0.06243612944054583, 0.029368171730525312, 0.01846846802149509, 0.0010586487157304273, 0.14168108717742298, 0.10747731849110284, 0.15625765370272976, 0.15755031088790783, 0.10385677326852322, 0.16018863384100437, 0.1101277576166197, 0.04751622443733567, -0.012375949958850172, 0.08329250243505644, 0.055899051199398773, 0.07170911425318009, 0.05904726364658491, 0.15625765370272976, 0.1092538730558838, 0.05187750841162135, 0.06732381339715283, 0.05904726364658491, 0.006269715749877359, 0.10299998703568293, -0.0038854217342387033, 0.000987731601793597, 0.15121693329175243, 0.15625765370272976, 0.10118179584781296, 0.07204146412245298, 0.09420013443010429, 0.01255344971384128, 0.08000841737817406, 0.10118179584781296, 0.14414005539794494, 0.15625765370272976, 0.15625765370272976, 0.08467585791352866, 0.01603092397376669, 0.09698124514932492, 0.15625765370272976, 0.14414005539794494, 0.06877737011628678, 0.07411423060329092, -1000000.0, 0.09825375762780342, 0.15625765370272976, 0.01839696403665734, 0.06732381339715283, 0.06732381339715283, 0.10747731849110284, 0.0010332196593364077, 0.15625765370272976, -0.006156971207096118, 0.10320889639853424, 0.05931038903583209, 0.0533544494457906, 0.055899051199398773, 0.08000841737817406, 0.10320889639853424, -0.003672919867580619, 0.1101277576166197, -1000000.0, 0.01846846802149509, -0.04013960142080241, 0.0885612556737939, 0.05971760393253999, 0.05904726364658491, 0.05904726364658491, 0.04023274755997151, 0.055899051199398773, 0.017384918406184384, 0.1325251406850874, 0.1325251406850874, -0.04013960142080241, 0.14414005539794494, 0.01846846802149509, 0.10118179584781296, 0.06673873843578332, 0.0298712489036032, 0.13087397991009705, 0.04873831662156384, 0.09606753057067806, -0.057648561132928634, 0.02232550440849778, -0.025850055856551323, 0.1101277576166197, 0.14168108717742298, 0.016221024610837166, 0.06732381339715283, 0.14168108717742298, 0.04788392947923998, 0.05333150642640882, 0.10747731849110284, 0.04412253564863855]
Generation 2 starts.
final:  [0.15625765370272976, 0.15625765370272976, 0.16018863384100437, 0.15625765370272976, 0.15625765370272976, 0.15625765370272976, 0.15625765370272976, 0.14414005539794494, 0.15625765370272976, 0.16018863384100437, 0.15625765370272976, 0.15625765370272976, 0.14414005539794494, 0.15625765370272976, 0.15625765370272976, 0.15625765370272976, 0.15625765370272976, 0.10086220547773213, 0.15625765370272976, 0.15625765370272976, 0.15625765370272976, 0.1754719935740534, 0.14414005539794494, 0.14414005539794494, 0.15625765370272976, 0.06673873843578332, 0.15625765370272976, -0.05026975945749296, 0.10320889639853424, 0.14168108717742298, 0.14001179478396245, 0.15625765370272976, 0.06673873843578332, 0.06673873843578332, 0.15625765370272976, 0.15625765370272976, 0.15625765370272976, 0.15625765370272976, -0.05026975945749296, 0.15625765370272976, 0.15625765370272976, 0.15625765370272976, 0.10320889639853424, 0.14168108717742298, 0.15625765370272976, 0.06673873843578332, 0.15755031088790783, 0.14414005539794494, 0.15625765370272976, 0.14001179478396245, 0.15625765370272976, 0.1319528152739323, 0.15625765370272976, 0.14414005539794494, 0.06673873843578332, 0.15625765370272976, -0.04943271252930852, 0.14414005539794494, 0.15625765370272976, 0.14168108717742298, 0.15625765370272976, 0.15625765370272976, 0.15625765370272976, 0.10320889639853424, 0.06673873843578332, 0.15625765370272976, 0.15625765370272976, 0.15625765370272976, 0.15625765370272976, 0.14414005539794494, 0.14414005539794494, 0.15625765370272976, 0.15625765370272976, 0.14414005539794494, 0.15625765370272976, 0.15625765370272976, 0.15625765370272976, 0.15625765370272976, 0.15755031088790783, 0.10320889639853424, 0.14168108717742298, 0.15625765370272976, 0.15625765370272976, 0.15625765370272976, 0.15625765370272976, 0.15755031088790783, 0.15625765370272976, 0.14001179478396245, 0.11207539643251523, 0.06673873843578332, 0.15625765370272976, 0.15625765370272976, 0.14168108717742298, 0.15625765370272976, 0.15625765370272976, 0.15625765370272976, 0.14168108717742298, 0.14414005539794494, 0.14001179478396245, 0.11487038389430042, -0.05026975945749296, 0.14414005539794494, 0.02192788218221745, 0.15625765370272976, 0.15625765370272976, 0.15625765370272976, 0.10722572472196262, 0.15625765370272976, 0.14414005539794494, 0.15625765370272976, 0.10722572472196262, 0.16685324125081014, 0.15625765370272976, 0.15625765370272976, 0.14414005539794494, 0.16018863384100437, 0.15625765370272976, 0.055899051199398773, 0.055899051199398773, 0.1101277576166197, 0.15625765370272976, 0.15625765370272976, 0.15625765370272976, 0.16018863384100437, 0.15625765370272976, 0.15625765370272976, 0.06673873843578332, 0.1507955821327552, 0.10320889639853424, 0.15625765370272976, 0.02192788218221745, 0.15625765370272976, 0.14001179478396245, 0.15121693329175243, 0.15625765370272976, 0.10320889639853424, -1000000.0, 0.15625765370272976, 0.15625765370272976, 0.15625765370272976, 0.15625765370272976, 0.14414005539794494, 0.15625765370272976, 0.15121693329175243, 0.15625765370272976, 0.10512860888504273, 0.10512860888504273, 0.06673873843578332, 0.15625765370272976, 0.15625765370272976, 0.15625765370272976, 0.14168108717742298, 0.15625765370272976, 0.15625765370272976, 0.15625765370272976, 0.15625765370272976, 0.10512860888504273, 0.15625765370272976, 0.1319528152739323, 0.15625765370272976, 0.15625765370272976, 0.15625765370272976, 0.02192788218221745, 0.10512860888504273, 0.15625765370272976, 0.15625765370272976, 0.15625765370272976, 0.15625765370272976, 0.15625765370272976, 0.15625765370272976, 0.1101277576166197, 0.15625765370272976, 0.14414005539794494, 0.15625765370272976, 0.14168108717742298, 0.15755031088790783, 0.15625765370272976, 0.14414005539794494, 0.15625765370272976, 0.15625765370272976, 0.15755031088790783, 0.14414005539794494, 0.15625765370272976, 0.15625765370272976, 0.10320889639853424, 0.10320889639853424, 0.15625765370272976, 0.15625765370272976, 0.14414005539794494, 0.15625765370272976, 0.14414005539794494, 0.15625765370272976, 0.16018863384100437, 0.15625765370272976, 0.14414005539794494, 0.15625765370272976, 0.15625765370272976, 0.15625765370272976, 0.15755031088790783, 0.15625765370272976, 0.15625765370272976, 0.15612675667651862, 0.15625765370272976, 0.14414005539794494, 0.14414005539794494, 0.15625765370272976, 0.15625765370272976, 0.15755031088790783, 0.15625765370272976, 0.15625765370272976, 0.10512860888504273, 0.10320889639853424, 0.15625765370272976, 0.14414005539794494, -0.002938108596766193, 0.15625765370272976, 0.15625765370272976, 0.15625765370272976, 0.15625765370272976, 0.14414005539794494, 0.14414005539794494, 0.15625765370272976, 0.06673873843578332, 0.15625765370272976, 0.15625765370272976, 0.14168108717742298, 0.15625765370272976, 0.15625765370272976, 0.10512860888504273, 0.15625765370272976, 0.1319528152739323, 0.15625765370272976, 0.10512860888504273, 0.15625765370272976, 0.16018863384100437, 0.15625765370272976, 0.14414005539794494, 0.13630087505680405, 0.15625765370272976, 0.14414005539794494, 0.15625765370272976, 0.14414005539794494, 0.15625765370272976, 0.15625765370272976, 0.15625765370272976, 0.15755031088790783, 0.15625765370272976, -0.09493267679403078, 0.15625765370272976, 0.15625765370272976]
Generation 3 starts.
final:  [0.12380994931122652, 0.14001179478396245, 0.15625765370272976, 0.15625765370272976, 0.15625765370272976, 0.14677546144593867, 0.14001179478396245, 0.16018863384100437, 0.10037071457032723, 0.16685324125081014, 0.15625765370272976, 0.01802407677441589, 0.16685324125081014, 0.15625765370272976, 0.18006499533896347, 0.15625765370272976, 0.06673873843578332, 0.16018863384100437, 0.1507955821327552, 0.10320889639853424, 0.14001179478396245, 0.12012526898201574, 0.16018863384100437, 0.1507955821327552, 0.15625765370272976, 0.15648920963023016, 0.16018863384100437, 0.10320889639853424, 0.06673873843578332, 0.1754719935740534, 0.11222635683660419, 0.15625765370272976, 0.15755031088790783, 0.12012526898201574, 0.15755031088790783, 0.12012526898201574, 0.15755031088790783, 0.15755031088790783, 0.10037071457032723, 0.15755031088790783, 0.15625765370272976, 0.15625765370272976, 0.011106383201458585, 0.12900110527103836, 0.16265608596354603, 0.10512860888504273, 0.16018863384100437, 0.15625765370272976, 0.16018863384100437, 0.06673873843578332, 0.15625765370272976, 0.14001179478396245, 0.15625765370272976, 0.15625765370272976, 0.06673873843578332, 0.06673873843578332, 0.15625765370272976, 0.16396022795054613, 0.15625765370272976, 0.16018863384100437, 0.14001179478396245, 0.15755031088790783, 0.1754719935740534, 0.15625765370272976, 0.1319528152739323, 0.16018863384100437, 0.017593461908287065, 0.15625765370272976, 0.10037071457032723, 0.10512860888504273, 0.15755031088790783, 0.15175844189722107, 0.15625765370272976, 0.16018863384100437, 0.06673873843578332, 0.15625765370272976, 0.16018863384100437, 0.15755031088790783, 0.15755031088790783, 0.1507955821327552, 0.1749650316471397, 0.15625765370272976, 0.1552877085792866, 0.12380994931122652, 0.15625765370272976, 0.10320889639853424, 0.18006499533896347, 0.16018863384100437, 0.14732669529631684, 0.11369939283142295, 0.15625765370272976, 0.12012526898201574, 0.10320889639853424, 0.15625765370272976, 0.14001179478396245, 0.01802407677441589, 0.1754719935740534, 0.06673873843578332, 0.15625765370272976, 0.14001179478396245, 0.15755031088790783, 0.15625765370272976, 0.12380994931122652, 0.15755031088790783, 0.15755031088790783, 0.16018863384100437, 0.06673873843578332, 0.07662340827038475, 0.14168108717742298, 0.15625765370272976, 0.10320889639853424, 0.06673873843578332, 0.14168108717742298, 0.12900110527103836, 0.15755031088790783, 0.16018863384100437, 0.14001179478396245, 0.16018863384100437, 0.15625765370272976, 0.15755031088790783, 0.15755031088790783, 0.15625765370272976, 0.15625765370272976, 0.1754719935740534, 0.16018863384100437, 0.06673873843578332, 0.15625765370272976, 0.16018863384100437, 0.15755031088790783, 0.15625765370272976, 0.16018863384100437, 0.15625765370272976, 0.18006499533896347, 0.18006499533896347, 0.14168108717742298, 0.11494535624681544, 0.15625765370272976, 0.10320889639853424, 0.16018863384100437, 0.12012526898201574, 0.14168108717742298, 0.13213240095119536, 0.10037071457032723, 0.15625765370272976, 0.06673873843578332, 0.10320889639853424, 0.15755031088790783, 0.12012526898201574, 0.15625765370272976, 0.14001179478396245, 0.15755031088790783, 0.16018863384100437, 0.16018863384100437, 0.06673873843578332, 0.10037071457032723, 0.1754719935740534, 0.15625765370272976, 0.15755031088790783, 0.16685324125081014, 0.14677546144593867, 0.16018863384100437, 0.11494535624681544, 0.14650747430406175, 0.18006499533896347, 0.16018863384100437, 0.1754719935740534, 0.15755031088790783, 0.14699655574501877, 0.18006499533896347, 0.15625765370272976, 0.16018863384100437, 0.16685324125081014, 0.13213240095119536, 0.16018863384100437, 0.16685324125081014, 0.10320889639853424, 0.16018863384100437, 0.15755031088790783, 0.06673873843578332, 0.06673873843578332, 0.12012526898201574, 0.15625765370272976, 0.15625765370272976, 0.14001179478396245, 0.16685324125081014, 0.15755031088790783, 0.16018863384100437, 0.14677546144593867, 0.15625765370272976, 0.12012526898201574, 0.15755031088790783, 0.16018863384100437, 0.01802407677441589, 0.16018863384100437, 0.14001179478396245, 0.10320889639853424, 0.14650747430406175, 0.10037071457032723, 0.12012526898201574, 0.16018863384100437, 0.15625765370272976, 0.10512860888504273, 0.16685324125081014, 0.16018863384100437, 0.15625765370272976, 0.06673873843578332, 0.10037071457032723, 0.1749650316471397, 0.15755031088790783, 0.14001179478396245, 0.18006499533896347, 0.15625765370272976, 0.14001179478396245, 0.16685324125081014, 0.14001179478396245, 0.15625765370272976, 0.16685324125081014, 0.14001179478396245, 0.1348093104796392, 0.1754719935740534, 0.14168108717742298, 0.15625765370272976, 0.16018863384100437, 0.16265608596354603, 0.16018863384100437, 0.16018863384100437, 0.10320889639853424, 0.16018863384100437, 0.10512860888504273, 0.15755031088790783, 0.15755031088790783, 0.06673873843578332, 0.18006499533896347, 0.06673873843578332, 0.16685324125081014, 0.16018863384100437, 0.16018863384100437, 0.15755031088790783, 0.16265608596354603, 0.06673873843578332, 0.15625765370272976, 0.15625765370272976, 0.16018863384100437, 0.10037071457032723, 0.16018863384100437, 0.15625765370272976, 0.06673873843578332, 0.14001179478396245, 0.15625765370272976, 0.10320889639853424]
Generation 4 starts.
final:  [0.18006499533896347, 0.16864342681344976, 0.17862751819479966, 0.13850059558308617, 0.12900110527103836, 0.11868543367768121, 0.13850059558308617, 0.18006499533896347, 0.18006499533896347, 0.15625765370272976, 0.06673873843578332, 0.1754719935740534, 0.13850059558308617, 0.13850059558308617, 0.01802407677441589, 0.14698994903935722, 0.1749650316471397, 0.14732669529631684, 0.01802407677441589, 0.06673873843578332, 0.16018863384100437, 0.01802407677441589, 0.01802407677441589, 0.14698994903935722, 0.1754719935740534, 0.16685324125081014, 0.12900110527103836, 0.06673873843578332, 0.17862751819479966, 0.14001179478396245, 0.18006499533896347, 0.16864342681344976, 0.15625765370272976, 0.06673873843578332, 0.18006499533896347, 0.18006499533896347, 0.06673873843578332, 0.01802407677441589, 0.14698994903935722, 0.06673873843578332, 0.18006499533896347, 0.13850059558308617, 0.1754719935740534, 0.07662340827038475, 0.16265608596354603, 0.049823088798872844, 0.01802407677441589, 0.13850059558308617, 0.13390233187232728, 0.1348093104796392, 0.1749650316471397, 0.06673873843578332, 0.1754719935740534, 0.18006499533896347, 0.17862751819479966, 0.16018863384100437, 0.16018863384100437, 0.12900110527103836, 0.15625765370272976, 0.07631821123621196, 0.15625765370272976, 0.16685324125081014, 0.06673873843578332, 0.12012526898201574, 0.06673873843578332, 0.06673873843578332, 0.14001179478396245, 0.06673873843578332, 0.15625765370272976, 0.18006499533896347, 0.06673873843578332, 0.17431592747583413, 0.15625765370272976, 0.18006499533896347, 0.18006499533896347, 0.18006499533896347, 0.13850059558308617, 0.16864342681344976, 0.18006499533896347, 0.06673873843578332, 0.13850059558308617, 0.16685324125081014, 0.16685324125081014, 0.12900110527103836, 0.14001179478396245, 0.1348093104796392, 0.12900110527103836, 0.18006499533896347, 0.01802407677441589, 0.06673873843578332, 0.15625765370272976, 0.15625765370272976, 0.15625765370272976, 0.1749650316471397, 0.1348093104796392, 0.11369939283142295, 0.16018863384100437, 0.06673873843578332, 0.1754719935740534, 0.13850059558308617, 0.08444804284661778, 0.13850059558308617, 0.18006499533896347, 0.15625765370272976, 0.01802407677441589, 0.13390233187232728, 0.1754719935740534, 0.11868543367768121, 0.12900110527103836, 0.14650747430406175, 0.15175844189722107, 0.13850059558308617, 0.1749650316471397, 0.13850059558308617, 0.14650747430406175, 0.15625765370272976, 0.1754719935740534, 0.18006499533896347, 0.18006499533896347, 0.15625765370272976, 0.16396022795054613, 0.01802407677441589, 0.06673873843578332, 0.15625765370272976, 0.16018863384100437, 0.14001179478396245, 0.18006499533896347, 0.06673873843578332, 0.15625765370272976, 0.18006499533896347, 0.17862751819479966, 0.1754719935740534, 0.1754719935740534, 0.14698994903935722, 0.16685324125081014, 0.1754719935740534, 0.12900110527103836, 0.18006499533896347, 0.1754719935740534, 0.14698994903935722, 0.1348093104796392, 0.16018863384100437, 0.15625765370272976, 0.01802407677441589, 0.11868543367768121, 0.12900110527103836, 0.18006499533896347, 0.15625765370272976, 0.06673873843578332, 0.15625765370272976, 0.1754719935740534, 0.1754719935740534, 0.1552877085792866, 0.16018863384100437, 0.18006499533896347, 0.1754719935740534, 0.16685324125081014, 0.01802407677441589, 0.14698994903935722, 0.06673873843578332, 0.18006499533896347, 0.12900110527103836, 0.1754719935740534, 0.01802407677441589, 0.18006499533896347, 0.15625765370272976, 0.01802407677441589, 0.1348093104796392, 0.16018863384100437, 0.1631178369842659, 0.18006499533896347, 0.14698994903935722, 0.15625765370272976, 0.10320889639853424, 0.1754719935740534, 0.12900110527103836, 0.15625765370272976, 0.16864342681344976, 0.13850059558308617, 0.18006499533896347, 0.18006499533896347, 0.13850059558308617, 0.01802407677441589, 0.01802407677441589, 0.1754719935740534, 0.12900110527103836, 0.18006499533896347, 0.17862751819479966, 0.18006499533896347, 0.15175844189722107, 0.18006499533896347, 0.18006499533896347, 0.14698994903935722, 0.16685324125081014, 0.14001179478396245, 0.1754719935740534, 0.06673873843578332, 0.14650747430406175, 0.15625765370272976, 0.06673873843578332, 0.13390233187232728, 0.18006499533896347, 0.18006499533896347, 0.14001179478396245, 0.13390233187232728, 0.16265608596354603, 0.16685324125081014, 0.06673873843578332, 0.1754719935740534, 0.13850059558308617, 0.07662340827038475, 0.017330155603616525, 0.1348093104796392, 0.1749650316471397, 0.06673873843578332, 0.18006499533896347, 0.1754719935740534, 0.13850059558308617, 0.14168108717742298, 0.17431592747583413, 0.12012526898201574, 0.06673873843578332, 0.15625765370272976, 0.06673873843578332, 0.06673873843578332, 0.1754719935740534, 0.13850059558308617, 0.13850059558308617, 0.18006499533896347, 0.18006499533896347, 0.18006499533896347, 0.11091547524783255, 0.06673873843578332, 0.16685324125081014, 0.14001179478396245, 0.18006499533896347, 0.18006499533896347, 0.18006499533896347, 0.13850059558308617, 0.01802407677441589, 0.01802407677441589, 0.11868543367768121, 0.06673873843578332, 0.12900110527103836, 0.16018863384100437, 0.18006499533896347, 0.1754719935740534, 0.18006499533896347, 0.10320889639853424, 0.13850059558308617]
Generation 5 starts.
final:  [0.18006499533896347, 0.18006499533896347, 0.06673873843578332, 0.18006499533896347, 0.13850059558308617, 0.14168108717742298, 0.18006499533896347, 0.18006499533896347, 0.06673873843578332, 0.18006499533896347, 0.06673873843578332, 0.13850059558308617, 0.18006499533896347, 0.18006499533896347, 0.13850059558308617, 0.18006499533896347, 0.13850059558308617, 0.18006499533896347, 0.18006499533896347, 0.13850059558308617, 0.06673873843578332, 0.13850059558308617, 0.06673873843578332, 0.18006499533896347, 0.18006499533896347, 0.18006499533896347, 0.13850059558308617, 0.13850059558308617, 0.13850059558308617, 0.18006499533896347, 0.13850059558308617, 0.18006499533896347, 0.18006499533896347, 0.06673873843578332, -0.025511794439509246, 0.18006499533896347, 0.13850059558308617, 0.18006499533896347, 0.06673873843578332, 0.18006499533896347, 0.13850059558308617, 0.13850059558308617, 0.13850059558308617, 0.18006499533896347, 0.18006499533896347, 0.18006499533896347, 0.18006499533896347, 0.18006499533896347, 0.18006499533896347, 0.06673873843578332, 0.13850059558308617, 0.18006499533896347, 0.18006499533896347, 0.18006499533896347, 0.18006499533896347, 0.06673873843578332, 0.18006499533896347, 0.13850059558308617, 0.06673873843578332, 0.06673873843578332, 0.06673873843578332, 0.18006499533896347, 0.18006499533896347, 0.18006499533896347, 0.18006499533896347, 0.18006499533896347, 0.06673873843578332, -0.025841468457227606, 0.06673873843578332, 0.18006499533896347, 0.18006499533896347, 0.18006499533896347, 0.18006499533896347, 0.18006499533896347, 0.18006499533896347, 0.13850059558308617, 0.18006499533896347, 0.18006499533896347, 0.13850059558308617, 0.13850059558308617, 0.06673873843578332, 0.18006499533896347, 0.13850059558308617, 0.06673873843578332, 0.18006499533896347, 0.18006499533896347, 0.06673873843578332, 0.18006499533896347, 0.18006499533896347, 0.13850059558308617, 0.18006499533896347, 0.18006499533896347, 0.18006499533896347, 0.18006499533896347, 0.18006499533896347, 0.18006499533896347, 0.06673873843578332, 0.18006499533896347, 0.06673873843578332, 0.13850059558308617, 0.13850059558308617, 0.18006499533896347, 0.13850059558308617, 0.13850059558308617, 0.13850059558308617, 0.13850059558308617, 0.18006499533896347, 0.18006499533896347, 0.13850059558308617, 0.18006499533896347, 0.13850059558308617, 0.18006499533896347, 0.18006499533896347, 0.13390233187232728, 0.18006499533896347, 0.18006499533896347, 0.18006499533896347, 0.18006499533896347, 0.13850059558308617, 0.15476193733739213, 0.06673873843578332, 0.06673873843578332, 0.06673873843578332, 0.06673873843578332, 0.18006499533896347, 0.13850059558308617, 0.18006499533896347, 0.18006499533896347, 0.06673873843578332, 0.18006499533896347, 0.18006499533896347, 0.13850059558308617, 0.18006499533896347, 0.18006499533896347, 0.18006499533896347, 0.18006499533896347, 0.06673873843578332, 0.13850059558308617, 0.18006499533896347, 0.06673873843578332, 0.13850059558308617, 0.06673873843578332, 0.18006499533896347, 0.06673873843578332, 0.06673873843578332, 0.06673873843578332, 0.18006499533896347, 0.18006499533896347, 0.13850059558308617, 0.13850059558308617, 0.13850059558308617, 0.13850059558308617, 0.18006499533896347, 0.18006499533896347, 0.06673873843578332, 0.18006499533896347, 0.18006499533896347, -0.01037188230205787, 0.18006499533896347, 0.18006499533896347, 0.13850059558308617, 0.13850059558308617, 0.18006499533896347, 0.18006499533896347, 0.18006499533896347, 0.18006499533896347, 0.18006499533896347, 0.06673873843578332, 0.18006499533896347, 0.18006499533896347, 0.18006499533896347, 0.18006499533896347, 0.18006499533896347, 0.18006499533896347, 0.13850059558308617, 0.18006499533896347, 0.06673873843578332, 0.06673873843578332, 0.18006499533896347, 0.06673873843578332, 0.13850059558308617, 0.06673873843578332, 0.18006499533896347, 0.18006499533896347, 0.18006499533896347, 0.13850059558308617, 0.06673873843578332, 0.06673873843578332, 0.18006499533896347, 0.18006499533896347, 0.18006499533896347, 0.18006499533896347, 0.18006499533896347, 0.18006499533896347, 0.18006499533896347, 0.06673873843578332, 0.18006499533896347, 0.18006499533896347, 0.18006499533896347, 0.13850059558308617, 0.18006499533896347, 0.06673873843578332, 0.18006499533896347, 0.18006499533896347, 0.13850059558308617, 0.13850059558308617, 0.18006499533896347, 0.06673873843578332, 0.13850059558308617, 0.18006499533896347, 0.06673873843578332, 0.13850059558308617, 0.18006499533896347, 0.06673873843578332, 0.13850059558308617, 0.18006499533896347, 0.06673873843578332, 0.13850059558308617, 0.18006499533896347, 0.18006499533896347, 0.18006499533896347, 0.06673873843578332, 0.06673873843578332, 0.13850059558308617, 0.13850059558308617, 0.18006499533896347, 0.18006499533896347, 0.18006499533896347, 0.18006499533896347, 0.13850059558308617, 0.18006499533896347, 0.18006499533896347, 0.18006499533896347, 0.18006499533896347, 0.18006499533896347, 0.18006499533896347, 0.18006499533896347, 0.18006499533896347, 0.06673873843578332, 0.18006499533896347, 0.06673873843578332, 0.18006499533896347, 0.18006499533896347, 0.13850059558308617, 0.18006499533896347, 0.06673873843578332, 0.06673873843578332, 0.18006499533896347, 0.18006499533896347, 0.18006499533896347]
Generation 6 starts.
final:  [0.06673873843578332, 0.18006499533896347, 0.18006499533896347, 0.13850059558308617, 0.13850059558308617, 0.18006499533896347, 0.06673873843578332, 0.13850059558308617, 0.13850059558308617, 0.13850059558308617, 0.13850059558308617, 0.06673873843578332, 0.18006499533896347, 0.13850059558308617, 0.18006499533896347, 0.18006499533896347, 0.18006499533896347, 0.18006499533896347, 0.18006499533896347, 0.06673873843578332, 0.13850059558308617, 0.13850059558308617, 0.18006499533896347, 0.18006499533896347, 0.18006499533896347, 0.18006499533896347, 0.13850059558308617, 0.13850059558308617, 0.06673873843578332, 0.18006499533896347, 0.13850059558308617, 0.06673873843578332, 0.18006499533896347, 0.18006499533896347, 0.18006499533896347, 0.18006499533896347, 0.18006499533896347, 0.18006499533896347, 0.06673873843578332, 0.06673873843578332, 0.18006499533896347, 0.18006499533896347, 0.06673873843578332, 0.18006499533896347, 0.13850059558308617, 0.18006499533896347, 0.18006499533896347, 0.18006499533896347, 0.13850059558308617, 0.13850059558308617, 0.18006499533896347, 0.18006499533896347, 0.18006499533896347, 0.18006499533896347, 0.18006499533896347, 0.18006499533896347, 0.06673873843578332, 0.18006499533896347, 0.06673873843578332, 0.18006499533896347, 0.18006499533896347, 0.13850059558308617, 0.18006499533896347, 0.18006499533896347, 0.18006499533896347, 0.18006499533896347, 0.18006499533896347, 0.18006499533896347, 0.18006499533896347, 0.13850059558308617, 0.18006499533896347, 0.06673873843578332, 0.18006499533896347, 0.18006499533896347, 0.13850059558308617, 0.18006499533896347, 0.18006499533896347, 0.18006499533896347, 0.06673873843578332, 0.06673873843578332, 0.06673873843578332, 0.18006499533896347, 0.13850059558308617, 0.18006499533896347, 0.13850059558308617, 0.06673873843578332, 0.13850059558308617, 0.06673873843578332, 0.13850059558308617, 0.06673873843578332, 0.13850059558308617, 0.18006499533896347, 0.06673873843578332, 0.18006499533896347, 0.18006499533896347, 0.18006499533896347, 0.06673873843578332, 0.18006499533896347, 0.06673873843578332, 0.13850059558308617, 0.18006499533896347, 0.13850059558308617, 0.18006499533896347, 0.18006499533896347, 0.18006499533896347, 0.13850059558308617, 0.18006499533896347, 0.18006499533896347, 0.18006499533896347, 0.06673873843578332, 0.18006499533896347, 0.18006499533896347, 0.13850059558308617, 0.06673873843578332, 0.13850059558308617, 0.06673873843578332, 0.06673873843578332, 0.13850059558308617, 0.06673873843578332, 0.13850059558308617, 0.18006499533896347, 0.13850059558308617, 0.18006499533896347, 0.13850059558308617, 0.18006499533896347, 0.06673873843578332, 0.18006499533896347, 0.18006499533896347, 0.06673873843578332, 0.18006499533896347, 0.18006499533896347, 0.18006499533896347, 0.13850059558308617, 0.06673873843578332, 0.18006499533896347, 0.06673873843578332, 0.18006499533896347, 0.06673873843578332, 0.18006499533896347, 0.18006499533896347, 0.13850059558308617, 0.13850059558308617, 0.18006499533896347, 0.13850059558308617, 0.06673873843578332, 0.18006499533896347, 0.18006499533896347, -0.007189958345659307, 0.18006499533896347, 0.18006499533896347, 0.18006499533896347, 0.06673873843578332, 0.13850059558308617, 0.18006499533896347, 0.06673873843578332, 0.13850059558308617, 0.06673873843578332, 0.06673873843578332, 0.18006499533896347, 0.06673873843578332, 0.06673873843578332, 0.18006499533896347, 0.13850059558308617, 0.18006499533896347, 0.06673873843578332, 0.18006499533896347, 0.18006499533896347, 0.06673873843578332, 0.18006499533896347, 0.18006499533896347, 0.18006499533896347, 0.06673873843578332, 0.18006499533896347, 0.18006499533896347, 0.18006499533896347, 0.06673873843578332, 0.18006499533896347, 0.18006499533896347, 0.18006499533896347, 0.18006499533896347, 0.06673873843578332, 0.13850059558308617, 0.13850059558308617, 0.13850059558308617, 0.18006499533896347, 0.06673873843578332, 0.06673873843578332, 0.18006499533896347, 0.13850059558308617, 0.18006499533896347, 0.18006499533896347, 0.18006499533896347, 0.13850059558308617, 0.13850059558308617, 0.18006499533896347, 0.18006499533896347, 0.13850059558308617, 0.13850059558308617, 0.13850059558308617, 0.13850059558308617, 0.18006499533896347, 0.13850059558308617, 0.18006499533896347, 0.18006499533896347, 0.13850059558308617, 0.18006499533896347, 0.13850059558308617, 0.18006499533896347, 0.13850059558308617, 0.18006499533896347, 0.18006499533896347, 0.18006499533896347, 0.18006499533896347, 0.06673873843578332, 0.18006499533896347, 0.13850059558308617, 0.19309345340806897, 0.18006499533896347, 0.18006499533896347, 0.06673873843578332, 0.18006499533896347, 0.13850059558308617, 0.13850059558308617, 0.13850059558308617, 0.13850059558308617, 0.18006499533896347, 0.18006499533896347, 0.18006499533896347, 0.06673873843578332, 0.06673873843578332, 0.18006499533896347, 0.13850059558308617, 0.18006499533896347, 0.06673873843578332, 0.13850059558308617, 0.06673873843578332, 0.18006499533896347, 0.06673873843578332, 0.06673873843578332, 0.06673873843578332, 0.06673873843578332, 0.18006499533896347, 0.13850059558308617, 0.13850059558308617, 0.13850059558308617, 0.18006499533896347, 0.18006499533896347, 0.13850059558308617, 0.06673873843578332, 0.18006499533896347]
Generation 7 starts.
final:  [0.06673873843578332, 0.06673873843578332, 0.06673873843578332, 0.06673873843578332, 0.13850059558308617, 0.18006499533896347, 0.06673873843578332, 0.18006499533896347, 0.18006499533896347, 0.18006499533896347, 0.18006499533896347, 0.06673873843578332, 0.06673873843578332, 0.06673873843578332, 0.18006499533896347, 0.06673873843578332, -0.04323915268013143, 0.18006499533896347, 0.18006499533896347, 0.06673873843578332, 0.06673873843578332, 0.13850059558308617, 0.06673873843578332, 0.18006499533896347, 0.13850059558308617, 0.19309345340806897, 0.06673873843578332, 0.18006499533896347, 0.18006499533896347, 0.13850059558308617, 0.06673873843578332, 0.18006499533896347, 0.06673873843578332, 0.18006499533896347, 0.18006499533896347, 0.18006499533896347, 0.18006499533896347, 0.13850059558308617, 0.18006499533896347, 0.06673873843578332, 0.18006499533896347, 0.18006499533896347, 0.18006499533896347, 0.06673873843578332, 0.13850059558308617, 0.18006499533896347, 0.06673873843578332, 0.18006499533896347, 0.18006499533896347, 0.13850059558308617, 0.18006499533896347, 0.18006499533896347, 0.06673873843578332, 0.18006499533896347, 0.18006499533896347, 0.18006499533896347, 0.18006499533896347, 0.18006499533896347, 0.18006499533896347, 0.06673873843578332, 0.18006499533896347, 0.13850059558308617, 0.18006499533896347, 0.18006499533896347, 0.13850059558308617, 0.06673873843578332, 0.18006499533896347, 0.06673873843578332, 0.06673873843578332, 0.13850059558308617, 0.18006499533896347, 0.18006499533896347, 0.06673873843578332, 0.13850059558308617, 0.19309345340806897, 0.18006499533896347, 0.18006499533896347, 0.18006499533896347, 0.18006499533896347, 0.18006499533896347, 0.19309345340806897, 0.18006499533896347, 0.18006499533896347, 0.18006499533896347, 0.19309345340806897, 0.18006499533896347, 0.18006499533896347, 0.06673873843578332, 0.18006499533896347, 0.18006499533896347, 0.18006499533896347, 0.18006499533896347, 0.18006499533896347, 0.13850059558308617, 0.13850059558308617, 0.06673873843578332, 0.18006499533896347, 0.18006499533896347, 0.06673873843578332, 0.18006499533896347, 0.13850059558308617, 0.18006499533896347, 0.18006499533896347, 0.06673873843578332, 0.13850059558308617, 0.18006499533896347, 0.18006499533896347, 0.18006499533896347, 0.18006499533896347, 0.06673873843578332, 0.18006499533896347, 0.18006499533896347, 0.18006499533896347, 0.18006499533896347, 0.18006499533896347, 0.06673873843578332, 0.13850059558308617, 0.06673873843578332, 0.18006499533896347, 0.13850059558308617, 0.18006499533896347, 0.06673873843578332, 0.13850059558308617, 0.18006499533896347, 0.18006499533896347, 0.13850059558308617, 0.18006499533896347, 0.18006499533896347, 0.18006499533896347, 0.18006499533896347, 0.13850059558308617, 0.13850059558308617, 0.06673873843578332, 0.18006499533896347, 0.18006499533896347, 0.06673873843578332, 0.13850059558308617, 0.18006499533896347, 0.18006499533896347, 0.13850059558308617, 0.06673873843578332, 0.06673873843578332, 0.18006499533896347, 0.13850059558308617, 0.18006499533896347, 0.18006499533896347, 0.19309345340806897, 0.08974907616125348, 0.06673873843578332, 0.18006499533896347, 0.18006499533896347, 0.13850059558308617, 0.13850059558308617, 0.18006499533896347, 0.18006499533896347, 0.13850059558308617, 0.18006499533896347, 0.18006499533896347, 0.06673873843578332, 0.18006499533896347, 0.18006499533896347, 0.06673873843578332, 0.18006499533896347, 0.13850059558308617, 0.18006499533896347, 0.06673873843578332, 0.13850059558308617, 0.08974907616125348, 0.18006499533896347, 0.06673873843578332, 0.13850059558308617, 0.18006499533896347, 0.06673873843578332, 0.18006499533896347, 0.13850059558308617, 0.06673873843578332, 0.18006499533896347, 0.18006499533896347, 0.06673873843578332, 0.13850059558308617, 0.13850059558308617, 0.18006499533896347, 0.18006499533896347, 0.18006499533896347, 0.06673873843578332, 0.18006499533896347, 0.18006499533896347, 0.06673873843578332, 0.13850059558308617, 0.18006499533896347, 0.13850059558308617, 0.18006499533896347, 0.18006499533896347, 0.18006499533896347, 0.06673873843578332, 0.18006499533896347, 0.18006499533896347, 0.18006499533896347, 0.19309345340806897, 0.06673873843578332, 0.13850059558308617, 0.18006499533896347, 0.06673873843578332, 0.18006499533896347, 0.13850059558308617, 0.18006499533896347, 0.13850059558308617, 0.18006499533896347, 0.13850059558308617, 0.13850059558308617, 0.18006499533896347, 0.18006499533896347, 0.18006499533896347, 0.18006499533896347, 0.18006499533896347, 0.18006499533896347, 0.06673873843578332, 0.13850059558308617, 0.18006499533896347, 0.18006499533896347, 0.1383921111595043, 0.18006499533896347, 0.18006499533896347, 0.18006499533896347, 0.18006499533896347, 0.13850059558308617, 0.06673873843578332, 0.18006499533896347, 0.06673873843578332, 0.13850059558308617, 0.18006499533896347, 0.13850059558308617, 0.18006499533896347, 0.18006499533896347, 0.18006499533896347, 0.13850059558308617, 0.18006499533896347, 0.18006499533896347, 0.06673873843578332, 0.13850059558308617, 0.13850059558308617, 0.18006499533896347, 0.13850059558308617, 0.06673873843578332, 0.18006499533896347, 0.13850059558308617, 0.06673873843578332, 0.18006499533896347, 0.18006499533896347, 0.13850059558308617]
Generation 8 starts.
final:  [0.18006499533896347, 0.18006499533896347, 0.18006499533896347, 0.18006499533896347, 0.18006499533896347, 0.18006499533896347, 0.19309345340806897, 0.13850059558308617, 0.18006499533896347, 0.19309345340806897, 0.08974907616125348, 0.13850059558308617, 0.13850059558308617, 0.13850059558308617, 0.19309345340806897, 0.19309345340806897, 0.19309345340806897, 0.13850059558308617, 0.18006499533896347, 0.06673873843578332, 0.18006499533896347, 0.13850059558308617, 0.18006499533896347, 0.19309345340806897, 0.1383921111595043, 0.18006499533896347, 0.06673873843578332, 0.19309345340806897, 0.19309345340806897, 0.18006499533896347, 0.18006499533896347, 0.08974907616125348, 0.18006499533896347, 0.18006499533896347, 0.19309345340806897, 0.08974907616125348, 0.18006499533896347, 0.19309345340806897, 0.18006499533896347, 0.06673873843578332, 0.06673873843578332, 0.13850059558308617, -1000000.0, 0.06673873843578332, 0.19309345340806897, 0.18006499533896347, 0.18006499533896347, 0.19309345340806897, 0.18006499533896347, 0.18006499533896347, 0.1383921111595043, 0.18006499533896347, 0.06673873843578332, 0.06673873843578332, 0.18006499533896347, 0.18006499533896347, 0.08974907616125348, 0.06673873843578332, 0.18006499533896347, 0.08974907616125348, 0.18006499533896347, 0.18006499533896347, 0.06673873843578332, 0.19309345340806897, 0.18006499533896347, 0.13850059558308617, 0.19309345340806897, 0.18006499533896347, 0.13850059558308617, 0.06673873843578332, 0.19309345340806897, 0.18006499533896347, 0.06673873843578332, 0.13850059558308617, 0.1383921111595043, 0.18006499533896347, 0.19309345340806897, 0.06673873843578332, 0.18006499533896347, 0.08974907616125348, 0.06673873843578332, 0.06673873843578332, 0.18006499533896347, 0.2233126046312787, 0.18006499533896347, 0.13850059558308617, 0.18006499533896347, 0.13850059558308617, 0.18006499533896347, 0.18006499533896347, 0.06673873843578332, 0.18006499533896347, 0.13850059558308617, 0.18006499533896347, 0.18006499533896347, 0.18006499533896347, 0.19309345340806897, 0.18006499533896347, 0.06673873843578332, 0.19309345340806897, 0.18006499533896347, 0.18006499533896347, 0.13850059558308617, 0.1383921111595043, 0.18006499533896347, 0.06673873843578332, 0.18006499533896347, 0.19309345340806897, 0.1383921111595043, 0.06673873843578332, 0.06673873843578332, 0.1383921111595043, 0.19309345340806897, 0.1383921111595043, 0.19309345340806897, 0.13850059558308617, 0.19309345340806897, 0.06673873843578332, 0.19309345340806897, 0.19309345340806897, 0.06673873843578332, 0.13850059558308617, 0.19309345340806897, 0.18006499533896347, 0.18006499533896347, 0.06673873843578332, 0.06673873843578332, 0.19309345340806897, 0.18006499533896347, 0.18006499533896347, 0.13850059558308617, 0.19309345340806897, 0.19309345340806897, 0.19309345340806897, 0.18006499533896347, 0.18006499533896347, 0.08974907616125348, 0.18006499533896347, 0.19309345340806897, 0.1383921111595043, 0.1383921111595043, 0.13850059558308617, 0.18006499533896347, 0.08974907616125348, 0.08974907616125348, 0.1383921111595043, 0.19309345340806897, 0.18006499533896347, 0.13850059558308617, 0.08974907616125348, 0.19309345340806897, 0.18006499533896347, 0.18006499533896347, 0.06673873843578332, 0.18006499533896347, 0.18006499533896347, 0.06673873843578332, 0.06673873843578332, 0.18006499533896347, 0.19309345340806897, 0.19309345340806897, 0.19309345340806897, 0.18006499533896347, 0.13850059558308617, 0.13850059558308617, 0.13850059558308617, 0.18006499533896347, 0.13850059558308617, 0.19309345340806897, 0.06673873843578332, 0.19309345340806897, 0.18006499533896347, 0.08974907616125348, 0.19309345340806897, 0.08974907616125348, 0.13850059558308617, 0.1383921111595043, 0.18006499533896347, 0.13850059558308617, 0.18006499533896347, 0.18006499533896347, 0.19309345340806897, 0.08974907616125348, 0.13850059558308617, 0.08974907616125348, 0.06673873843578332, 0.19309345340806897, 0.1383921111595043, 0.18006499533896347, 0.13850059558308617, 0.19309345340806897, 0.1383921111595043, 0.08497164333305902, 0.19309345340806897, 0.19309345340806897, 0.1383921111595043, 0.18006499533896347, 0.19309345340806897, 0.06673873843578332, 0.08974907616125348, 0.06673873843578332, 0.19309345340806897, 0.06673873843578332, 0.18006499533896347, 0.08974907616125348, 0.18006499533896347, 0.19309345340806897, 0.06673873843578332, 0.18006499533896347, 0.18006499533896347, 0.19309345340806897, 0.19309345340806897, 0.13850059558308617, 0.18006499533896347, 0.13850059558308617, 0.18006499533896347, 0.19309345340806897, 0.06673873843578332, 0.19309345340806897, 0.18006499533896347, 0.06673873843578332, 0.19309345340806897, 0.18006499533896347, 0.06673873843578332, 0.18006499533896347, 0.19309345340806897, 0.19309345340806897, 0.18006499533896347, 0.06673873843578332, 0.19309345340806897, 0.1383921111595043, 0.18006499533896347, 0.19309345340806897, 0.13850059558308617, 0.06673873843578332, 0.1383921111595043, 0.19309345340806897, 0.18006499533896347, 0.13850059558308617, 0.13850059558308617, 0.06673873843578332, 0.13850059558308617, 0.19309345340806897, 0.18006499533896347, 0.19309345340806897, 0.13850059558308617, 0.06673873843578332, 0.19309345340806897, 0.08974907616125348, 0.19309345340806897]
Generation 9 starts.
final:  [0.19309345340806897, 0.08974907616125348, 0.19309345340806897, 0.08974907616125348, 0.19309345340806897, 0.19309345340806897, 0.08974907616125348, 0.19309345340806897, 0.11712653625361762, 0.19309345340806897, 0.19309345340806897, 0.08974907616125348, 0.1383921111595043, 0.19309345340806897, 0.1383921111595043, 0.2233126046312787, 0.08974907616125348, 0.1383921111595043, 0.08974907616125348, 0.19309345340806897, 0.1383921111595043, 0.08974907616125348, 0.08974907616125348, 0.2233126046312787, 0.1383921111595043, 0.08974907616125348, 0.19309345340806897, 0.08974907616125348, 0.08974907616125348, 0.1383921111595043, 0.08974907616125348, 0.1383921111595043, 0.19309345340806897, 0.18006499533896347, 0.19309345340806897, 0.19309345340806897, 0.19309345340806897, 0.08974907616125348, 0.19309345340806897, 0.19309345340806897, 0.19309345340806897, 0.19309345340806897, 0.19309345340806897, 0.1383921111595043, 0.1383921111595043, 0.1383921111595043, 0.08974907616125348, 0.19309345340806897, 0.08974907616125348, 0.08974907616125348, 0.19309345340806897, 0.19309345340806897, 0.08974907616125348, 0.19309345340806897, 0.08974907616125348, 0.1383921111595043, 0.2233126046312787, 0.08974907616125348, 0.19309345340806897, 0.19309345340806897, 0.2233126046312787, 0.19309345340806897, 0.19309345340806897, 0.1383921111595043, 0.19309345340806897, 0.19309345340806897, 0.19309345340806897, 0.08974907616125348, 0.19309345340806897, 0.1383921111595043, 0.1383921111595043, 0.1383921111595043, 0.08974907616125348, 0.19309345340806897, 0.08974907616125348, -0.0029111947976971707, 0.1383921111595043, 0.1383921111595043, 0.19309345340806897, 0.1383921111595043, 0.11712653625361762, 0.08974907616125348, 0.19309345340806897, 0.1383921111595043, 0.19309345340806897, 0.19309345340806897, 0.08974907616125348, 0.19309345340806897, 0.08974907616125348, 0.1383921111595043, 0.21786514928243153, 0.19309345340806897, 0.19309345340806897, 0.19309345340806897, 0.1383921111595043, 0.2233126046312787, 0.19309345340806897, -0.10204003755415945, 0.19309345340806897, 0.19309345340806897, 0.19309345340806897, 0.1383921111595043, 0.08974907616125348, 0.19309345340806897, 0.19309345340806897, 0.08974907616125348, 0.08974907616125348, 0.19309345340806897, 0.08974907616125348, 0.19309345340806897, 0.19309345340806897, 0.1383921111595043, 0.19309345340806897, 0.08974907616125348, 0.08974907616125348, 0.19309345340806897, 0.1383921111595043, 0.19309345340806897, 0.1383921111595043, 0.19309345340806897, 0.08974907616125348, 0.08974907616125348, 0.08974907616125348, 0.08974907616125348, 0.1383921111595043, 0.19309345340806897, 0.08974907616125348, 0.19309345340806897, 0.08974907616125348, 0.08974907616125348, 0.19309345340806897, 0.19309345340806897, 0.19309345340806897, 0.19309345340806897, 0.19309345340806897, 0.19309345340806897, 0.19309345340806897, 0.19309345340806897, 0.19309345340806897, 0.19309345340806897, 0.19309345340806897, 0.1383921111595043, 0.08974907616125348, 0.19309345340806897, 0.19309345340806897, 0.08974907616125348, 0.11712653625361762, 0.19309345340806897, 0.1383921111595043, 0.2233126046312787, 0.19309345340806897, 0.08974907616125348, 0.1383921111595043, 0.1383921111595043, 0.19309345340806897, 0.1383921111595043, 0.19309345340806897, 0.19309345340806897, 0.19309345340806897, 0.08974907616125348, 0.19309345340806897, 0.19309345340806897, 0.08974907616125348, 0.19309345340806897, 0.08974907616125348, 0.1383921111595043, 0.19309345340806897, 0.08974907616125348, 0.08974907616125348, 0.08974907616125348, 0.1383921111595043, 0.19309345340806897, 0.19309345340806897, 0.19309345340806897, 0.19309345340806897, 0.11712653625361762, 0.2233126046312787, 0.1383921111595043, 0.08974907616125348, 0.19309345340806897, 0.2233126046312787, 0.19309345340806897, 0.1383921111595043, 0.19309345340806897, 0.19309345340806897, 0.19309345340806897, 0.19309345340806897, 0.19309345340806897, 0.19309345340806897, 0.08974907616125348, 0.08974907616125348, 0.19309345340806897, 0.2233126046312787, 0.08974907616125348, 0.19309345340806897, 0.19309345340806897, 0.19309345340806897, 0.19309345340806897, 0.19309345340806897, 0.19309345340806897, 0.08974907616125348, 0.19309345340806897, 0.08974907616125348, 0.08974907616125348, 0.19309345340806897, 0.19309345340806897, 0.19309345340806897, 0.19309345340806897, 0.08974907616125348, 0.1383921111595043, 0.19309345340806897, 0.1383921111595043, 0.19309345340806897, 0.1383921111595043, 0.1383921111595043, 0.1383921111595043, 0.11712653625361762, 0.19309345340806897, 0.19309345340806897, 0.19309345340806897, 0.1383921111595043, 0.08974907616125348, 0.08974907616125348, 0.19309345340806897, 0.08974907616125348, 0.19309345340806897, 0.08974907616125348, 0.03063286643565255, 0.19309345340806897, 0.1383921111595043, 0.1383921111595043, 0.19309345340806897, 0.19309345340806897, 0.08974907616125348, 0.19309345340806897, 0.19309345340806897, 0.19309345340806897, 0.08974907616125348, 0.19309345340806897, 0.19309345340806897, 0.19309345340806897, 0.1383921111595043, 0.2233126046312787, 0.1383921111595043, 0.19309345340806897, 0.19309345340806897, 0.19309345340806897, 0.1383921111595043, 0.08974907616125348, 0.1383921111595043]
Generation 10 starts.
final:  [0.19309345340806897, 0.08974907616125348, 0.03063286643565255, 0.2233126046312787, 0.2233126046312787, 0.11712653625361762, 0.19309345340806897, 0.11712653625361762, -0.0829339477744669, 0.11712653625361762, 0.2233126046312787, 0.11712653625361762, 0.1383921111595043, 0.19309345340806897, 0.2233126046312787, 0.2233126046312787, 0.03063286643565255, 0.1383921111595043, 0.19309345340806897, 0.19309345340806897, 0.03063286643565255, 0.2233126046312787, 0.2233126046312787, 0.03063286643565255, 0.11712653625361762, 0.19309345340806897, 0.19309345340806897, 0.2233126046312787, 0.08974907616125348, 0.11712653625361762, 0.03063286643565255, 0.11712653625361762, 0.11712653625361762, 0.1383921111595043, 0.03063286643565255, 0.1383921111595043, 0.2233126046312787, 0.19309345340806897, 0.19309345340806897, 0.19309345340806897, 0.1383921111595043, 0.08974907616125348, 0.19309345340806897, 0.19309345340806897, 0.03063286643565255, 0.19309345340806897, 0.1383921111595043, 0.03063286643565255, 0.08974907616125348, 0.2233126046312787, 0.19309345340806897, 0.1383921111595043, 0.08974907616125348, 0.2233126046312787, 0.19309345340806897, 0.2233126046312787, 0.03063286643565255, 0.2233126046312787, 0.19309345340806897, 0.2233126046312787, 0.11712653625361762, 0.03063286643565255, 0.11712653625361762, 0.19309345340806897, 0.2233126046312787, 0.2233126046312787, 0.12885279876592987, 0.19309345340806897, 0.03063286643565255, 0.19309345340806897, 0.08974907616125348, 0.2233126046312787, 0.2233126046312787, 0.08974907616125348, 0.03063286643565255, 0.19309345340806897, 0.11712653625361762, 0.2233126046312787, 0.03063286643565255, 0.03063286643565255, 0.2233126046312787, 0.08974907616125348, 0.2233126046312787, 0.21786514928243153, 0.03063286643565255, 0.2233126046312787, 0.19309345340806897, 0.11712653625361762, 0.19309345340806897, 0.2233126046312787, 0.08974907616125348, 0.1383921111595043, 0.19309345340806897, 0.19309345340806897, 0.2233126046312787, 0.2233126046312787, 0.08974907616125348, 0.19309345340806897, 0.1383921111595043, 0.08974907616125348, 0.2233126046312787, 0.2233126046312787, 0.08974907616125348, 0.19309345340806897, 0.11712653625361762, 0.19309345340806897, 0.11712653625361762, 0.11712653625361762, 0.2233126046312787, 0.19309345340806897, 0.1383921111595043, 0.1383921111595043, 0.2233126046312787, 0.2233126046312787, 0.19309345340806897, 0.2233126046312787, 0.19309345340806897, 0.19309345340806897, 0.03063286643565255, 0.03063286643565255, 0.19309345340806897, 0.2233126046312787, 0.03063286643565255, 0.2233126046312787, 0.03063286643565255, 0.2233126046312787, 0.2233126046312787, 0.2233126046312787, 0.03063286643565255, 0.08974907616125348, 0.03063286643565255, 0.03063286643565255, 0.11712653625361762, 0.2233126046312787, 0.19309345340806897, 0.2233126046312787, 0.2233126046312787, 0.1383921111595043, 0.19309345340806897, 0.19309345340806897, 0.2233126046312787, 0.2233126046312787, 0.19309345340806897, 0.11712653625361762, -1000000.0, 0.19309345340806897, 0.1383921111595043, 0.03063286643565255, 0.2233126046312787, 0.2233126046312787, 0.11712653625361762, 0.19309345340806897, 0.2233126046312787, 0.19309345340806897, 0.11712653625361762, 0.1383921111595043, 0.19309345340806897, 0.08974907616125348, 0.2233126046312787, 0.03063286643565255, 0.2233126046312787, 0.11712653625361762, 0.2233126046312787, 0.2233126046312787, 0.19309345340806897, 0.11712653625361762, 0.2233126046312787, 0.11712653625361762, 0.03063286643565255, 0.21786514928243153, 0.1383921111595043, 0.19309345340806897, 0.19309345340806897, 0.19309345340806897, 0.19309345340806897, 0.1383921111595043, 0.19309345340806897, 0.2233126046312787, 0.03063286643565255, 0.11712653625361762, 0.19309345340806897, 0.2233126046312787, 0.21786514928243153, 0.03063286643565255, 0.2233126046312787, 0.2233126046312787, 0.1383921111595043, -0.0012166475539038147, 0.1383921111595043, 0.19309345340806897, 0.11712653625361762, 0.2233126046312787, 0.08974907616125348, 0.11712653625361762, 0.19309345340806897, 0.11712653625361762, 0.1383921111595043, 0.2233126046312787, 0.08974907616125348, 0.08974907616125348, 0.2233126046312787, 0.19309345340806897, 0.2233126046312787, 0.11712653625361762, 0.2233126046312787, 0.2233126046312787, 0.19309345340806897, 0.03063286643565255, 0.1383921111595043, 0.08974907616125348, 0.2233126046312787, 0.19309345340806897, 0.08974907616125348, 0.19309345340806897, 0.11712653625361762, 0.19309345340806897, 0.2233126046312787, 0.08974907616125348, 0.19309345340806897, 0.03063286643565255, 0.11712653625361762, 0.1383921111595043, 0.19309345340806897, 0.11712653625361762, 0.1383921111595043, 0.2233126046312787, 0.2233126046312787, 0.08974907616125348, 0.2233126046312787, 0.19309345340806897, 0.11712653625361762, 0.08974907616125348, 0.1383921111595043, 0.2233126046312787, 0.11712653625361762, 0.2233126046312787, 0.19309345340806897, 0.19309345340806897, 0.19309345340806897, 0.2233126046312787, 0.2233126046312787, 0.19309345340806897, 0.2233126046312787, 0.11712653625361762, 0.11712653625361762, 0.03063286643565255, 0.03063286643565255, 0.03063286643565255, 0.19309345340806897, 0.03063286643565255]
Generation 11 starts.
final:  [0.2233126046312787, 0.2233126046312787, 0.2233126046312787, 0.2233126046312787, 0.2233126046312787, 0.2233126046312787, 0.2233126046312787, 0.2233126046312787, 0.2233126046312787, 0.11712653625361762, 0.11712653625361762, 0.03063286643565255, 0.11712653625361762, 0.2233126046312787, 0.2233126046312787, 0.2233126046312787, 0.2233126046312787, 0.2233126046312787, 0.03063286643565255, 0.11712653625361762, 0.2233126046312787, 0.11712653625361762, 0.2233126046312787, 0.2233126046312787, 0.2233126046312787, 0.03063286643565255, 0.2233126046312787, 0.2233126046312787, 0.2233126046312787, 0.11712653625361762, 0.2233126046312787, 0.2233126046312787, 0.2233126046312787, 0.11712653625361762, 0.11712653625361762, 0.03063286643565255, 0.2233126046312787, 0.2233126046312787, 0.2233126046312787, 0.2233126046312787, 0.2233126046312787, 0.2233126046312787, 0.2233126046312787, 0.2233126046312787, 0.2233126046312787, 0.2233126046312787, 0.11712653625361762, 0.03063286643565255, 0.03063286643565255, 0.03063286643565255, 0.03063286643565255, 0.2233126046312787, 0.03063286643565255, 0.2233126046312787, 0.09186514060708559, 0.2233126046312787, 0.03063286643565255, 0.2233126046312787, 0.2233126046312787, 0.03063286643565255, 0.11712653625361762, 0.2233126046312787, 0.2233126046312787, 0.03063286643565255, 0.2233126046312787, 0.2233126046312787, 0.11712653625361762, 0.11712653625361762, 0.2233126046312787, 0.2233126046312787, 0.11712653625361762, 0.2233126046312787, 0.11712653625361762, 0.04545356535405859, 0.2233126046312787, 0.11712653625361762, 0.03063286643565255, 0.2233126046312787, 0.03063286643565255, 0.03063286643565255, 0.2233126046312787, 0.03063286643565255, 0.03063286643565255, 0.03063286643565255, 0.2233126046312787, 0.11712653625361762, 0.2233126046312787, 0.2233126046312787, 0.2233126046312787, 0.2233126046312787, 0.2233126046312787, 0.2233126046312787, 0.2233126046312787, 0.03063286643565255, 0.11712653625361762, 0.03063286643565255, 0.03063286643565255, 0.2233126046312787, 0.2233126046312787, 0.11712653625361762, 0.2233126046312787, 0.11712653625361762, 0.2233126046312787, 0.2233126046312787, 0.11712653625361762, 0.2233126046312787, 0.2233126046312787, 0.11712653625361762, 0.11712653625361762, 0.11712653625361762, 0.03063286643565255, 0.2233126046312787, 0.03063286643565255, 0.03063286643565255, 0.11712653625361762, 0.2233126046312787, 0.03063286643565255, 0.03063286643565255, 0.2233126046312787, 0.2233126046312787, 0.03063286643565255, 0.2233126046312787, 0.11712653625361762, 0.2233126046312787, 0.03063286643565255, 0.2233126046312787, 0.2233126046312787, 0.2233126046312787, 0.11712653625361762, 0.2233126046312787, 0.11712653625361762, 0.2233126046312787, 0.11712653625361762, 0.03063286643565255, 0.03063286643565255, 0.2233126046312787, 0.2233126046312787, 0.03063286643565255, 0.03063286643565255, 0.2233126046312787, 0.2233126046312787, 0.2233126046312787, 0.2233126046312787, 0.2233126046312787, 0.2233126046312787, 0.11712653625361762, 0.03063286643565255, 0.11712653625361762, 0.2233126046312787, 0.2233126046312787, 0.11712653625361762, 0.03063286643565255, 0.11712653625361762, 0.11712653625361762, 0.2233126046312787, 0.2233126046312787, 0.2233126046312787, 0.2233126046312787, 0.2233126046312787, 0.11712653625361762, 0.2233126046312787, 0.2233126046312787, 0.03063286643565255, 0.11712653625361762, 0.11712653625361762, 0.2233126046312787, 0.2233126046312787, 0.2233126046312787, 0.03063286643565255, 0.03063286643565255, 0.2233126046312787, 0.11712653625361762, 0.03063286643565255, 0.11712653625361762, 0.03063286643565255, 0.03063286643565255, 0.03063286643565255, 0.2233126046312787, 0.11712653625361762, 0.03063286643565255, 0.2233126046312787, 0.2233126046312787, 0.2233126046312787, 0.2233126046312787, 0.11712653625361762, 0.2233126046312787, 0.2233126046312787, 0.03063286643565255, 0.11712653625361762, 0.11712653625361762, 0.2233126046312787, 0.2233126046312787, 0.11712653625361762, 0.11712653625361762, 0.2233126046312787, 0.03063286643565255, 0.2233126046312787, 0.2233126046312787, 0.2233126046312787, 0.03063286643565255, 0.03063286643565255, 0.11712653625361762, 0.2233126046312787, 0.2233126046312787, 0.2233126046312787, 0.03063286643565255, 0.11712653625361762, 0.03063286643565255, 0.03063286643565255, 0.2233126046312787, 0.03063286643565255, 0.2233126046312787, 0.2233126046312787, 0.2233126046312787, 0.2233126046312787, 0.2233126046312787, 0.1590424597648388, 0.11712653625361762, 0.2233126046312787, 0.03063286643565255, 0.03063286643565255, 0.03063286643565255, 0.03063286643565255, 0.2233126046312787, 0.11712653625361762, 0.2233126046312787, 0.03063286643565255, 0.03063286643565255, 0.03063286643565255, 0.2233126046312787, 0.2233126046312787, 0.2233126046312787, 0.2233126046312787, 0.2233126046312787, 0.03063286643565255, 0.11712653625361762, 0.2233126046312787, 0.2233126046312787, 0.2233126046312787, 0.2233126046312787, 0.2233126046312787, 0.2233126046312787, 0.11712653625361762, 0.2233126046312787, 0.03063286643565255, 0.2233126046312787, 0.03063286643565255, 0.2233126046312787, 0.2233126046312787, 0.2233126046312787]
Generation 12 starts.
final:  [0.11712653625361762, 0.2233126046312787, 0.2233126046312787, 0.2233126046312787, 0.2233126046312787, 0.2233126046312787, 0.03063286643565255, 0.2233126046312787, 0.11712653625361762, 0.03063286643565255, 0.2233126046312787, 0.03063286643565255, 0.03063286643565255, 0.11712653625361762, 0.11712653625361762, 0.03063286643565255, 0.03063286643565255, 0.11712653625361762, 0.2233126046312787, 0.03063286643565255, 0.2233126046312787, 0.2233126046312787, 0.2233126046312787, 0.03063286643565255, 0.03063286643565255, 0.2233126046312787, 0.11712653625361762, 0.2233126046312787, 0.2233126046312787, 0.03063286643565255, 0.2233126046312787, 0.11712653625361762, 0.03063286643565255, 0.2233126046312787, 0.11712653625361762, 0.2233126046312787, 0.2233126046312787, 0.2233126046312787, 0.03063286643565255, 0.03063286643565255, 0.2233126046312787, 0.11712653625361762, 0.2233126046312787, 0.2233126046312787, 0.03063286643565255, 0.2233126046312787, 0.2233126046312787, 0.2233126046312787, 0.03063286643565255, 0.11712653625361762, 0.2233126046312787, 0.007756005758740977, 0.03063286643565255, 0.2233126046312787, 0.028935743568885737, 0.03063286643565255, 0.11712653625361762, 0.2233126046312787, 0.2233126046312787, 0.2233126046312787, 0.03063286643565255, 0.2233126046312787, 0.2233126046312787, 0.2233126046312787, 0.2233126046312787, 0.03063286643565255, 0.2233126046312787, 0.2233126046312787, 0.2233126046312787, 0.11712653625361762, 0.11712653625361762, 0.2233126046312787, 0.2233126046312787, 0.2233126046312787, 0.2233126046312787, 0.11712653625361762, 0.11712653625361762, 0.2233126046312787, 0.03063286643565255, 0.2233126046312787, 0.03063286643565255, 0.03063286643565255, 0.11712653625361762, 0.03063286643565255, 0.2233126046312787, 0.11712653625361762, 0.11712653625361762, 0.2233126046312787, 0.2233126046312787, 0.2233126046312787, 0.11712653625361762, 0.2233126046312787, 0.2233126046312787, 0.03063286643565255, 0.11712653625361762, 0.2233126046312787, -0.002363464489942426, 0.2233126046312787, 0.11712653625361762, 0.03063286643565255, 0.03063286643565255, 0.03063286643565255, 0.03063286643565255, 0.2233126046312787, 0.2233126046312787, 0.2233126046312787, 0.03063286643565255, 0.11712653625361762, 0.2233126046312787, 0.2233126046312787, 0.03063286643565255, 0.03063286643565255, 0.2233126046312787, 0.2233126046312787, 0.2233126046312787, 0.2233126046312787, 0.11712653625361762, 0.2233126046312787, 0.2233126046312787, 0.03063286643565255, 0.2233126046312787, 0.11712653625361762, 0.03063286643565255, 0.2233126046312787, 0.2233126046312787, 0.2233126046312787, 0.2233126046312787, 0.2233126046312787, 0.2233126046312787, 0.03063286643565255, 0.2233126046312787, 0.2233126046312787, 0.2233126046312787, 0.2233126046312787, 0.11712653625361762, 0.03063286643565255, 0.03063286643565255, 0.03063286643565255, 0.11712653625361762, 0.03063286643565255, 0.11712653625361762, 0.2233126046312787, 0.2233126046312787, 0.2233126046312787, 0.2233126046312787, 0.2233126046312787, 0.11712653625361762, 0.2233126046312787, 0.03063286643565255, 0.2233126046312787, 0.2233126046312787, 0.2233126046312787, 0.11712653625361762, 0.2233126046312787, 0.11712653625361762, 0.2233126046312787, 0.2233126046312787, 0.11712653625361762, 0.2233126046312787, 0.2233126046312787, 0.11712653625361762, 0.2233126046312787, 0.2233126046312787, 0.03063286643565255, 0.2233126046312787, 0.2233126046312787, 0.03063286643565255, 0.2233126046312787, 0.03063286643565255, 0.2233126046312787, 0.2233126046312787, 0.2233126046312787, 0.03063286643565255, 0.2233126046312787, 0.2233126046312787, 0.2233126046312787, 0.2233126046312787, 0.2233126046312787, 0.03063286643565255, 0.03063286643565255, 0.11712653625361762, 0.2233126046312787, 0.2233126046312787, 0.2233126046312787, 0.03063286643565255, 0.11712653625361762, 0.11712653625361762, 0.03063286643565255, 0.03063286643565255, 0.03063286643565255, 0.2233126046312787, 0.2233126046312787, 0.2233126046312787, 0.2233126046312787, 0.11712653625361762, 0.11712653625361762, 0.03063286643565255, 0.2233126046312787, 0.2233126046312787, 0.11712653625361762, 0.03063286643565255, 0.2233126046312787, 0.11712653625361762, 0.2233126046312787, 0.2233126046312787, 0.11712653625361762, 0.11712653625361762, 0.2233126046312787, 0.11712653625361762, 0.11712653625361762, 0.03063286643565255, 0.11712653625361762, 0.2233126046312787, 0.03063286643565255, 0.2233126046312787, 0.11712653625361762, 0.2233126046312787, 0.03063286643565255, 0.2233126046312787, 0.2233126046312787, 0.03063286643565255, 0.03063286643565255, 0.2233126046312787, 0.2233126046312787, 0.11712653625361762, 0.03063286643565255, 0.2233126046312787, 0.11712653625361762, 0.2233126046312787, 0.03063286643565255, 0.03063286643565255, 0.2233126046312787, 0.03063286643565255, 0.2233126046312787, 0.2233126046312787, 0.2233126046312787, 0.2233126046312787, 0.2233126046312787, 0.2233126046312787, 0.2233126046312787, 0.03063286643565255, 0.03063286643565255, 0.2233126046312787, 0.11712653625361762, 0.11712653625361762, 0.2233126046312787, 0.03063286643565255, 0.03063286643565255, 0.11712653625361762, 0.11712653625361762]
Generation 13 starts.
final:  [0.2233126046312787, 0.2233126046312787, 0.2233126046312787, 0.11712653625361762, 0.11712653625361762, 0.2233126046312787, 0.2233126046312787, 0.11712653625361762, 0.11712653625361762, 0.11712653625361762, 0.2233126046312787, 0.03063286643565255, 0.11712653625361762, 0.11712653625361762, 0.2233126046312787, 0.03063286643565255, 0.2233126046312787, 0.2233126046312787, 0.2233126046312787, 0.03063286643565255, 0.2233126046312787, 0.2233126046312787, 0.03063286643565255, 0.2233126046312787, 0.2233126046312787, 0.2233126046312787, 0.11712653625361762, 0.2233126046312787, 0.11712653625361762, 0.2233126046312787, 0.03063286643565255, 0.11712653625361762, 0.2233126046312787, 0.03063286643565255, 0.2233126046312787, 0.2233126046312787, 0.2233126046312787, 0.11712653625361762, 0.03063286643565255, 0.2233126046312787, 0.2233126046312787, 0.2233126046312787, 0.2233126046312787, 0.03063286643565255, 0.2233126046312787, 0.11712653625361762, 0.03063286643565255, 0.2233126046312787, 0.2233126046312787, 0.2233126046312787, 0.2233126046312787, 0.11712653625361762, 0.03063286643565255, 0.2233126046312787, 0.2233126046312787, 0.2233126046312787, 0.2233126046312787, 0.2233126046312787, 0.2233126046312787, 0.03063286643565255, 0.11712653625361762, 0.11712653625361762, 0.11712653625361762, 0.11712653625361762, 0.11712653625361762, 0.11712653625361762, 0.11712653625361762, 0.2233126046312787, 0.11712653625361762, 0.11712653625361762, 0.2233126046312787, 0.03063286643565255, 0.2233126046312787, 0.03063286643565255, 0.2233126046312787, 0.03063286643565255, 0.11712653625361762, 0.2233126046312787, 0.2233126046312787, 0.11712653625361762, 0.11712653625361762, 0.2233126046312787, 0.11712653625361762, 0.2233126046312787, 0.2233126046312787, 0.11712653625361762, -1000000.0, 0.2233126046312787, 0.03063286643565255, 0.11712653625361762, 0.2233126046312787, 0.2233126046312787, 0.11712653625361762, 0.11712653625361762, 0.03063286643565255, 0.2233126046312787, 0.2233126046312787, 0.2233126046312787, 0.11712653625361762, 0.03063286643565255, 0.2233126046312787, 0.2233126046312787, 0.11712653625361762, 0.11712653625361762, 0.2233126046312787, 0.2233126046312787, 0.2233126046312787, 0.11712653625361762, 0.11712653625361762, 0.2233126046312787, 0.2233126046312787, 0.03063286643565255, 0.2233126046312787, 0.03063286643565255, 0.11712653625361762, 0.03063286643565255, 0.2233126046312787, 0.11712653625361762, 0.03063286643565255, 0.2233126046312787, 0.11712653625361762, 0.2233126046312787, 0.2233126046312787, 0.11712653625361762, 0.03063286643565255, 0.03063286643565255, 0.2233126046312787, 0.11712653625361762, 0.03063286643565255, 0.2233126046312787, 0.11712653625361762, 0.2233126046312787, 0.2233126046312787, 0.2233126046312787, 0.03063286643565255, 0.03063286643565255, 0.03063286643565255, 0.2233126046312787, 0.11712653625361762, 0.2233126046312787, 0.03063286643565255, 0.2233126046312787, 0.2233126046312787, 0.2233126046312787, 0.2233126046312787, 0.2233126046312787, 0.2233126046312787, 0.11712653625361762, 0.11712653625361762, 0.2233126046312787, 0.03063286643565255, 0.2233126046312787, 0.2233126046312787, 0.11712653625361762, 0.2233126046312787, 0.03063286643565255, 0.03063286643565255, 0.03063286643565255, 0.03063286643565255, 0.11712653625361762, 0.2233126046312787, 0.2233126046312787, 0.2233126046312787, 0.2233126046312787, 0.03063286643565255, 0.11712653625361762, 0.03063286643565255, 0.03063286643565255, 0.2233126046312787, 0.11712653625361762, 0.03063286643565255, 0.03063286643565255, 0.03063286643565255, 0.03063286643565255, 0.03063286643565255, 0.2233126046312787, -0.003457726791574702, 0.03063286643565255, 0.03063286643565255, 0.2233126046312787, 0.2233126046312787, 0.2233126046312787, 0.2233126046312787, 0.11507486682743495, 0.2233126046312787, 0.2233126046312787, 0.03063286643565255, 0.2233126046312787, 0.03063286643565255, 0.2233126046312787, 0.2233126046312787, 0.2233126046312787, 0.2233126046312787, 0.2233126046312787, 0.11712653625361762, 0.11712653625361762, 0.03063286643565255, 0.03063286643565255, 0.03063286643565255, 0.2233126046312787, 0.2233126046312787, 0.11712653625361762, 0.2233126046312787, 0.03063286643565255, 0.03063286643565255, 0.11712653625361762, 0.2233126046312787, 0.2233126046312787, 0.11712653625361762, 0.2233126046312787, 0.2233126046312787, 0.2233126046312787, 0.03063286643565255, 0.11712653625361762, 0.11712653625361762, 0.03063286643565255, 0.03063286643565255, 0.2233126046312787, 0.2233126046312787, 0.2233126046312787, 0.03063286643565255, 0.2233126046312787, 0.03063286643565255, 0.2233126046312787, 0.11712653625361762, 0.11712653625361762, 0.11712653625361762, 0.2233126046312787, 0.11712653625361762, 0.03063286643565255, 0.03063286643565255, 0.03063286643565255, 0.2233126046312787, 0.03063286643565255, 0.03063286643565255, 0.2233126046312787, 0.11712653625361762, 0.2233126046312787, 0.2233126046312787, 0.2233126046312787, 0.2233126046312787, 0.11712653625361762, 0.2233126046312787, 0.03063286643565255, 0.11712653625361762, 0.03063286643565255, 0.03063286643565255, 0.03063286643565255, 0.2233126046312787, 0.11712653625361762]
Generation 14 starts.
final:  [0.03063286643565255, 0.11712653625361762, 0.2233126046312787, 0.2233126046312787, 0.11712653625361762, 0.11712653625361762, 0.03063286643565255, 0.11712653625361762, 0.11712653625361762, 0.2233126046312787, 0.03063286643565255, 0.2233126046312787, 0.2233126046312787, 0.2233126046312787, 0.2233126046312787, 0.03063286643565255, 0.11712653625361762, 0.11712653625361762, 0.2233126046312787, 0.03063286643565255, 0.03063286643565255, 0.2233126046312787, 0.2233126046312787, 0.2233126046312787, 0.03063286643565255, 0.11712653625361762, 0.2233126046312787, 0.03063286643565255, 0.2233126046312787, 0.11712653625361762, 0.11712653625361762, 0.2233126046312787, 0.03063286643565255, 0.11712653625361762, 0.03063286643565255, 0.2233126046312787, 0.2233126046312787, 0.03063286643565255, 0.2233126046312787, 0.2233126046312787, 0.2233126046312787, 0.2233126046312787, 0.2233126046312787, 0.2233126046312787, 0.2233126046312787, 0.11712653625361762, 0.2233126046312787, 0.03063286643565255, 0.11712653625361762, 0.2233126046312787, 0.2233126046312787, 0.11712653625361762, 0.03063286643565255, 0.2233126046312787, 0.11712653625361762, 0.03063286643565255, 0.11712653625361762, 0.11712653625361762, 0.2233126046312787, 0.11712653625361762, 0.03063286643565255, 0.2233126046312787, 0.03063286643565255, 0.2233126046312787, 0.03063286643565255, 0.2233126046312787, 0.11712653625361762, 0.11712653625361762, 0.11712653625361762, 0.11712653625361762, 0.11712653625361762, 0.2233126046312787, -0.016520181027837946, 0.2233126046312787, 0.03063286643565255, 0.2233126046312787, 0.2233126046312787, 0.11712653625361762, 0.11712653625361762, 0.2233126046312787, 0.11712653625361762, 0.2233126046312787, 0.11712653625361762, 0.03063286643565255, 0.2233126046312787, 0.2233126046312787, 0.11712653625361762, 0.03063286643565255, 0.2233126046312787, 0.2233126046312787, 0.2233126046312787, 0.03063286643565255, 0.2233126046312787, 0.2233126046312787, 0.2233126046312787, 0.11712653625361762, 0.2233126046312787, 0.2233126046312787, 0.2233126046312787, 0.03063286643565255, 0.11712653625361762, 0.2233126046312787, 0.03063286643565255, 0.2233126046312787, 0.2233126046312787, 0.2233126046312787, 0.2233126046312787, 0.044322329388475676, 0.11712653625361762, 0.2233126046312787, 0.03063286643565255, 0.2233126046312787, 0.2233126046312787, 0.11712653625361762, 0.11712653625361762, 0.2233126046312787, 0.03063286643565255, 0.03063286643565255, 0.03063286643565255, 0.2233126046312787, 0.2233126046312787, 0.03063286643565255, -1000000.0, 0.03063286643565255, 0.2233126046312787, 0.2233126046312787, 0.2233126046312787, 0.03063286643565255, 0.2233126046312787, 0.11712653625361762, 0.2233126046312787, 0.11712653625361762, 0.2233126046312787, 0.11712653625361762, 0.2233126046312787, 0.03063286643565255, 0.2233126046312787, 0.2233126046312787, 0.2233126046312787, 0.2233126046312787, 0.2233126046312787, 0.2233126046312787, 0.2233126046312787, 0.11712653625361762, 0.2233126046312787, 0.2233126046312787, 0.2233126046312787, 0.03063286643565255, 0.2233126046312787, 0.2233126046312787, 0.11712653625361762, 0.2233126046312787, 0.2233126046312787, 0.03063286643565255, 0.11712653625361762, 0.03063286643565255, 0.2233126046312787, 0.2233126046312787, 0.2233126046312787, 0.2233126046312787, 0.2233126046312787, 0.11712653625361762, 0.03063286643565255, 0.11712653625361762, 0.2233126046312787, -0.006096145756504816, 0.2233126046312787, 0.03063286643565255, 0.11712653625361762, 0.11712653625361762, 0.11712653625361762, 0.03063286643565255, 0.03063286643565255, 0.2233126046312787, 0.2233126046312787, 0.11712653625361762, 0.2233126046312787, 0.2233126046312787, 0.03063286643565255, 0.03063286643565255, 0.2233126046312787, 0.03063286643565255, 0.03063286643565255, 0.11712653625361762, 0.11712653625361762, 0.11712653625361762, 0.2233126046312787, 0.2233126046312787, 0.2233126046312787, 0.2233126046312787, -1000000.0, 0.2233126046312787, 0.2233126046312787, 0.2233126046312787, 0.03063286643565255, 0.2233126046312787, 0.11712653625361762, 0.2233126046312787, 0.03063286643565255, 0.11712653625361762, 0.11712653625361762, 0.2233126046312787, 0.03063286643565255, 0.1467949049353355, 0.2233126046312787, 0.03063286643565255, 0.11712653625361762, 0.2233126046312787, 0.03063286643565255, 0.2233126046312787, 0.2233126046312787, 0.03063286643565255, 0.03063286643565255, 0.03063286643565255, 0.03063286643565255, 0.2233126046312787, 0.03063286643565255, 0.2233126046312787, 0.2233126046312787, 0.11712653625361762, 0.03063286643565255, 0.11712653625361762, 0.2233126046312787, 0.03063286643565255, 0.2233126046312787, 0.2233126046312787, 0.2233126046312787, 0.2233126046312787, 0.03063286643565255, 0.03063286643565255, 0.03063286643565255, 0.2233126046312787, 0.2233126046312787, 0.03063286643565255, 0.2233126046312787, 0.03063286643565255, 0.2233126046312787, 0.2233126046312787, 0.11712653625361762, 0.03063286643565255, 0.03063286643565255, 0.03063286643565255, 0.2233126046312787, 0.03063286643565255, 0.2233126046312787, 0.03063286643565255, 0.2233126046312787, 0.11712653625361762, 0.03063286643565255, 0.2233126046312787]
Generation 15 starts.
final:  [0.2233126046312787, 0.2233126046312787, 0.2233126046312787, 0.03063286643565255, 0.2233126046312787, 0.11712653625361762, 0.2233126046312787, 0.2233126046312787, 0.2233126046312787, 0.11712653625361762, 0.2233126046312787, 0.2233126046312787, 0.11712653625361762, 0.2233126046312787, 0.2233126046312787, 0.2233126046312787, 0.03063286643565255, 0.2233126046312787, 0.2233126046312787, 0.03063286643565255, 0.2233126046312787, 0.2233126046312787, 0.2233126046312787, 0.11712653625361762, 0.11712653625361762, 0.11712653625361762, 0.2233126046312787, 0.2233126046312787, 0.2233126046312787, 0.03063286643565255, 0.2233126046312787, 0.11712653625361762, 0.2233126046312787, 0.11712653625361762, 0.11712653625361762, 0.03063286643565255, 0.11712653625361762, 0.2233126046312787, 0.03063286643565255, 0.2233126046312787, 0.2233126046312787, 0.2233126046312787, 0.2233126046312787, 0.2233126046312787, 0.2233126046312787, 0.2233126046312787, 0.2233126046312787, 0.2233126046312787, 0.2233126046312787, 0.2233126046312787, 0.11712653625361762, 0.2233126046312787, 0.2233126046312787, 0.03063286643565255, 0.03063286643565255, 0.03063286643565255, 0.03063286643565255, 0.03063286643565255, 0.2233126046312787, 0.2233126046312787, 0.11712653625361762, 0.2233126046312787, 0.14048103021011898, 0.03063286643565255, 0.11712653625361762, 0.2233126046312787, 0.11712653625361762, 0.03063286643565255, 0.11712653625361762, 0.03063286643565255, 0.03063286643565255, 0.2233126046312787, 0.2233126046312787, 0.03063286643565255, 0.2233126046312787, 0.11712653625361762, 0.2233126046312787, 0.11712653625361762, 0.2233126046312787, 0.2233126046312787, 0.2233126046312787, 0.2233126046312787, 0.03063286643565255, 0.2233126046312787, 0.03063286643565255, 0.03063286643565255, 0.2233126046312787, 0.03063286643565255, 0.11712653625361762, 0.03063286643565255, 0.2233126046312787, 0.2233126046312787, 0.03063286643565255, 0.11712653625361762, 0.03063286643565255, 0.2233126046312787, 0.11712653625361762, 0.11712653625361762, 0.2233126046312787, 0.11712653625361762, 0.2233126046312787, 0.11712653625361762, 0.03063286643565255, 0.11712653625361762, 0.11712653625361762, 0.03063286643565255, 0.2233126046312787, 0.2233126046312787, 0.2233126046312787, 0.03063286643565255, 0.2233126046312787, 0.03063286643565255, 0.03063286643565255, 0.2233126046312787, 0.2233126046312787, 0.2233126046312787, 0.2233126046312787, 0.03063286643565255, 0.2233126046312787, 0.2233126046312787, 0.2233126046312787, 0.2233126046312787, 0.11712653625361762, 0.2233126046312787, 0.2233126046312787, 0.11712653625361762, 0.2233126046312787, 0.03063286643565255, 0.11712653625361762, 0.2233126046312787, 0.03063286643565255, 0.03063286643565255, 0.2233126046312787, 0.11712653625361762, 0.2233126046312787, 0.2233126046312787, 0.11712653625361762, 0.2233126046312787, 0.03063286643565255, 0.11712653625361762, 0.03063286643565255, 0.11712653625361762, 0.11712653625361762, 0.2233126046312787, 0.03063286643565255, 0.2233126046312787, 0.2233126046312787, 0.2233126046312787, 0.11712653625361762, 0.03063286643565255, 0.2233126046312787, 0.03063286643565255, 0.2233126046312787, 0.2233126046312787, 0.2233126046312787, 0.2233126046312787, 0.11712653625361762, 0.03063286643565255, 0.2233126046312787, 0.11712653625361762, 0.2233126046312787, 0.2233126046312787, 0.11712653625361762, 0.2233126046312787, 0.11712653625361762, 0.2233126046312787, 0.2233126046312787, 0.2233126046312787, 0.11712653625361762, 0.2233126046312787, 0.2233126046312787, 0.11712653625361762, 0.2233126046312787, 0.11712653625361762, 0.11712653625361762, 0.11712653625361762, 0.2233126046312787, 0.2233126046312787, 0.2233126046312787, 0.2233126046312787, 0.11712653625361762, 0.2233126046312787, 0.11712653625361762, 0.2233126046312787, 0.2233126046312787, 0.2233126046312787, 0.03063286643565255, 0.2233126046312787, 0.03063286643565255, 0.03063286643565255, 0.11712653625361762, 0.11712653625361762, 0.03063286643565255, 0.11712653625361762, 0.03063286643565255, 0.11712653625361762, 0.2233126046312787, 0.2233126046312787, 0.2233126046312787, 0.2233126046312787, 0.2233126046312787, 0.03063286643565255, 0.11712653625361762, 0.2233126046312787, 0.11712653625361762, 0.2233126046312787, 0.2233126046312787, 0.2233126046312787, 0.2233126046312787, 0.03063286643565255, 0.11712653625361762, 0.11712653625361762, 0.2233126046312787, 0.2233126046312787, 0.2233126046312787, 0.11712653625361762, 0.2233126046312787, 0.11712653625361762, 0.2233126046312787, 0.2233126046312787, 0.2233126046312787, 0.03063286643565255, 0.11712653625361762, 0.2233126046312787, 0.2233126046312787, 0.2233126046312787, 0.2233126046312787, 0.11712653625361762, 0.2233126046312787, 0.2233126046312787, 0.11712653625361762, 0.2233126046312787, 0.11712653625361762, 0.2233126046312787, 0.11712653625361762, 0.11712653625361762, 0.11712653625361762, 0.03063286643565255, -0.015779458151698178, 0.03063286643565255, 0.2233126046312787, 0.2233126046312787, 0.11712653625361762, 0.2233126046312787, 0.2233126046312787, 0.2233126046312787, 0.2233126046312787, 0.2233126046312787, 0.11712653625361762, 0.2233126046312787]
Generation 16 starts.
final:  [0.11712653625361762, 0.2233126046312787, 0.03063286643565255, 0.11712653625361762, 0.2233126046312787, 0.2233126046312787, 0.11712653625361762, 0.11712653625361762, 0.11712653625361762, 0.03063286643565255, 0.11712653625361762, 0.2233126046312787, 0.11712653625361762, 0.2233126046312787, 0.11712653625361762, 0.03063286643565255, 0.11712653625361762, 0.2233126046312787, 0.11712653625361762, 0.2233126046312787, 0.2233126046312787, 0.2233126046312787, 0.11712653625361762, 0.2233126046312787, 0.03063286643565255, 0.2233126046312787, 0.11712653625361762, 0.2233126046312787, 0.2233126046312787, 0.2233126046312787, 0.2233126046312787, 0.2233126046312787, 0.03063286643565255, 0.2233126046312787, 0.2233126046312787, 0.2233126046312787, 0.2233126046312787, 0.03063286643565255, 0.03063286643565255, 0.2233126046312787, 0.11712653625361762, 0.2233126046312787, 0.11712653625361762, 0.2233126046312787, 0.11712653625361762, 0.2233126046312787, 0.2233126046312787, 0.2233126046312787, 0.2233126046312787, 0.11712653625361762, 0.2233126046312787, 0.11712653625361762, 0.2233126046312787, 0.2233126046312787, 0.03063286643565255, 0.11712653625361762, 0.2233126046312787, 0.2233126046312787, 0.03063286643565255, 0.2233126046312787, 0.2233126046312787, 0.03063286643565255, 0.11712653625361762, 0.2233126046312787, 0.11712653625361762, 0.2233126046312787, 0.03063286643565255, 0.11712653625361762, 0.03063286643565255, 0.2233126046312787, 0.2233126046312787, 0.2233126046312787, 0.2233126046312787, 0.03063286643565255, 0.2233126046312787, 0.2233126046312787, 0.11712653625361762, 0.03063286643565255, 0.2233126046312787, 0.03063286643565255, 0.2233126046312787, 0.2233126046312787, 0.2233126046312787, 0.11712653625361762, 0.2233126046312787, 0.2233126046312787, 0.2233126046312787, 0.2233126046312787, 0.2233126046312787, 0.11712653625361762, 0.2233126046312787, 0.2233126046312787, 0.2233126046312787, 0.2233126046312787, 0.2233126046312787, 0.2233126046312787, 0.11712653625361762, 0.2233126046312787, 0.2233126046312787, 0.03063286643565255, 0.11712653625361762, 0.03063286643565255, 0.03063286643565255, 0.2233126046312787, 0.11712653625361762, 0.2233126046312787, 0.19622569464627335, 0.03063286643565255, 0.2233126046312787, 0.2233126046312787, 0.2233126046312787, 0.11712653625361762, 0.2233126046312787, 0.2233126046312787, 0.2233126046312787, 0.03063286643565255, 0.03063286643565255, 0.2233126046312787, 0.2233126046312787, 0.2233126046312787, 0.03063286643565255, 0.03063286643565255, 0.2233126046312787, 0.03063286643565255, 0.2233126046312787, 0.2233126046312787, 0.11712653625361762, 0.2233126046312787, 0.03063286643565255, 0.2233126046312787, 0.03063286643565255, 0.2233126046312787, 0.03063286643565255, 0.2233126046312787, 0.2233126046312787, 0.2233126046312787, 0.2233126046312787, 0.03063286643565255, 0.2233126046312787, 0.03063286643565255, 0.2233126046312787, 0.2233126046312787, 0.11712653625361762, 0.2233126046312787, 0.2233126046312787, 0.2233126046312787, 0.2233126046312787, 0.2233126046312787, 0.03063286643565255, 0.2233126046312787, 0.03063286643565255, 0.03063286643565255, 0.11712653625361762, 0.2233126046312787, 0.11712653625361762, 0.2233126046312787, 0.2233126046312787, 0.2233126046312787, 0.11712653625361762, 0.2233126046312787, 0.03063286643565255, 0.2233126046312787, 0.2233126046312787, 0.2233126046312787, 0.03063286643565255, 0.2233126046312787, 0.03063286643565255, 0.03063286643565255, 0.11712653625361762, 0.03063286643565255, 0.2233126046312787, 0.11712653625361762, 0.03063286643565255, 0.2233126046312787, 0.11712653625361762, 0.03063286643565255, 0.11712653625361762, 0.2233126046312787, 0.2233126046312787, 0.11712653625361762, 0.2233126046312787, 0.11712653625361762, 0.11712653625361762, 0.11712653625361762, 0.11712653625361762, 0.11712653625361762, 0.03063286643565255, 0.2233126046312787, 0.2233126046312787, 0.2233126046312787, 0.11712653625361762, 0.03063286643565255, 0.2233126046312787, 0.03063286643565255, 0.11712653625361762, 0.2233126046312787, 0.03063286643565255, 0.11712653625361762, 0.2233126046312787, 0.03063286643565255, 0.03063286643565255, 0.2233126046312787, 0.2233126046312787, 0.11712653625361762, 0.2233126046312787, 0.2233126046312787, 0.11712653625361762, 0.11712653625361762, 0.2233126046312787, 0.2233126046312787, 0.2233126046312787, 0.11712653625361762, 0.11712653625361762, 0.11712653625361762, 0.2233126046312787, 0.11712653625361762, 0.2233126046312787, 0.2233126046312787, 0.2233126046312787, 0.2233126046312787, 0.11712653625361762, 0.03063286643565255, 0.2233126046312787, 0.03063286643565255, 0.2233126046312787, 0.03063286643565255, 0.2233126046312787, 0.03063286643565255, 0.2233126046312787, 0.11712653625361762, 0.03063286643565255, 0.2233126046312787, 0.11712653625361762, 0.2233126046312787, 0.2233126046312787, 0.03063286643565255, 0.11712653625361762, 0.03063286643565255, 0.2233126046312787, 0.2233126046312787, 0.11712653625361762, 0.11712653625361762, 0.11712653625361762, 0.11712653625361762, 0.2233126046312787, 0.03063286643565255, 0.11712653625361762, 0.2233126046312787, 0.11712653625361762, 0.03063286643565255]
Generation 17 starts.
final:  [0.03063286643565255, 0.03063286643565255, 0.03063286643565255, 0.03063286643565255, 0.11712653625361762, 0.2233126046312787, 0.2233126046312787, 0.11712653625361762, 0.03063286643565255, 0.11712653625361762, 0.2233126046312787, 0.2233126046312787, 0.2233126046312787, 0.11712653625361762, 0.2233126046312787, 0.11712653625361762, 0.2233126046312787, 0.2233126046312787, 0.11712653625361762, 0.03063286643565255, 0.11712653625361762, 0.2233126046312787, 0.2233126046312787, 0.03063286643565255, 0.2233126046312787, 0.11712653625361762, 0.03063286643565255, 0.03063286643565255, 0.2233126046312787, 0.11712653625361762, 0.03063286643565255, 0.03063286643565255, 0.2233126046312787, 0.11712653625361762, 0.2233126046312787, 0.03063286643565255, 0.2233126046312787, 0.11712653625361762, 0.2233126046312787, 0.2233126046312787, 0.2233126046312787, 0.11712653625361762, 0.11712653625361762, 0.2233126046312787, 0.03063286643565255, 0.2233126046312787, 0.2233126046312787, 0.03063286643565255, 0.2233126046312787, 0.2233126046312787, 0.11712653625361762, 0.03063286643565255, 0.2233126046312787, 0.03063286643565255, 0.11712653625361762, 0.2233126046312787, 0.11712653625361762, 0.2233126046312787, 0.2233126046312787, 0.2233126046312787, 0.2233126046312787, 0.2233126046312787, 0.2233126046312787, 0.2233126046312787, 0.2233126046312787, 0.2233126046312787, 0.11712653625361762, 0.2233126046312787, 0.2233126046312787, 0.03063286643565255, 0.11712653625361762, 0.11712653625361762, 0.11712653625361762, 0.2233126046312787, 0.2233126046312787, 0.2233126046312787, 0.03063286643565255, 0.2233126046312787, 0.2233126046312787, 0.2233126046312787, 0.11712653625361762, 0.2233126046312787, 0.2233126046312787, 0.2233126046312787, 0.2233126046312787, 0.2233126046312787, 0.03063286643565255, 0.03063286643565255, 0.2233126046312787, 0.2233126046312787, 0.03063286643565255, 0.03063286643565255, 0.11712653625361762, 0.03063286643565255, 0.2233126046312787, 0.11712653625361762, 0.11712653625361762, 0.03063286643565255, 0.2233126046312787, 0.2233126046312787, 0.2233126046312787, 0.03063286643565255, 0.03063286643565255, 0.11712653625361762, 0.03063286643565255, 0.03063286643565255, 0.03063286643565255, 0.2233126046312787, 0.2233126046312787, 0.2233126046312787, 0.00026264624432367035, 0.11712653625361762, 0.2233126046312787, 0.2233126046312787, 0.03063286643565255, 0.11712653625361762, 0.2233126046312787, 0.11712653625361762, 0.2233126046312787, 0.2233126046312787, 0.2233126046312787, 0.2233126046312787, 0.03063286643565255, 0.2233126046312787, 0.03063286643565255, -0.004202190181340302, 0.2233126046312787, 0.11712653625361762, 0.2233126046312787, 0.2233126046312787, 0.11712653625361762, 0.2233126046312787, 0.11712653625361762, 0.2233126046312787, 0.2233126046312787, 0.11712653625361762, 0.2233126046312787, 0.2233126046312787, 0.11712653625361762, 0.11712653625361762, 0.2233126046312787, 0.03063286643565255, 0.11712653625361762, 0.2233126046312787, 0.2233126046312787, 0.11712653625361762, 0.2233126046312787, 0.03063286643565255, 0.03063286643565255, 0.11712653625361762, 0.11712653625361762, 0.2233126046312787, 0.03063286643565255, 0.03063286643565255, 0.2233126046312787, 0.2233126046312787, 0.11712653625361762, 0.11712653625361762, 0.2233126046312787, 0.2233126046312787, 0.2233126046312787, 0.2233126046312787, 0.2233126046312787, 0.2233126046312787, 0.2233126046312787, 0.2233126046312787, 0.2233126046312787, 0.03063286643565255, 0.2233126046312787, 0.2233126046312787, 0.11712653625361762, 0.03063286643565255, 0.2233126046312787, 0.11712653625361762, 0.2233126046312787, 0.11712653625361762, 0.2233126046312787, 0.11712653625361762, 0.11712653625361762, 0.2233126046312787, 0.2233126046312787, 0.2233126046312787, 0.2233126046312787, 0.2233126046312787, 0.2233126046312787, 0.03063286643565255, 0.2233126046312787, 0.11712653625361762, 0.03063286643565255, 0.11712653625361762, 0.2233126046312787, 0.03063286643565255, 0.03063286643565255, 0.2233126046312787, 0.11712653625361762, 0.2233126046312787, 0.03063286643565255, 0.2233126046312787, 0.03063286643565255, 0.2233126046312787, 0.2233126046312787, 0.2233126046312787, 0.2233126046312787, 0.03063286643565255, 0.11712653625361762, 0.03063286643565255, 0.03063286643565255, 0.2233126046312787, 0.03063286643565255, 0.11712653625361762, 0.2233126046312787, 0.2233126046312787, 0.03063286643565255, 0.2233126046312787, 0.11712653625361762, 0.11712653625361762, 0.2233126046312787, 0.2233126046312787, 0.11712653625361762, 0.2233126046312787, 0.03063286643565255, 0.2233126046312787, 0.2233126046312787, 0.03063286643565255, 0.11712653625361762, 0.2233126046312787, 0.2233126046312787, 0.2233126046312787, 0.2233126046312787, 0.2233126046312787, 0.03063286643565255, 0.11712653625361762, 0.03063286643565255, 0.2233126046312787, 0.2233126046312787, 0.2233126046312787, 0.2233126046312787, 0.2233126046312787, 0.03063286643565255, 0.2233126046312787, 0.03063286643565255, 0.2233126046312787, 0.11712653625361762, 0.2233126046312787, 0.2233126046312787, 0.2233126046312787, 0.2233126046312787, 0.2233126046312787, 0.2233126046312787, 0.11712653625361762]
Generation 18 starts.
final:  [0.2233126046312787, 0.2233126046312787, 0.11712653625361762, 0.2233126046312787, 0.2233126046312787, 0.2233126046312787, 0.2233126046312787, 0.2233126046312787, 0.2233126046312787, 0.2233126046312787, 0.2233126046312787, 0.11712653625361762, 0.03063286643565255, 0.2233126046312787, 0.11712653625361762, 0.11712653625361762, 0.2233126046312787, 0.03063286643565255, 0.03063286643565255, 0.2233126046312787, 0.2233126046312787, 0.2233126046312787, 0.2233126046312787, 0.11712653625361762, 0.11712653625361762, 0.2233126046312787, 0.2233126046312787, 0.2233126046312787, 0.2233126046312787, 0.2233126046312787, 0.03063286643565255, 0.2233126046312787, 0.11712653625361762, 0.2233126046312787, 0.2233126046312787, 0.03063286643565255, 0.2233126046312787, 0.2233126046312787, 0.2233126046312787, 0.2233126046312787, 0.2233126046312787, 0.11712653625361762, 0.11712653625361762, 0.2233126046312787, 0.03063286643565255, 0.2233126046312787, 0.2233126046312787, 0.2233126046312787, 0.2233126046312787, 0.11712653625361762, 0.2233126046312787, 0.03063286643565255, 0.11712653625361762, 0.03063286643565255, 0.2233126046312787, 0.2233126046312787, 0.03063286643565255, 0.2233126046312787, 0.2233126046312787, 0.2233126046312787, 0.2233126046312787, 0.2233126046312787, 0.2233126046312787, 0.11712653625361762, 0.2233126046312787, 0.2233126046312787, 0.03063286643565255, 0.2233126046312787, 0.03063286643565255, 0.03063286643565255, 0.03063286643565255, 0.03063286643565255, 0.2233126046312787, 0.2233126046312787, 0.11712653625361762, 0.2233126046312787, 0.2233126046312787, 0.11712653625361762, 0.11712653625361762, 0.2233126046312787, 0.03063286643565255, 0.0008289813759320866, 0.03063286643565255, 0.11712653625361762, 0.2233126046312787, 0.03063286643565255, 0.2233126046312787, 0.2233126046312787, 0.2233126046312787, 0.11712653625361762, 0.2233126046312787, 0.2233126046312787, 0.2233126046312787, 0.2233126046312787, 0.2233126046312787, 0.2233126046312787, 0.2233126046312787, 0.2233126046312787, 0.2233126046312787, 0.11712653625361762, 0.2233126046312787, 0.03063286643565255, 0.2233126046312787, 0.11712653625361762, 0.2233126046312787, 0.2233126046312787, 0.11712653625361762, 0.03063286643565255, 0.2233126046312787, 0.2233126046312787, 0.2233126046312787, 0.11712653625361762, 0.2233126046312787, 0.2233126046312787, 0.2233126046312787, 0.11712653625361762, 0.11712653625361762, 0.03063286643565255, 0.11712653625361762, 0.2233126046312787, 0.2233126046312787, 0.2233126046312787, 0.11712653625361762, 0.2233126046312787, 0.11712653625361762, 0.03063286643565255, 0.03063286643565255, 0.11712653625361762, 0.2233126046312787, 0.11712653625361762, 0.2233126046312787, 0.11712653625361762, 0.2233126046312787, 0.2233126046312787, 0.03063286643565255, 0.2233126046312787, 0.11712653625361762, 0.2233126046312787, 0.03063286643565255, 0.2233126046312787, 0.2233126046312787, 0.03063286643565255, 0.03063286643565255, 0.11712653625361762, 0.03063286643565255, 0.03063286643565255, 0.2233126046312787, 0.11712653625361762, 0.2233126046312787, 0.2233126046312787, 0.2233126046312787, 0.11712653625361762, 0.2233126046312787, 0.11712653625361762, 0.2233126046312787, 0.2233126046312787, 0.2233126046312787, 0.2233126046312787, 0.2233126046312787, -1000000.0, 0.2233126046312787, 0.2233126046312787, 0.11712653625361762, 0.2233126046312787, 0.2233126046312787, 0.11712653625361762, 0.2233126046312787, 0.11712653625361762, 0.11712653625361762, 0.2233126046312787, 0.11712653625361762, 0.2233126046312787, 0.03063286643565255, 0.03063286643565255, 0.2233126046312787, 0.11712653625361762, 0.2233126046312787, 0.03063286643565255, 0.2233126046312787, 0.11712653625361762, 0.2233126046312787, 0.03063286643565255, 0.03063286643565255, 0.03063286643565255, 0.03063286643565255, 0.2233126046312787, 0.11712653625361762, 0.11712653625361762, 0.2233126046312787, 0.03063286643565255, 0.2233126046312787, 0.2233126046312787, 0.2233126046312787, 0.11712653625361762, 0.2233126046312787, 0.03063286643565255, 0.11712653625361762, 0.2233126046312787, 0.03063286643565255, 0.03063286643565255, 0.11712653625361762, 0.11712653625361762, 0.03063286643565255, 0.2233126046312787, 0.03063286643565255, 0.03063286643565255, 0.2233126046312787, 0.11712653625361762, 0.11712653625361762, 0.03063286643565255, 0.2233126046312787, 0.2233126046312787, 0.2233126046312787, 0.2233126046312787, 0.03063286643565255, 0.11712653625361762, 0.2233126046312787, 0.2233126046312787, 0.2233126046312787, 0.03063286643565255, 0.11712653625361762, 0.2233126046312787, 0.2233126046312787, 0.2233126046312787, 0.03063286643565255, 0.2233126046312787, 0.2233126046312787, 0.2233126046312787, 0.2233126046312787, 0.03063286643565255, 0.2233126046312787, 0.2233126046312787, 0.11712653625361762, 0.2233126046312787, 0.022833504534259728, 0.2233126046312787, 0.2233126046312787, 0.2233126046312787, 0.03063286643565255, 0.2233126046312787, 0.11712653625361762, 0.03063286643565255, 0.11712653625361762, 0.03063286643565255, 0.03063286643565255, 0.2233126046312787, 0.2233126046312787, 0.2233126046312787, 0.03063286643565255, 0.2233126046312787]
Generation 19 starts.
final:  [0.03063286643565255, 0.11712653625361762, 0.2233126046312787, 0.2233126046312787, 0.03063286643565255, 0.11712653625361762, 0.11712653625361762, 0.2233126046312787, 0.03063286643565255, 0.11712653625361762, 0.2233126046312787, 0.03063286643565255, 0.2233126046312787, 0.2233126046312787, 0.03063286643565255, 0.2233126046312787, 0.2233126046312787, 0.03063286643565255, 0.2233126046312787, 0.03063286643565255, 0.2233126046312787, 0.2233126046312787, 0.03063286643565255, 0.2233126046312787, 0.11712653625361762, 0.11712653625361762, 0.2233126046312787, 0.03063286643565255, 0.11712653625361762, 0.11712653625361762, 0.2233126046312787, 0.2233126046312787, 0.11712653625361762, 0.2233126046312787, 0.2233126046312787, 0.2233126046312787, 0.2233126046312787, -1000000.0, 0.03063286643565255, 0.2233126046312787, 0.2233126046312787, 0.11712653625361762, 0.03063286643565255, 0.03063286643565255, 0.2233126046312787, 0.03063286643565255, 0.2233126046312787, 0.03063286643565255, 0.2233126046312787, 0.2233126046312787, 0.11712653625361762, 0.03063286643565255, 0.2233126046312787, 0.2233126046312787, 0.03063286643565255, 0.2233126046312787, 0.2233126046312787, 0.2233126046312787, 0.2233126046312787, 0.2233126046312787, 0.2233126046312787, 0.03063286643565255, 0.2233126046312787, 0.03063286643565255, 0.11712653625361762, 0.03063286643565255, 0.11712653625361762, 0.03063286643565255, 0.2233126046312787, 0.11712653625361762, 0.11712653625361762, 0.2233126046312787, 0.2233126046312787, 0.03063286643565255, 0.03063286643565255, 0.03063286643565255, 0.03063286643565255, 0.03063286643565255, 0.2233126046312787, 0.2233126046312787, 0.03063286643565255, 0.03063286643565255, 0.03063286643565255, 0.03063286643565255, 0.11712653625361762, 0.2233126046312787, 0.11712653625361762, 0.11712653625361762, 0.2233126046312787, 0.2233126046312787, 0.2233126046312787, 0.11712653625361762, 0.11712653625361762, 0.11712653625361762, 0.2233126046312787, 0.2233126046312787, 0.2233126046312787, 0.2233126046312787, 0.03063286643565255, 0.11712653625361762, 0.03063286643565255, 0.03063286643565255, 0.2233126046312787, 0.2233126046312787, 0.11712653625361762, 0.03063286643565255, 0.11712653625361762, 0.11712653625361762, 0.2233126046312787, 0.11712653625361762, 0.03063286643565255, 0.2233126046312787, 0.03063286643565255, 0.2233126046312787, 0.2233126046312787, 0.2233126046312787, 0.2233126046312787, 0.03063286643565255, 0.11712653625361762, 0.2233126046312787, 0.2233126046312787, 0.03063286643565255, 0.2233126046312787, 0.2233126046312787, 0.11712653625361762, 0.11712653625361762, 0.03063286643565255, 0.11712653625361762, 0.2233126046312787, 0.2233126046312787, 0.2233126046312787, 0.2233126046312787, 0.2233126046312787, 0.11712653625361762, 0.11712653625361762, 0.11712653625361762, 0.03063286643565255, 0.2233126046312787, 0.03063286643565255, 0.11712653625361762, 0.2233126046312787, 0.2233126046312787, 0.03063286643565255, 0.03063286643565255, 0.03063286643565255, 0.03063286643565255, 0.03063286643565255, 0.2233126046312787, 0.11712653625361762, 0.2233126046312787, 0.11712653625361762, 0.11712653625361762, 0.03063286643565255, 0.2233126046312787, 0.11712653625361762, 0.2233126046312787, 0.03063286643565255, 0.2233126046312787, 0.2233126046312787, 0.2233126046312787, 0.2233126046312787, 0.2233126046312787, 0.2233126046312787, 0.2233126046312787, 0.2233126046312787, 0.03063286643565255, 0.2233126046312787, 0.2233126046312787, 0.03063286643565255, 0.03063286643565255, 0.03063286643565255, 0.2233126046312787, 0.11712653625361762, 0.03063286643565255, 0.2233126046312787, 0.11712653625361762, 0.03063286643565255, 0.2233126046312787, 0.03063286643565255, 0.03063286643565255, 0.11712653625361762, 0.2233126046312787, 0.2233126046312787, 0.03063286643565255, 0.2233126046312787, 0.11712653625361762, 0.2233126046312787, 0.11712653625361762, 0.2233126046312787, 0.2233126046312787, 0.2233126046312787, 0.2233126046312787, -0.006112790957389232, 0.2233126046312787, 0.11712653625361762, 0.2233126046312787, 0.2233126046312787, 0.03063286643565255, 0.03063286643565255, 0.11712653625361762, 0.2233126046312787, 0.2233126046312787, 0.2233126046312787, 0.2233126046312787, 0.2233126046312787, 0.2233126046312787, 0.03063286643565255, 0.11712653625361762, 0.2233126046312787, 0.2233126046312787, 0.11712653625361762, 0.03063286643565255, 0.2233126046312787, 0.2233126046312787, 0.2233126046312787, 0.11712653625361762, 0.2233126046312787, 0.2233126046312787, 0.11712653625361762, 0.11712653625361762, 0.11712653625361762, 0.2233126046312787, 0.2233126046312787, 0.2233126046312787, 0.2233126046312787, 0.03063286643565255, 0.2233126046312787, 0.2233126046312787, 0.03063286643565255, 0.2233126046312787, 0.11712653625361762, 0.2233126046312787, 0.11712653625361762, 0.03063286643565255, 0.03063286643565255, 0.2233126046312787, 0.2233126046312787, 0.2233126046312787, 0.11712653625361762, 0.2233126046312787, 0.2233126046312787, 0.03063286643565255, 0.2233126046312787, 0.2233126046312787, 0.2233126046312787, 0.11712653625361762, 0.2233126046312787, 0.11712653625361762, 0.11712653625361762, 0.2233126046312787]
[vanilla_v2] fixed HOF: {'hof_mode': 'fixed', 'n_input': 250, 'n_dedup_removed': 245, 'n_unique': 5, 'n_top': 5, 'n_signal_failed': 0, 'decorr_degenerate_pairs': 4, 'n_decorr_removed': 0, 'decorr_max_abs_corr_final': 0.8161946937745403}
                                                     formula  raw_fitness  validity_pass
                                    Std(Std($volume, 5), 64)     0.223313           True
                           Std(Std(Std($volume, 5), 64), 64)     0.117127           True
                                             Std($volume, 5)     0.030633           True
                Mean(Div(Ref($high, 30), Var($vwap, 5)), 12)    -0.006113           True
Std(Power(Delta($volume, 64), Max(Power($factor, $amount)...          NaN          False
[vanilla_v2] fit 1898.1s budget={'candidates_budget': 5000, 'total_evaluations': 5000, 'unique_evaluations': 453, 'memo_hits': 4409, 'wall_clock_seconds': 1898.1285866405815, 'panel_setup_seconds': 65.59867540746927}
[vanilla_v2] outputs → /gpfs/home1/sku07891/00.hojin/AlphaEval/AlphaSearchBench/gplearn_asb/out/v2_csi800_fbfit_c2a_250x20_s1
C2A_DONE rc=0
