C2A3_CONFIG=configs/v2/c2a3/lexi_250x20_s0.yaml
[2301329:MainThread](2026-08-20 09:32:41,973) INFO - qlib.Initialization - [config.py:415] - default_conf: client.
[2301329:MainThread](2026-08-20 09:32:43,223) INFO - qlib.Initialization - [__init__.py:74] - qlib successfully initialized based on client settings.
[2301329:MainThread](2026-08-20 09:32:43,224) INFO - qlib.Initialization - [__init__.py:76] - data_path={'__DEFAULT_FREQ': PosixPath('/gpfs/home1/sku07891/00.hojin/QuantaAlpha/data/qlib/cn_data')}
[vanilla_v2] market=csi800 window=2015-01-01..2021-12-31 budget=5000 pop=250 gens=20 fitness=fb_fitness seed=0
[vanilla_v2] panel ready 67.0s (universe_hash=132b21e88e0f7027)
/home1/sku07891/miniconda3/envs/AlphaEval38/lib/python3.8/site-packages/pandas/core/window/rolling.py:655: RuntimeWarning: All-NaN slice encountered
  return func(x, start, end, min_periods, *numba_args)
/home1/sku07891/miniconda3/envs/AlphaEval38/lib/python3.8/site-packages/pandas/core/window/rolling.py:655: RuntimeWarning: All-NaN slice encountered
  return func(x, start, end, min_periods, *numba_args)
/home1/sku07891/miniconda3/envs/AlphaEval38/lib/python3.8/site-packages/pandas/core/window/rolling.py:655: RuntimeWarning: All-NaN slice encountered
  return func(x, start, end, min_periods, *numba_args)
/gpfs/home1/sku07891/00.hojin/AlphaEval/AlphaSearchBench/alphasearchbench/data/qlib_provider.py:249: RuntimeWarning: overflow encountered in cast
  out = res.astype(np.float32)[s - off:e - off]
/home1/sku07891/miniconda3/envs/AlphaEval38/lib/python3.8/site-packages/pandas/core/window/rolling.py:655: RuntimeWarning: All-NaN slice encountered
  return func(x, start, end, min_periods, *numba_args)
/home1/sku07891/miniconda3/envs/AlphaEval38/lib/python3.8/site-packages/pandas/core/window/rolling.py:655: RuntimeWarning: All-NaN slice encountered
  return func(x, start, end, min_periods, *numba_args)
/home1/sku07891/miniconda3/envs/AlphaEval38/lib/python3.8/site-packages/pandas/core/window/rolling.py:655: RuntimeWarning: All-NaN slice encountered
  return func(x, start, end, min_periods, *numba_args)
/gpfs/home1/sku07891/00.hojin/AlphaEval/AlphaSearchBench/alphasearchbench/data/qlib_provider.py:249: RuntimeWarning: overflow encountered in cast
  out = res.astype(np.float32)[s - off:e - off]
/home1/sku07891/miniconda3/envs/AlphaEval38/lib/python3.8/site-packages/pandas/core/window/rolling.py:655: RuntimeWarning: All-NaN slice encountered
  return func(x, start, end, min_periods, *numba_args)
/gpfs/home1/sku07891/00.hojin/AlphaEval/AlphaSearchBench/alphasearchbench/data/qlib_provider.py:249: RuntimeWarning: overflow encountered in cast
  out = res.astype(np.float32)[s - off:e - off]
/home1/sku07891/miniconda3/envs/AlphaEval38/lib/python3.8/site-packages/pandas/core/window/rolling.py:655: RuntimeWarning: All-NaN slice encountered
  return func(x, start, end, min_periods, *numba_args)
/home1/sku07891/miniconda3/envs/AlphaEval38/lib/python3.8/site-packages/pandas/core/window/rolling.py:655: RuntimeWarning: All-NaN slice encountered
  return func(x, start, end, min_periods, *numba_args)
/home1/sku07891/miniconda3/envs/AlphaEval38/lib/python3.8/site-packages/pandas/core/window/rolling.py:655: RuntimeWarning: All-NaN slice encountered
  return func(x, start, end, min_periods, *numba_args)
/home1/sku07891/miniconda3/envs/AlphaEval38/lib/python3.8/site-packages/pandas/core/window/rolling.py:655: RuntimeWarning: All-NaN slice encountered
  return func(x, start, end, min_periods, *numba_args)
/gpfs/home1/sku07891/00.hojin/AlphaEval/AlphaSearchBench/alphasearchbench/data/qlib_provider.py:249: RuntimeWarning: overflow encountered in cast
  out = res.astype(np.float32)[s - off:e - off]
/home1/sku07891/miniconda3/envs/AlphaEval38/lib/python3.8/site-packages/pandas/core/window/rolling.py:655: RuntimeWarning: All-NaN slice encountered
  return func(x, start, end, min_periods, *numba_args)
/home1/sku07891/miniconda3/envs/AlphaEval38/lib/python3.8/site-packages/pandas/core/window/rolling.py:655: RuntimeWarning: All-NaN slice encountered
  return func(x, start, end, min_periods, *numba_args)
/home1/sku07891/miniconda3/envs/AlphaEval38/lib/python3.8/site-packages/pandas/core/window/rolling.py:655: RuntimeWarning: All-NaN slice encountered
  return func(x, start, end, min_periods, *numba_args)
/home1/sku07891/miniconda3/envs/AlphaEval38/lib/python3.8/site-packages/pandas/core/window/rolling.py:655: RuntimeWarning: All-NaN slice encountered
  return func(x, start, end, min_periods, *numba_args)
/home1/sku07891/miniconda3/envs/AlphaEval38/lib/python3.8/site-packages/pandas/core/window/rolling.py:655: RuntimeWarning: All-NaN slice encountered
  return func(x, start, end, min_periods, *numba_args)
/home1/sku07891/miniconda3/envs/AlphaEval38/lib/python3.8/site-packages/pandas/core/window/rolling.py:655: RuntimeWarning: All-NaN slice encountered
  return func(x, start, end, min_periods, *numba_args)
/home1/sku07891/miniconda3/envs/AlphaEval38/lib/python3.8/site-packages/pandas/core/window/rolling.py:655: RuntimeWarning: All-NaN slice encountered
  return func(x, start, end, min_periods, *numba_args)
/home1/sku07891/miniconda3/envs/AlphaEval38/lib/python3.8/site-packages/pandas/core/window/rolling.py:655: RuntimeWarning: All-NaN slice encountered
  return func(x, start, end, min_periods, *numba_args)
/home1/sku07891/miniconda3/envs/AlphaEval38/lib/python3.8/site-packages/pandas/core/window/rolling.py:655: RuntimeWarning: All-NaN slice encountered
  return func(x, start, end, min_periods, *numba_args)
/home1/sku07891/miniconda3/envs/AlphaEval38/lib/python3.8/site-packages/pandas/core/window/rolling.py:655: RuntimeWarning: All-NaN slice encountered
  return func(x, start, end, min_periods, *numba_args)
/gpfs/home1/sku07891/00.hojin/AlphaEval/AlphaSearchBench/alphasearchbench/data/qlib_provider.py:249: RuntimeWarning: overflow encountered in cast
  out = res.astype(np.float32)[s - off:e - off]
/home1/sku07891/miniconda3/envs/AlphaEval38/lib/python3.8/site-packages/pandas/core/window/rolling.py:655: RuntimeWarning: All-NaN slice encountered
  return func(x, start, end, min_periods, *numba_args)
/home1/sku07891/miniconda3/envs/AlphaEval38/lib/python3.8/site-packages/pandas/core/window/rolling.py:655: RuntimeWarning: All-NaN slice encountered
  return func(x, start, end, min_periods, *numba_args)
/gpfs/home1/sku07891/00.hojin/AlphaEval/AlphaSearchBench/alphasearchbench/data/qlib_provider.py:249: RuntimeWarning: overflow encountered in cast
  out = res.astype(np.float32)[s - off:e - off]
/home1/sku07891/miniconda3/envs/AlphaEval38/lib/python3.8/site-packages/pandas/core/window/rolling.py:655: RuntimeWarning: All-NaN slice encountered
  return func(x, start, end, min_periods, *numba_args)
/home1/sku07891/miniconda3/envs/AlphaEval38/lib/python3.8/site-packages/pandas/core/window/rolling.py:655: RuntimeWarning: All-NaN slice encountered
  return func(x, start, end, min_periods, *numba_args)
/home1/sku07891/miniconda3/envs/AlphaEval38/lib/python3.8/site-packages/pandas/core/window/rolling.py:655: RuntimeWarning: All-NaN slice encountered
  return func(x, start, end, min_periods, *numba_args)
/home1/sku07891/miniconda3/envs/AlphaEval38/lib/python3.8/site-packages/pandas/core/window/rolling.py:655: RuntimeWarning: All-NaN slice encountered
  return func(x, start, end, min_periods, *numba_args)
/home1/sku07891/miniconda3/envs/AlphaEval38/lib/python3.8/site-packages/pandas/core/window/rolling.py:655: RuntimeWarning: All-NaN slice encountered
  return func(x, start, end, min_periods, *numba_args)
/home1/sku07891/miniconda3/envs/AlphaEval38/lib/python3.8/site-packages/pandas/core/window/rolling.py:655: RuntimeWarning: All-NaN slice encountered
  return func(x, start, end, min_periods, *numba_args)
/home1/sku07891/miniconda3/envs/AlphaEval38/lib/python3.8/site-packages/pandas/core/window/rolling.py:655: RuntimeWarning: All-NaN slice encountered
  return func(x, start, end, min_periods, *numba_args)
/gpfs/home1/sku07891/00.hojin/AlphaEval/AlphaSearchBench/alphasearchbench/data/qlib_provider.py:278: RuntimeWarning: overflow encountered in cast
  return np.sign(self._eval(args[0], off, hi).astype(np.float32))
/gpfs/home1/sku07891/00.hojin/AlphaEval/AlphaSearchBench/alphasearchbench/data/qlib_provider.py:249: RuntimeWarning: overflow encountered in cast
  out = res.astype(np.float32)[s - off:e - off]
/home1/sku07891/miniconda3/envs/AlphaEval38/lib/python3.8/site-packages/pandas/core/window/rolling.py:655: RuntimeWarning: All-NaN slice encountered
  return func(x, start, end, min_periods, *numba_args)
/home1/sku07891/miniconda3/envs/AlphaEval38/lib/python3.8/site-packages/pandas/core/window/rolling.py:655: RuntimeWarning: All-NaN slice encountered
  return func(x, start, end, min_periods, *numba_args)
/home1/sku07891/miniconda3/envs/AlphaEval38/lib/python3.8/site-packages/pandas/core/window/rolling.py:655: RuntimeWarning: All-NaN slice encountered
  return func(x, start, end, min_periods, *numba_args)
/gpfs/home1/sku07891/00.hojin/AlphaEval/AlphaSearchBench/alphasearchbench/data/qlib_provider.py:249: RuntimeWarning: overflow encountered in cast
  out = res.astype(np.float32)[s - off:e - off]
/home1/sku07891/miniconda3/envs/AlphaEval38/lib/python3.8/site-packages/pandas/core/window/rolling.py:655: RuntimeWarning: All-NaN slice encountered
  return func(x, start, end, min_periods, *numba_args)
/home1/sku07891/miniconda3/envs/AlphaEval38/lib/python3.8/site-packages/pandas/core/window/rolling.py:655: RuntimeWarning: All-NaN slice encountered
  return func(x, start, end, min_periods, *numba_args)
/home1/sku07891/miniconda3/envs/AlphaEval38/lib/python3.8/site-packages/pandas/core/window/rolling.py:655: RuntimeWarning: All-NaN slice encountered
  return func(x, start, end, min_periods, *numba_args)
/home1/sku07891/miniconda3/envs/AlphaEval38/lib/python3.8/site-packages/pandas/core/window/rolling.py:655: RuntimeWarning: All-NaN slice encountered
  return func(x, start, end, min_periods, *numba_args)
/home1/sku07891/miniconda3/envs/AlphaEval38/lib/python3.8/site-packages/pandas/core/window/rolling.py:655: RuntimeWarning: All-NaN slice encountered
  return func(x, start, end, min_periods, *numba_args)
/home1/sku07891/miniconda3/envs/AlphaEval38/lib/python3.8/site-packages/pandas/core/window/rolling.py:655: RuntimeWarning: All-NaN slice encountered
  return func(x, start, end, min_periods, *numba_args)
/home1/sku07891/miniconda3/envs/AlphaEval38/lib/python3.8/site-packages/pandas/core/window/rolling.py:655: RuntimeWarning: All-NaN slice encountered
  return func(x, start, end, min_periods, *numba_args)
/home1/sku07891/miniconda3/envs/AlphaEval38/lib/python3.8/site-packages/pandas/core/window/rolling.py:655: RuntimeWarning: All-NaN slice encountered
  return func(x, start, end, min_periods, *numba_args)
/home1/sku07891/miniconda3/envs/AlphaEval38/lib/python3.8/site-packages/pandas/core/window/rolling.py:655: RuntimeWarning: All-NaN slice encountered
  return func(x, start, end, min_periods, *numba_args)
/home1/sku07891/miniconda3/envs/AlphaEval38/lib/python3.8/site-packages/pandas/core/window/rolling.py:655: RuntimeWarning: All-NaN slice encountered
  return func(x, start, end, min_periods, *numba_args)
/home1/sku07891/miniconda3/envs/AlphaEval38/lib/python3.8/site-packages/pandas/core/window/rolling.py:655: RuntimeWarning: All-NaN slice encountered
  return func(x, start, end, min_periods, *numba_args)
/home1/sku07891/miniconda3/envs/AlphaEval38/lib/python3.8/site-packages/pandas/core/window/rolling.py:655: RuntimeWarning: All-NaN slice encountered
  return func(x, start, end, min_periods, *numba_args)
/home1/sku07891/miniconda3/envs/AlphaEval38/lib/python3.8/site-packages/pandas/core/window/rolling.py:655: RuntimeWarning: All-NaN slice encountered
  return func(x, start, end, min_periods, *numba_args)
/gpfs/home1/sku07891/00.hojin/AlphaEval/AlphaSearchBench/alphasearchbench/data/qlib_provider.py:249: RuntimeWarning: overflow encountered in cast
  out = res.astype(np.float32)[s - off:e - off]
/home1/sku07891/miniconda3/envs/AlphaEval38/lib/python3.8/site-packages/pandas/core/window/rolling.py:655: RuntimeWarning: All-NaN slice encountered
  return func(x, start, end, min_periods, *numba_args)
/gpfs/home1/sku07891/00.hojin/AlphaEval/AlphaSearchBench/alphasearchbench/data/qlib_provider.py:249: RuntimeWarning: overflow encountered in cast
  out = res.astype(np.float32)[s - off:e - off]
/gpfs/home1/sku07891/00.hojin/AlphaEval/AlphaSearchBench/alphasearchbench/data/qlib_provider.py:249: RuntimeWarning: overflow encountered in cast
  out = res.astype(np.float32)[s - off:e - off]
/gpfs/home1/sku07891/00.hojin/AlphaEval/AlphaSearchBench/alphasearchbench/data/qlib_provider.py:249: RuntimeWarning: overflow encountered in cast
  out = res.astype(np.float32)[s - off:e - off]
/gpfs/home1/sku07891/00.hojin/AlphaEval/AlphaSearchBench/alphasearchbench/data/qlib_provider.py:249: RuntimeWarning: overflow encountered in cast
  out = res.astype(np.float32)[s - off:e - off]
/home1/sku07891/miniconda3/envs/AlphaEval38/lib/python3.8/site-packages/pandas/core/window/rolling.py:655: RuntimeWarning: All-NaN slice encountered
  return func(x, start, end, min_periods, *numba_args)
/gpfs/home1/sku07891/00.hojin/AlphaEval/AlphaSearchBench/alphasearchbench/data/qlib_provider.py:249: RuntimeWarning: overflow encountered in cast
  out = res.astype(np.float32)[s - off:e - off]
/gpfs/home1/sku07891/00.hojin/AlphaEval/AlphaSearchBench/alphasearchbench/data/qlib_provider.py:249: RuntimeWarning: overflow encountered in cast
  out = res.astype(np.float32)[s - off:e - off]
/gpfs/home1/sku07891/00.hojin/AlphaEval/AlphaSearchBench/alphasearchbench/data/qlib_provider.py:249: RuntimeWarning: overflow encountered in cast
  out = res.astype(np.float32)[s - off:e - off]
/home1/sku07891/miniconda3/envs/AlphaEval38/lib/python3.8/site-packages/pandas/core/window/rolling.py:655: RuntimeWarning: All-NaN slice encountered
  return func(x, start, end, min_periods, *numba_args)
/gpfs/home1/sku07891/00.hojin/AlphaEval/AlphaSearchBench/alphasearchbench/data/qlib_provider.py:249: RuntimeWarning: overflow encountered in cast
  out = res.astype(np.float32)[s - off:e - off]
/gpfs/home1/sku07891/00.hojin/AlphaEval/AlphaSearchBench/alphasearchbench/data/qlib_provider.py:249: RuntimeWarning: overflow encountered in cast
  out = res.astype(np.float32)[s - off:e - off]
/gpfs/home1/sku07891/00.hojin/AlphaEval/AlphaSearchBench/alphasearchbench/data/qlib_provider.py:249: RuntimeWarning: overflow encountered in cast
  out = res.astype(np.float32)[s - off:e - off]
/gpfs/home1/sku07891/00.hojin/AlphaEval/AlphaSearchBench/alphasearchbench/data/qlib_provider.py:249: RuntimeWarning: overflow encountered in cast
  out = res.astype(np.float32)[s - off:e - off]
/gpfs/home1/sku07891/00.hojin/AlphaEval/AlphaSearchBench/alphasearchbench/data/qlib_provider.py:249: RuntimeWarning: overflow encountered in cast
  out = res.astype(np.float32)[s - off:e - off]
/gpfs/home1/sku07891/00.hojin/AlphaEval/AlphaSearchBench/alphasearchbench/data/qlib_provider.py:249: RuntimeWarning: overflow encountered in cast
  out = res.astype(np.float32)[s - off:e - off]
/gpfs/home1/sku07891/00.hojin/AlphaEval/AlphaSearchBench/alphasearchbench/data/qlib_provider.py:249: RuntimeWarning: overflow encountered in cast
  out = res.astype(np.float32)[s - off:e - off]
/gpfs/home1/sku07891/00.hojin/AlphaEval/AlphaSearchBench/alphasearchbench/data/qlib_provider.py:249: RuntimeWarning: overflow encountered in cast
  out = res.astype(np.float32)[s - off:e - off]
/gpfs/home1/sku07891/00.hojin/AlphaEval/AlphaSearchBench/alphasearchbench/data/qlib_provider.py:249: RuntimeWarning: overflow encountered in cast
  out = res.astype(np.float32)[s - off:e - off]
/gpfs/home1/sku07891/00.hojin/AlphaEval/AlphaSearchBench/alphasearchbench/data/qlib_provider.py:249: RuntimeWarning: overflow encountered in cast
  out = res.astype(np.float32)[s - off:e - off]
/gpfs/home1/sku07891/00.hojin/AlphaEval/AlphaSearchBench/alphasearchbench/data/qlib_provider.py:249: RuntimeWarning: overflow encountered in cast
  out = res.astype(np.float32)[s - off:e - off]
/gpfs/home1/sku07891/00.hojin/AlphaEval/AlphaSearchBench/alphasearchbench/data/qlib_provider.py:249: RuntimeWarning: overflow encountered in cast
  out = res.astype(np.float32)[s - off:e - off]
/gpfs/home1/sku07891/00.hojin/AlphaEval/AlphaSearchBench/alphasearchbench/data/qlib_provider.py:249: RuntimeWarning: overflow encountered in cast
  out = res.astype(np.float32)[s - off:e - off]
/gpfs/home1/sku07891/00.hojin/AlphaEval/AlphaSearchBench/alphasearchbench/data/qlib_provider.py:249: RuntimeWarning: overflow encountered in cast
  out = res.astype(np.float32)[s - off:e - off]
/gpfs/home1/sku07891/00.hojin/AlphaEval/AlphaSearchBench/alphasearchbench/data/qlib_provider.py:249: RuntimeWarning: overflow encountered in cast
  out = res.astype(np.float32)[s - off:e - off]
/gpfs/home1/sku07891/00.hojin/AlphaEval/AlphaSearchBench/alphasearchbench/data/qlib_provider.py:249: RuntimeWarning: overflow encountered in cast
  out = res.astype(np.float32)[s - off:e - off]
/gpfs/home1/sku07891/00.hojin/AlphaEval/AlphaSearchBench/alphasearchbench/data/qlib_provider.py:249: RuntimeWarning: overflow encountered in cast
  out = res.astype(np.float32)[s - off:e - off]
/gpfs/home1/sku07891/00.hojin/AlphaEval/AlphaSearchBench/alphasearchbench/data/qlib_provider.py:249: RuntimeWarning: overflow encountered in cast
  out = res.astype(np.float32)[s - off:e - off]
/gpfs/home1/sku07891/00.hojin/AlphaEval/AlphaSearchBench/alphasearchbench/data/qlib_provider.py:249: RuntimeWarning: overflow encountered in cast
  out = res.astype(np.float32)[s - off:e - off]
/gpfs/home1/sku07891/00.hojin/AlphaEval/AlphaSearchBench/alphasearchbench/data/qlib_provider.py:249: RuntimeWarning: overflow encountered in cast
  out = res.astype(np.float32)[s - off:e - off]
/gpfs/home1/sku07891/00.hojin/AlphaEval/AlphaSearchBench/alphasearchbench/data/qlib_provider.py:249: RuntimeWarning: overflow encountered in cast
  out = res.astype(np.float32)[s - off:e - off]
/gpfs/home1/sku07891/00.hojin/AlphaEval/AlphaSearchBench/alphasearchbench/data/qlib_provider.py:249: RuntimeWarning: overflow encountered in cast
  out = res.astype(np.float32)[s - off:e - off]
/gpfs/home1/sku07891/00.hojin/AlphaEval/AlphaSearchBench/alphasearchbench/data/qlib_provider.py:249: RuntimeWarning: overflow encountered in cast
  out = res.astype(np.float32)[s - off:e - off]
/gpfs/home1/sku07891/00.hojin/AlphaEval/AlphaSearchBench/alphasearchbench/data/qlib_provider.py:249: RuntimeWarning: overflow encountered in cast
  out = res.astype(np.float32)[s - off:e - off]
/home1/sku07891/miniconda3/envs/AlphaEval38/lib/python3.8/site-packages/pandas/core/window/rolling.py:655: RuntimeWarning: All-NaN slice encountered
  return func(x, start, end, min_periods, *numba_args)
/gpfs/home1/sku07891/00.hojin/AlphaEval/AlphaSearchBench/alphasearchbench/data/qlib_provider.py:249: RuntimeWarning: overflow encountered in cast
  out = res.astype(np.float32)[s - off:e - off]
/gpfs/home1/sku07891/00.hojin/AlphaEval/AlphaSearchBench/alphasearchbench/data/qlib_provider.py:249: RuntimeWarning: overflow encountered in cast
  out = res.astype(np.float32)[s - off:e - off]
/gpfs/home1/sku07891/00.hojin/AlphaEval/AlphaSearchBench/alphasearchbench/data/qlib_provider.py:249: RuntimeWarning: overflow encountered in cast
  out = res.astype(np.float32)[s - off:e - off]
/gpfs/home1/sku07891/00.hojin/AlphaEval/AlphaSearchBench/alphasearchbench/data/qlib_provider.py:249: RuntimeWarning: overflow encountered in cast
  out = res.astype(np.float32)[s - off:e - off]
/gpfs/home1/sku07891/00.hojin/AlphaEval/AlphaSearchBench/alphasearchbench/data/qlib_provider.py:249: RuntimeWarning: overflow encountered in cast
  out = res.astype(np.float32)[s - off:e - off]
/gpfs/home1/sku07891/00.hojin/AlphaEval/AlphaSearchBench/alphasearchbench/data/qlib_provider.py:249: RuntimeWarning: overflow encountered in cast
  out = res.astype(np.float32)[s - off:e - off]
/gpfs/home1/sku07891/00.hojin/AlphaEval/AlphaSearchBench/alphasearchbench/data/qlib_provider.py:249: RuntimeWarning: overflow encountered in cast
  out = res.astype(np.float32)[s - off:e - off]
/gpfs/home1/sku07891/00.hojin/AlphaEval/AlphaSearchBench/alphasearchbench/data/qlib_provider.py:249: RuntimeWarning: overflow encountered in cast
  out = res.astype(np.float32)[s - off:e - off]
/gpfs/home1/sku07891/00.hojin/AlphaEval/AlphaSearchBench/alphasearchbench/data/qlib_provider.py:249: RuntimeWarning: overflow encountered in cast
  out = res.astype(np.float32)[s - off:e - off]
/home1/sku07891/miniconda3/envs/AlphaEval38/lib/python3.8/site-packages/pandas/core/window/rolling.py:655: RuntimeWarning: All-NaN slice encountered
  return func(x, start, end, min_periods, *numba_args)
Generation 0 starts.
final:  [0.056087939223938156, -0.07303378081464328, 0.001749840001978268, -0.004471944534426079, 5.3016121661689995e-05, -8.823723700807014e-05, 0.011844944810605093, 0.04930897984209081, 0.03656739182759286, 0.15476193733739213, -0.0069775018962759, -1000000.0, 0.019301613751219537, -0.03494053455995416, -0.10198704213596625, -0.11482048012765607, -0.03874296834306547, 0.017330155603616525, -0.0009239944456983117, -0.00046395909119333474, 0.02847309556184549, -0.2225657664348818, -1000000.0, -0.12512344094900482, -0.24693692770961384, 0.02854678282863226, -0.035682368986480216, -0.14912251287073372, 0.015263873615908204, -1000000.0, -0.031235611519746617, -1000000.0, -1000000.0, 0.19622569464627335, 0.01846846802149509, -0.0315556563050921, -0.003311587810429336, -0.14062717616110829, -0.033339145054323206, -0.01913530404445813, 0.07154804671390458, -0.025630066412926998, -0.012070229215065098, -0.08191526674897502, -1000000.0, 0.002429605022720293, -0.07208247379176785, -0.0007138481174349191, -0.16502255728445311, 0.0002894158997011677, 0.02169011137645304, -0.1191352592670822, -0.0024648756105838856, -0.0037348025325237666, 0.015864815405843117, -0.0022400958579335767, -0.03696931821314092, 0.015548537256588947, 0.01195094576849439, -0.05541585170236941, -0.009218436677907494, -0.009544698777970807, -0.12095822827227672, -0.18775422103264824, -1000000.0, -0.21706807882150073, 0.03297560026305401, 0.19798050610561857, 0.06262044899235504, -0.09910341977732745, -0.012982517258388795, 0.14258755949375887, -0.05099529223181992, -0.12281421081743531, 0.14314747849117682, -1000000.0, -0.037833588266094856, -0.000721030197018061, -6.988532036327257e-05, 0.011806173049411096, -1000000.0, 2.6070538204667132e-05, 0.007282241126841421, -0.000721030197018061, -0.014523442296665827, -1000000.0, 0.15625765370272976, -0.01629852126461949, 0.008611917156482577, 0.001156378160784412, -0.015417826282420562, -0.020523423089490733, -0.026081301611050628, 0.017249178145740618, 0.025577158346732347, -0.01267415401473451, -1000000.0, 0.02682112475814557, 0.011676365516043865, -0.002777191158816074, -0.002329872232738373, -0.0016352421394252065, -0.017746334781177354, -1000000.0, -0.26410697180194204, -0.0006051196776158607, -0.026353058620587885, -0.1079402142376075, 0.002738800549556865, -0.035375633765467034, 0.14054190299929376, 0.01471325950545376, -2.2597263050621296e-06, -0.019218488675069756, -0.0347118857354482, 0.03792567886122653, -0.035177396216966264, -2.850562270598883e-05, 0.05609720219786946, 0.0016233309870019768, -0.013212610280938746, -0.03789492909288556, -0.03135697588259387, 0.0018584219338527539, 0.01715133920790119, -1000000.0, -0.017220308266716198, 0.04821584342924405, -0.008796306479000449, -0.01731848694569397, 0.004074216042209064, 0.03206152113893343, -0.03957271019238695, -0.02033123257631329, -0.07840683538991297, -0.0030684344665872438, -1000000.0, -0.06120243553604004, -0.05408769234788995, 0.012043052690216292, -0.002742118495118546, -1000000.0, 0.017593461908287065, 0.017330155603616525, -0.13102891936819014, -0.031230967548524616, -0.02486517037757627, 0.03277805276652531, -0.008938286181757666, 0.14403649358929102, 0.09698124514932492, -0.025630066412926998, 0.0315048404232265, -0.0024408656455537385, -0.11427335998910725, 0.029483143290088987, -0.013806907101189024, 0.0001306181218878219, -0.027827226806238135, -0.06985958081312724, 0.0006130521023809697, 0.0005870692063818922, 0.13232917921966283, -0.04141804543061065, 0.04149835999423772, -0.1358703619268589, 0.0035302857545576743, 0.060807233471742606, -0.008523888336739633, 0.0042654530148339975, 0.016230265523425658, -0.005862733719760573, 0.0146978705567496, 0.02236602567249888, -0.010834225461353514, 0.00013856294001974665, 0.0005385664471022013, 0.028769112382236856, -0.1338392741621788, -0.021564872112193944, -0.01819954579572837, -0.030396386019739992, 0.022813914672566698, -0.0813879644840036, 0.019959213202009524, -0.046652565015020804, -0.022391940731226308, -1000000.0, -0.001654598215048492, -1000000.0, -1000000.0, -0.021104161144305144, -0.0028152476624132873, -0.003596039860029685, -0.018071082217200937, -0.058497607971545726, -0.07566724398274231, -0.010608272553810525, -0.054875385538844905, -0.0535546535427385, 0.02094253941569665, -1000000.0, 0.019627690680238157, -0.0071054481101744905, -0.05012928876107478, 0.01412996079951623, -0.007957589910860036, -0.04974402179668423, -0.001295328130851592, 0.0018431333021228702, -0.05783460548880764, -0.10870962347184729, 0.012987843564039562, -0.035375633765467034, -0.07553334934205214, -0.014623376333984302, 0.002515098527453109, -0.01598075870842903, -0.031259666443635536, -1000000.0, -0.018037170305184574, -0.027263932564637328, -0.026008063670989442, -0.05577948761429279, -1000000.0, 0.00424252117151715, -0.04743684355791165, 0.0009169536145349788, -0.06371819862660172, -0.014469764187226486, 0.004311543794440716, -0.013904097587572413, 0.024041305987133096, -0.1660530689058242, -0.19947810082233874, 0.15404414633732016, -0.014835854258300788, 0.030692423187313373, -0.003532514974231463, -0.01895218512924086, -0.08791913958463181, 0.01844187404294276, -0.0002067423750973529, -0.11612048029967191, -0.14178651353458582, -0.03516774517357763, -0.28922103631605267, -0.06972001656116636, 0.000930893554109723, -0.055270514448601246]
Generation 1 starts.
final:  [-0.03159088162878199, 0.13233237774170636, 0.0731025148797945, 0.09698124514932492, 0.007343358644737767, 0.14403649358929102, 0.060807233471742606, 0.1395108224305862, 0.09722153684013593, 0.14279902761077065, 0.15404414633732016, 0.13232917921966283, -0.09569336557060173, 0.04930897984209081, 0.02854678282863226, 0.1647210772148148, 0.025577158346732347, 0.15404414633732016, 0.0596506197986629, 0.06277697793958409, 0.16165379121419524, 0.08316649059920621, -0.018682882647589442, 0.02236602567249888, 0.13663349587392268, 0.14054190299929376, 0.029483143290088987, 0.15531560345692338, 0.14965897638635514, 0.07614378577396809, 0.07154804671390458, 0.15625765370272976, 0.011062102619106874, 0.006711427025155638, 0.19793943001261366, 0.12898416937682372, 0.05981946233743149, 0.13663349587392268, 0.15625765370272976, 0.006063678021765229, 0.14315759110191387, -0.0844306882170296, 0.11999684323727741, 0.043347174086556375, 0.14054190299929376, 0.05609720219786946, 0.19793943001261366, -0.05806375230442152, 0.14060901500060835, 0.03277805276652531, 0.15404414633732016, 0.009012569930394416, 0.0014510148672705007, 0.1390407113460826, 0.03206152113893343, 0.15476193733739213, 0.15404414633732016, 0.15404414633732016, 0.0024108147244255337, -1000000.0, 0.04930897984209081, 0.13543887359297518, -0.02486517037757627, 0.18143920235858924, 0.07154804671390458, 0.007343358644737767, 0.16598356399019568, 0.14782981410455578, 0.025577158346732347, 0.04199569141416889, -0.013698640146461662, 0.01939524405573065, 0.030692423187313373, 0.14517924490049186, 0.14314747849117682, -0.008510083718423439, 0.15476193733739213, 0.09698124514932492, 0.09698124514932492, 0.07154804671390458, 0.1390407113460826, 0.14403649358929102, 0.015448105676336555, 0.1923075638812482, 0.04821584342924405, 0.08001037288937346, 0.19622569464627335, 0.09764617674056775, 0.15476193733739213, 0.15404414633732016, 0.030692423187313373, 0.007782725336294366, 0.025699517180199877, 0.14403649358929102, 0.19841587553424084, 0.14403649358929102, 0.14742261840726004, 0.01471325950545376, 0.09722153684013593, -0.06725975036155704, 0.0061520441204348224, 0.15425317074582626, 0.028769112382236856, -0.007165629513602367, 0.1405158934056718, 0.024041305987133096, -0.0844306882170296, 0.09954956909068267, -0.04092162200614693, 0.12898416937682372, 0.060807233471742606, 0.1390407113460826, 0.1332613356142125, 0.1387159463573683, 0.14314747849117682, 0.15476193733739213, 0.19622569464627335, 0.15625765370272976, 0.15476193733739213, 0.11167556133952053, 0.11511655980849957, 0.11740580975981582, 0.05609720219786946, 0.14048103021011898, 0.13818693314997452, 0.09698124514932492, 0.15404414633732016, 0.14403649358929102, 0.09646710388720509, 0.19622569464627335, 0.15625765370272976, 0.14403649358929102, 0.025699517180199877, 0.1387489102766228, -1000000.0, 0.09698124514932492, 0.04821584342924405, 0.029232916760704046, 0.19798050610561857, 0.19798050610561857, 0.13232917921966283, 0.15404414633732016, -0.00013662186810314473, 0.03297560026305401, 0.04930897984209081, 0.030692423187313373, 0.1390407113460826, 0.1453416218083266, 0.15404414633732016, -0.009983644571121655, 0.011062102619106874, 0.14314747849117682, 0.0061520441204348224, -0.0844306882170296, 0.018384263476810405, 0.09698124514932492, 0.15404414633732016, 0.06262044899235504, 0.19622569464627335, 0.08050450570330281, 0.1390407113460826, 0.12594327566562644, -0.014692940549576088, 0.12291917806937143, 0.1371172083322044, 0.018384263476810405, 0.19622569464627335, 0.05639908107428366, 0.03656739182759286, 0.15625765370272976, 0.19494360692624504, 0.013444948481162506, 0.14517924490049186, -0.00620027519436954, 0.19494360692624504, 0.031450486775272735, 0.030692423187313373, 0.1359591488255519, 0.05727936790906173, 0.14403649358929102, 0.14314747849117682, 0.1563038977065216, -0.006811042035498827, 0.028769112382236856, 0.1371172083322044, 0.14403649358929102, 0.14517924490049186, 0.0070661743214558755, -0.05806375230442152, 0.03182751613851016, 0.19622569464627335, 0.19793943001261366, 0.09646710388720509, 0.0302656765399794, 0.1408444034167672, -0.0002788098679026681, 0.05285111673523634, 0.03015354128620281, 0.03179063000127334, 0.1342449814227514, 0.0996519122926023, 0.14917339903501936, 0.14258755949375887, -1000000.0, 0.15625765370272976, 0.09698124514932492, 0.15476193733739213, 0.14548382210101485, 0.03656739182759286, 0.19798050610561857, 0.14403649358929102, 0.007782725336294366, 0.15625765370272976, 0.14060901500060835, 0.14403649358929102, 0.03143750693460489, 0.15476193733739213, -0.049146015697180634, 0.07021508278845622, 0.15404414633732016, 0.04565036159913638, -1000000.0, 0.1395108224305862, 0.06262044899235504, 0.05609720219786946, 0.14403649358929102, -0.0009353409939287343, 0.10322908631955652, 0.03160664615083662, 0.15476193733739213, 0.056087939223938156, 0.12599750929978681, -0.017020750115257, 0.14054190299929376, 0.13232917921966283, 0.04149835999423772, 0.14134003384374313, 0.05244706926819731, 0.05639908107428366, 0.12898416937682372, 0.06262044899235504, 0.15625765370272976, 0.14258755949375887, 0.15476193733739213, -0.021470468003313793, 0.14403649358929102, 0.03656739182759286, 0.0038777099988524084, 0.19622569464627335, 0.03656739182759286]
Generation 2 starts.
final:  [-0.0016950787569078158, 0.19622569464627335, -0.028546912032758047, 0.06005816552597581, 0.19793943001261366, 0.19622569464627335, 0.018384263476810405, 0.1390407113460826, 0.19841587553424084, 0.1563038977065216, 0.15625765370272976, 0.13734351890234647, 0.19622569464627335, 0.19607256333063625, 0.1395108224305862, 0.0192458707163966, 0.19494360692624504, 0.18790467288986124, 0.19798050610561857, 0.17332289541171741, 0.19793943001261366, 0.1390407113460826, 0.19622569464627335, 0.018384263476810405, 0.19793943001261366, 0.19622569464627335, 0.15425317074582626, 0.20023042564014382, 0.16566556921755107, 0.1395108224305862, 0.19758547996691714, -1000000.0, 0.018384263476810405, 0.16828153215032685, 0.19793943001261366, 0.15520266669427119, 0.1395108224305862, 0.1725438000276291, 0.19622569464627335, -0.005310648361805318, 0.16908686262750122, 0.15530582552598735, 0.1979967944740248, 0.15610178315666912, 0.15912328129524683, 0.017159407273291186, 0.1456419007043651, -0.0016950787569078158, 0.15625765370272976, 0.19793943001261366, 0.1395108224305862, 0.007782725336294366, 0.19622569464627335, 0.19494360692624504, 0.14416489758466491, 0.19841587553424084, 0.15404414633732016, 0.14314747849117682, 0.15625765370272976, 0.19619100778533194, 0.1359993457187671, 0.19793943001261366, 0.1728365830438839, 0.19622569464627335, 0.15625765370272976, 0.018384263476810405, 0.1569966643282916, 0.14517924490049186, -1000000.0, 0.19793943001261366, 0.19793943001261366, 0.17334413381157512, 0.018384263476810405, 0.19793943001261366, 0.19793943001261366, 0.1395108224305862, 0.15404414633732016, 0.19622569464627335, -0.009560983549428121, 0.13663349587392268, 0.16123991054072367, 0.19793943001261366, 0.19622569464627335, 0.1395108224305862, 0.14403649358929102, 0.19841587553424084, 0.15625765370272976, 0.10788381540506436, 0.19622569464627335, 0.15610178315666912, 0.15625765370272976, 0.19841587553424084, 0.0996519122926023, 0.16828153215032685, 0.1342449814227514, 0.12826991589294834, 0.07912541835575453, 0.19793943001261366, 0.15476193733739213, 0.018384263476810405, 0.19793943001261366, 0.19798050610561857, 0.19622569464627335, 0.14631479786095802, 0.19798050610561857, 0.0996519122926023, 0.15625765370272976, 0.15520266669427119, 0.14517924490049186, 0.19622569464627335, 0.10429053571838802, 0.19793943001261366, 0.18139902317472006, 0.19793943001261366, 0.19622569464627335, 0.15625765370272976, 0.14314747849117682, 0.0192458707163966, 0.15476193733739213, 0.10364276559224378, 0.15625765370272976, 0.11981494333710462, 0.19619100778533194, 0.13905962196771304, 0.19793943001261366, 0.1647210772148148, 0.19841587553424084, 0.19793943001261366, 0.12756872056065074, 0.16598356399019568, 0.19459526325312454, -0.01422623694630747, 0.15476193733739213, 0.19622569464627335, 0.19793943001261366, 0.006744026418224043, 0.19793943001261366, 0.19798050610561857, 0.19622569464627335, 0.12756872056065074, 0.19622569464627335, 0.15476193733739213, 0.19793943001261366, 0.19793943001261366, 0.13663349587392268, 0.15610178315666912, 0.16828153215032685, -0.03179222765594171, 0.19798050610561857, -0.11612048029967191, 0.19622569464627335, 0.19793943001261366, 0.15520266669427119, 0.03436852159893426, 0.1390407113460826, 0.018384263476810405, 0.16566556921755107, 0.15625765370272976, 0.16146282189121025, 0.11253271942531166, 0.19613298685485045, 0.18790467288986124, 0.15476193733739213, -0.1141835961935296, 0.13663349587392268, 0.15531560345692338, 0.16766887851361534, -0.0005788957602677632, 0.19622569464627335, 0.1390407113460826, 0.1450810980806518, 0.018384263476810405, -0.005251730111483351, 0.1629590333880508, 0.19622569464627335, 0.0996519122926023, 0.19622569464627335, 0.19622569464627335, 0.16444813556542612, 0.19622569464627335, 0.18653628145060291, 0.19622569464627335, 0.1641821901789778, 0.018384263476810405, 0.19622569464627335, 0.19793943001261366, 0.15476193733739213, 0.19622569464627335, 0.1487226716797766, 0.0926316216367057, 0.19622569464627335, 0.1395108224305862, 0.18117174131884217, 0.15625765370272976, 0.19622569464627335, 0.19622569464627335, 0.19162503111665777, 0.19622569464627335, -0.0001825272181344895, 0.19793943001261366, 0.12898416937682372, 0.1390407113460826, 0.19841587553424084, 0.19494360692624504, 0.15643757991514157, 0.1395108224305862, 0.013049295316800604, -0.03179222765594171, 0.007782725336294366, 0.15520266669427119, 0.16195386843885445, 0.19622569464627335, 0.15625765370272976, 0.13888784143987248, 0.15520266669427119, 0.1390407113460826, 0.14631479786095802, 0.15600536215946786, 0.15967812612487778, 0.09211400227888426, 0.15625765370272976, -0.01598075870842903, 0.19622569464627335, 0.2024430250084491, 0.19622569464627335, -1000000.0, 0.19622569464627335, 0.1395108224305862, 0.19622569464627335, 0.14517924490049186, 0.15476193733739213, 0.19622569464627335, 0.14631479786095802, 0.15610178315666912, 0.15530582552598735, 0.1629590333880508, 0.15625765370272976, 0.19793943001261366, 0.19622569464627335, 0.19622569464627335, 0.19793943001261366, 0.004088270829594357, 0.17332289541171741, 0.15610178315666912, 0.0996519122926023, 0.19622569464627335, 0.15520266669427119, 0.15476193733739213, 0.14314747849117682, 0.19793943001261366]
Generation 3 starts.
final:  [0.20954617247699778, 0.19162503111665777, 0.19841587553424084, 0.20023042564014382, 0.19841587553424084, 0.1395108224305862, 0.14631479786095802, 0.13598956633480505, -0.007461554977504952, 0.018384263476810405, 0.19793943001261366, 0.09470935059175724, -0.0001825272181344895, 0.14631479786095802, 0.2024430250084491, 0.20118365479137035, -1000000.0, 0.018384263476810405, 0.18790467288986124, 0.14358197694304062, 0.19622569464627335, 0.19793943001261366, 0.19622569464627335, 0.19622569464627335, 0.19841587553424084, 0.19793943001261366, 0.1395108224305862, 0.19793943001261366, 0.011364884987136628, 0.19793943001261366, 0.1395108224305862, -0.0001825272181344895, 0.19793943001261366, 0.20956104648294666, 0.19793943001261366, 0.011993863815985897, 0.19793943001261366, 0.19793943001261366, 0.1390407113460826, 0.13864646569725003, -0.0001825272181344895, 0.12346204957065952, 0.19793943001261366, 0.018384263476810405, 0.16332573372310324, 0.18790467288986124, 0.20023042564014382, 0.16050933629077746, 0.1395108224305862, -0.01598075870842903, 0.19798050610561857, 0.12826991589294834, 0.19793943001261366, 0.20023042564014382, 0.018384263476810405, 0.1395108224305862, 0.18790467288986124, 0.12756872056065074, 0.1381482030737239, 0.1395108224305862, 0.166745872765078, 0.19793943001261366, 0.20023042564014382, 0.20023042564014382, 0.018384263476810405, 0.15404897780898974, 0.15520266669427119, 0.01838702451135521, 0.19841587553424084, 0.20118365479137035, 0.18790467288986124, 0.011993863815985897, 0.19793943001261366, 0.15967812612487778, 0.19841587553424084, 0.15967812612487778, 0.19901791546845227, 0.19622569464627335, 0.19841587553424084, 0.12720032027541328, 0.1395108224305862, 0.19793943001261366, 0.1611071209600475, 0.19793943001261366, 0.08894791252788739, 0.007782725336294366, 0.15967812612487778, 0.018384263476810405, 0.17751408534598032, 0.14631479786095802, 0.19793943001261366, 0.19793943001261366, 0.19494360692624504, 0.19793943001261366, -0.003255284390803653, 0.20023042564014382, 0.20956104648294666, 0.19793943001261366, 0.15967812612487778, 0.18790467288986124, 0.12756872056065074, 0.19793943001261366, 0.18790467288986124, 0.19798050610561857, 0.19841587553424084, 0.19841587553424084, 0.018384263476810405, 0.19622569464627335, 0.20023042564014382, 0.19622569464627335, -0.05866418004886405, 0.19793943001261366, -0.0001825272181344895, 0.1395108224305862, -1000000.0, 0.018384263476810405, 0.19793943001261366, 0.1390407113460826, 0.19793943001261366, 0.12756872056065074, 0.14631479786095802, 0.018384263476810405, 0.19622569464627335, 0.18790467288986124, 0.09470935059175724, 0.018384263476810405, 0.14314747849117682, 0.19793943001261366, 0.19793943001261366, 0.19622569464627335, -0.0015789262318846387, 0.19793943001261366, 0.19926112765982762, 0.19793943001261366, 0.16908686262750122, -0.003255284390803653, 0.18790467288986124, 0.19793943001261366, 0.19793943001261366, 0.08894791252788739, 0.1395108224305862, 0.018384263476810405, 0.19841587553424084, 0.08894791252788739, 0.19901791546845227, 0.19616467479653865, 0.018384263476810405, 0.15967812612487778, 0.19793943001261366, 0.18790467288986124, 0.19793943001261366, 0.19841587553424084, 0.19793943001261366, 0.1979967944740248, 0.1722800884741094, 0.16371880065387728, 0.1395108224305862, 0.13645780010124695, 0.1395108224305862, 0.1395108224305862, 0.19793943001261366, 0.19793943001261366, 0.14631479786095802, 0.14517924490049186, 0.15530582552598735, 0.1390407113460826, 0.19841587553424084, 0.01838702451135521, 0.19901791546845227, 0.19841587553424084, 0.15967812612487778, 0.0175504503405413, 0.19841587553424084, 0.19486293526519202, 0.19901791546845227, 0.18790467288986124, 0.19841587553424084, -3.19066988493132e-06, 0.20023042564014382, 0.19793943001261366, 0.19901791546845227, 0.19793943001261366, 0.2019870019372313, 0.14324362662367054, 0.14631479786095802, 0.19793943001261366, 0.1395108224305862, 0.2024430250084491, 0.19841587553424084, 0.19841587553424084, 0.19901791546845227, 0.19793943001261366, 0.018384263476810405, 0.18790467288986124, 0.16828153215032685, 0.18790467288986124, -0.003998117062358346, 0.15967812612487778, 0.19793943001261366, 0.14631479786095802, 0.0175504503405413, 0.05357298264849374, 0.19793943001261366, 0.19901791546845227, 0.018384263476810405, 0.07547680822102064, -0.003255284390803653, 0.19793943001261366, 0.09470935059175724, 0.018384263476810405, 0.19841587553424084, 0.0996519122926023, 0.1661978805815394, 0.16369755450430645, 0.15967812612487778, 0.15967812612487778, 0.19793943001261366, 0.19841587553424084, 0.19841587553424084, 0.19622569464627335, 0.018384263476810405, 0.14631479786095802, 0.1395108224305862, 0.16371880065387728, -0.0015789262318846387, 0.19622569464627335, 0.19841587553424084, 0.12756872056065074, 0.19793943001261366, 0.14631479786095802, 0.19793943001261366, 0.16371880065387728, 0.20118365479137035, 0.19793943001261366, 0.1395108224305862, 0.19622569464627335, 0.2024430250084491, 0.1395108224305862, 0.20375723954382383, 0.16371880065387728, 0.15520266669427119, 0.018384263476810405, 0.1369131733218745, 0.14631479786095802, 0.12756872056065074, 0.18790467288986124, 0.14631479786095802, 0.19793943001261366, 0.19841587553424084, 0.19901791546845227]
Generation 4 starts.
final:  [-0.08064478136662676, 0.20118365479137035, 0.23015664747036713, 0.06274482824732988, 0.19841587553424084, 0.01838702451135521, 0.16356544890869187, -0.0001825272181344895, 0.19841587553424084, -0.004428066673347142, 0.23029414762241518, 0.1513747466600533, 0.011993863815985897, -0.0001825272181344895, 0.20464199391537405, 0.19486293526519202, 0.1385216548974079, 0.1631368820872697, 0.20023042564014382, 0.20118365479137035, 0.14139942386296991, -0.016279327231836907, 0.1810815871103125, 0.12756872056065074, -0.015614785559307868, 0.19622569464627335, -0.00036729151595855155, 0.2019870019372313, -1000000.0, 0.20023042564014382, -1000000.0, 0.19901791546845227, 0.19793943001261366, 0.22551902715807026, 0.17266139277777348, -0.1838555731134046, 0.20023042564014382, 0.19622569464627335, 0.19880012089268603, 0.19622569464627335, 0.20546720063939428, 0.19794209787275172, 0.19622569464627335, 0.2024430250084491, 0.10056707520362669, 0.16598101044250274, 0.20023042564014382, 0.17838509651739612, 0.19622569464627335, -0.003019553301749326, 0.024937117408545886, 0.20023042564014382, 0.030555555825551483, -0.06264740873514552, 0.23015664747036713, 0.01838702451135521, 0.0011446288698620148, 0.05612361422284311, 0.1395108224305862, 0.22820642074503755, 0.20023042564014382, -0.0001825272181344895, 0.20652876817752586, -0.0769634034306234, 0.09470935059175724, 0.09470935059175724, 0.20118365479137035, 0.19901791546845227, 0.20567380464237886, 0.16696813372544295, 0.14213313151460008, 0.10453316012428503, 0.19622569464627335, 0.20505387307075154, -0.013315379315415082, 0.23015664747036713, -0.0015789262318846387, 0.19399539869776056, 0.09101858634762341, 0.15075225361879618, 0.20375723954382383, 0.20956104648294666, 0.09133050607239512, 0.1617594410456668, 0.1586615502334119, 0.19622569464627335, 0.23015664747036713, 0.20954617247699778, 0.19841587553424084, 0.19841587553424084, 0.23347732057437756, 0.08436122780519474, 0.20118365479137035, -0.21361268310734513, 0.19509546733186306, 0.15967812612487778, -1000000.0, -0.053762263798224685, 0.20023042564014382, 0.2019870019372313, 0.19863738264778955, 0.19901791546845227, 0.16566556921755107, 0.09925973634230403, 0.19494360692624504, 0.22637195516978312, 0.19880012089268603, 0.12733121899185676, 0.16696813372544295, 0.22637195516978312, 0.19882893163701393, 0.13096405021905458, 0.14628868957460495, 0.22645186589805863, 0.09099553182817048, 0.19841587553424084, 0.14724716043535135, -0.014188214364614787, 0.19841587553424084, 0.19901791546845227, -0.0001825272181344895, -0.05576873439216071, -1000000.0, 0.19399539869776056, 0.19622569464627335, 0.20023042564014382, 0.19841587553424084, 0.22551902715807026, 0.20916348108324875, -0.0001825272181344895, 0.1395108224305862, -1000000.0, 0.22551902715807026, 0.19841587553424084, 0.20023042564014382, 0.20118365479137035, -0.0001825272181344895, 0.19614519859412283, 0.1395108224305862, 0.19841587553424084, -0.0001825272181344895, 0.22574720719285507, -0.014188214364614787, 0.19841587553424084, 0.200242158039005, 0.09133050607239512, -0.001311229167880629, 0.20023042564014382, 0.20956104648294666, 0.13790565289634574, 0.1395108224305862, 0.19793943001261366, -0.0015789262318846387, 0.16332573372310324, 0.20023042564014382, 0.19841587553424084, 0.20118365479137035, 0.19901791546845227, 0.19793943001261366, 0.19622569464627335, 0.16431032612163626, 0.2073469541974551, 0.018384263476810405, 0.1693219643791156, -0.001311229167880629, -3.19066988493132e-06, 0.20023042564014382, 0.0787474015228141, 0.19622569464627335, -1000000.0, 0.20652876817752586, -0.05230782766695547, 0.17897693930681996, 0.20652876817752586, 0.2019870019372313, 0.15967812612487778, 0.20954617247699778, -0.004428066673347142, 0.22820642074503755, 0.15585680883491873, 0.20954617247699778, 0.20546720063939428, 0.15967812612487778, 0.023197798135481135, 0.2024430250084491, 0.19793943001261366, 0.14226284637580572, 0.17175187659757638, 0.13216642736927445, 0.19841587553424084, -0.0005532161635708783, -0.05866418004886405, -0.00032121632016962224, 0.14013461157990043, 0.19622569464627335, 0.14057378523612227, 0.055254733407641886, 0.19622569464627335, 0.19901791546845227, 0.200242158039005, 0.15689465526590612, -1000000.0, -0.06865106239476602, 0.16828153215032685, 0.19841587553424084, 0.200242158039005, 0.20464199391537405, 0.05612361422284311, -0.0019002220400477106, 0.16908686262750122, 0.16991408905522606, 0.1556226769529995, -0.03737872585370531, 0.20118365479137035, 0.19841587553424084, 0.20652876817752586, 0.20954617247699778, 0.05612361422284311, 0.19901791546845227, 0.14139942386296991, 0.10453316012428503, 0.19841587553424084, 0.2024430250084491, 0.2019870019372313, 0.19620766152216373, 0.14052658480336666, 0.19399539869776056, 0.19622569464627335, 0.1611071209600475, 0.20023042564014382, 0.22645186589805863, 0.07582938966576883, -1000000.0, -0.05230782766695547, 0.11760858636884983, 0.11760858636884983, 0.20956104648294666, 0.19880012089268603, 0.01492792161952981, -1000000.0, 0.13790565289634574, 0.09470935059175724, 0.19841587553424084, 0.20118365479137035, 0.11977931856465973, 0.13790565289634574, 0.06361461693022823, 0.20023042564014382, 0.11760858636884983, 0.22551902715807026]
Generation 5 starts.
final:  [-1000000.0, 0.23236950998872713, 0.009883122565287911, 0.20118365479137035, -0.006115963482979354, 0.15005390262759954, 0.20123083295751054, -0.009221653415194087, 0.1611071209600475, -0.03369612291924578, 0.19901791546845227, 0.23236950998872713, 0.1662580356088008, 0.20954617247699778, 0.22551902715807026, 0.2019870019372313, 0.23015664747036713, 0.22551902715807026, 0.23236950998872713, 0.19901791546845227, 0.23347732057437756, 0.22986569683122837, -1000000.0, 0.2264839944585389, 0.06690495961617454, 0.20916348108324875, 0.2128595009204465, 0.2248730710868594, 0.15967812612487778, 0.22551902715807026, -0.02219633376507737, 0.19680149188813478, -0.0015789262318846387, 0.1744833218088707, 0.2142629221781297, 0.23029414762241518, 0.19278475988780144, 0.23029414762241518, 0.005449757652538419, 0.033143739240709486, 0.19901791546845227, 0.23015664747036713, 0.22847135977268943, -1000000.0, -0.014633878147333768, 0.19620766152216373, 0.19622569464627335, -0.003019553301749326, -0.007293494293055851, 0.016682700431914412, 0.19901791546845227, 0.20916348108324875, 0.043145585032969475, 0.23015664747036713, 0.21103596489243867, 0.19841587553424084, 0.2160184029422081, 0.23347732057437756, 0.23015664747036713, 0.1870823846125511, 0.19793943001261366, 0.20652876817752586, 0.06658042564830086, 0.2100847628886529, 0.20326546156945155, 0.22551902715807026, -0.0473945696794818, 0.11497148548529922, 0.23015664747036713, -0.0001825272181344895, 0.19901791546845227, 0.20203395641371935, 0.1395108224305862, 0.18269676260155987, 0.2309550873885467, 0.0754857004872218, -0.06395035103284669, 0.20105814001242495, 0.22551902715807026, 0.002199907200720687, 0.07581755515612018, 0.2019870019372313, 0.19486293526519202, 0.22820642074503755, 0.2264839944585389, -0.0007556165866090465, 0.22637195516978312, 0.23347732057437756, 0.23015664747036713, -0.025603458410897728, 0.23236950998872713, 0.21103596489243867, 0.2183534118709658, 0.20956104648294666, 0.23411338765650005, 0.06408259454398904, 0.20916348108324875, 0.19901791546845227, 0.20023042564014382, 0.23605686543042545, 0.20023042564014382, 0.012451006302501573, -0.0001825272181344895, 0.22820642074503755, -0.05230782766695547, -0.0015789262318846387, 0.19901791546845227, 0.23047333237476098, 0.22637195516978312, 0.22637195516978312, 0.16908686262750122, 0.23015664747036713, 0.20954617247699778, 0.23236950998872713, -0.01535505985761664, 0.04390944310862873, 0.22551902715807026, 0.20652876817752586, 0.19901791546845227, -0.02824459805895365, 0.20652876817752586, 0.19901791546845227, 0.19805880003223253, 0.19818397281883843, 0.02518861081647425, 0.23347732057437756, -0.0001825272181344895, 0.23511941627235708, 0.2302017592306599, 0.23015664747036713, 0.22281374950015237, 0.20118365479137035, 0.2128595009204465, 0.1694908783499971, 0.22986569683122837, 0.05836267078317019, 0.19841587553424084, 0.23029414762241518, 0.19841587553424084, 0.20916348108324875, 0.22645186589805863, 0.20652876817752586, 0.07779931780249541, 0.22637195516978312, 0.08673719643468153, 0.20118365479137035, 0.23236950998872713, 0.023197798135481135, 0.22637195516978312, 0.19901791546845227, -1000000.0, 0.15967812612487778, 0.23236950998872713, 0.19622569464627335, 0.23236950998872713, 0.23015664747036713, 0.2019870019372313, -0.013942133112875192, 0.20118365479137035, 0.19622569464627335, 0.2302017592306599, 0.20023042564014382, 0.033143739240709486, 0.23347732057437756, 0.20546720063939428, 0.19901791546845227, 0.19280536620917793, 0.20375723954382383, 0.24104882797934635, 0.23015664747036713, 0.19841587553424084, 0.23015664747036713, -0.03737687461455434, -0.019995126151392227, 0.1395108224305862, 0.22986569683122837, -0.0008816808556513024, -0.025433132658162688, 0.19841587553424084, 0.14226284637580572, 0.19622569464627335, 0.23015664747036713, 0.19486293526519202, 0.23029414762241518, 0.20375723954382383, 0.208647021371572, 0.23411338765650005, 0.21103596489243867, 0.23015664747036713, 0.1320311251092942, 0.20118365479137035, 0.22637195516978312, 0.17838509651739612, 0.20023042564014382, 0.23015664747036713, 0.19622569464627335, 0.23347732057437756, 0.22820642074503755, -0.05866418004886405, 0.20023042564014382, -0.004428066673347142, 0.23029414762241518, 0.22986569683122837, 0.20916348108324875, 0.19841587553424084, 0.19901791546845227, 0.0008778595853553299, 0.23015664747036713, 0.19622569464627335, 0.2019870019372313, 0.22655431850538346, 0.19901791546845227, 0.20048820730660014, 0.22804575524501763, 0.22551902715807026, 0.22847135977268943, 0.20505387307075154, 0.2019870019372313, 0.2019870019372313, 0.20023042564014382, 0.20652876817752586, 0.05942064000766695, -1000000.0, 0.2019870019372313, 0.23236950998872713, -0.015088143915681132, -0.001311229167880629, 0.19622569464627335, 0.20203395641371935, 0.20956104648294666, 0.1937326585980232, 0.23054160759228554, 0.15585680883491873, 0.19841587553424084, 0.23015664747036713, 0.22645186589805863, 0.1102992226822176, 0.23236950998872713, 0.23605686543042545, 0.06028680017732043, 0.23015664747036713, 0.2128595009204465, 0.10450385739638232, -0.01598075870842903, 0.23329613661586435, -0.19781624538849052, 0.23015664747036713, 0.2290787179423403, 0.0019517795395147155, 0.19901791546845227]
Generation 6 starts.
final:  [0.21103596489243867, 0.22759817716220046, -0.0001825272181344895, -0.0008816808556513024, 0.21103596489243867, 0.23236950998872713, 0.23015664747036713, 0.20118365479137035, 0.19525669426735162, 0.015365879017826895, 0.19622569464627335, 0.18436396367656793, 0.20118365479137035, 0.19841587553424084, 0.19525669426735162, 0.2369548483443274, 0.23015664747036713, 0.23236950998872713, 0.19774155082597103, 0.18755551036472892, 0.23423421084108823, 0.18374736537993133, 0.23411338765650005, 0.23347732057437756, 0.23605686543042545, 0.23347732057437756, 0.23605686543042545, 0.18374717555807957, 0.23411338765650005, 0.21425967800762794, 0.19901791546845227, 0.22551902715807026, -0.010559703444504572, 4.3574489252964924e-05, 0.17721173460736586, 0.23015664747036713, 0.20118365479137035, 0.2001760160385611, 0.23511941627235708, 0.18892623651004642, -0.02528842186090667, 0.011993863815985897, 0.01492792161952981, 0.23015664747036713, 0.2128595009204465, 0.19901791546845227, 0.23411338765650005, -0.016279327231836907, -0.0001825272181344895, 0.2020907557742897, 0.21322005464049273, 0.23411338765650005, 0.23605686543042545, 0.19901791546845227, 0.23236950998872713, 0.21425967800762794, 0.2332778002176111, 0.19525669426735162, -0.05866418004886405, 0.20652876817752586, 0.23236950998872713, 0.23411338765650005, 0.21471805972082772, 0.22804575524501763, 0.21322005464049273, 0.19901791546845227, 0.011993863815985897, 0.24104882797934635, 0.19841587553424084, 0.23511941627235708, -0.06971279910428924, 0.20972804713202356, 0.23029414762241518, -0.003019553301749326, -0.03749804990653896, 0.23015664747036713, -0.006115963482979354, -0.0027146732317223955, 0.23015664747036713, 0.23347732057437756, 0.23047333237476098, 0.23015664747036713, 0.20954617247699778, 0.22551902715807026, 0.08894791252788739, 0.23015664747036713, 0.21103596489243867, 0.19486293526519202, 0.24104882797934635, 0.2089933463929408, 0.23329613661586435, 0.22551902715807026, 0.20954617247699778, 0.18892623651004642, 0.20916348108324875, 0.05585678698463323, 0.23605686543042545, 0.23015664747036713, 0.0022287266674999293, 0.19525669426735162, 0.00015739784905846626, 0.21471805972082772, -0.003255284390803653, 0.19525669426735162, 0.21414965657466686, 0.23411338765650005, -0.025603458410897728, 0.1907915864710442, 0.1990179676305505, -1000000.0, 0.23347732057437756, 0.23015664747036713, -0.007178948752887885, 0.04390944310862873, -0.01535505985761664, 0.21103596489243867, 0.23428500167443791, 0.19841587553424084, 0.2128595009204465, 0.23236950998872713, 0.20023042564014382, 0.006446524879598237, 0.21136743250976311, 0.208647021371572, 0.20916348108324875, 0.18839484460559638, 0.23605686543042545, 0.2128595009204465, 0.23605686543042545, 0.24105143703542217, -0.010559703444504572, 0.19901791546845227, 0.2316289322152466, 0.022453502207877153, 0.19622569464627335, 0.2128595009204465, 0.23015664747036713, 0.2047569521591053, 0.19622569464627335, -0.007293494293055851, -0.017802044067620374, 0.21103596489243867, 0.23605686543042545, 0.21103596489243867, 0.19901791546845227, 0.011993863815985897, 0.1710613063895386, -0.001311229167880629, 0.19525669426735162, -0.00032347621616200345, 0.21103596489243867, 0.23029414762241518, 0.20298277547035765, 0.19525669426735162, 0.1996540982287768, 0.19525669426735162, 0.20911163768847074, -0.05866418004886405, -0.003255284390803653, -0.0008816808556513024, 0.23236950998872713, 0.2006082746431613, 0.19901791546845227, 0.05455637362973513, 0.23029414762241518, 0.23236950998872713, -0.0015789262318846387, 0.21103596489243867, 0.19525669426735162, 0.012709188758419358, 0.23047333237476098, 0.23411338765650005, -0.048931153551877035, 0.23411338765650005, -0.004428066673347142, 0.23015664747036713, 0.19622569464627335, -0.07800817991884286, 0.20118365479137035, 0.23015664747036713, 0.23015664747036713, 0.21322005464049273, -0.007155461377610239, 0.21103596489243867, 0.23347732057437756, 0.23236950998872713, 0.23236950998872713, 0.19453303870456357, 0.23029414762241518, -0.029952676604309877, 0.23015664747036713, 0.18892623651004642, 0.23511941627235708, -0.06264740873514552, 0.18567514972769683, 0.19650305937727452, 0.21471805972082772, 0.22645186589805863, 0.18015263807121612, -0.015614785559307868, 0.23511941627235708, 0.23511941627235708, 0.1877956669483019, -1000000.0, 0.030555555825551483, 0.23423421084108823, 0.23047333237476098, 0.2128595009204465, 0.23347732057437756, 0.006027967697621492, 0.18960800688720442, 0.033561420741464204, 0.0023790261018965062, 0.20023042564014382, 0.22842033561298697, 0.23015664747036713, -0.010559703444504572, 0.23236950998872713, 0.19901791546845227, 0.23236950998872713, 0.24104882797934635, 0.19841587553424084, 0.23411338765650005, 0.23238496249475918, 0.19830940593977747, 0.2128595009204465, 4.3574489252964924e-05, 0.19525669426735162, -0.05866418004886405, 0.23015664747036713, 0.23015664747036713, -0.05866418004886405, 0.012709188758419358, 0.20911163768847074, 0.19901791546845227, -0.016279327231836907, 0.1851289803361171, 0.20023042564014382, 0.19705238997765176, 0.23015664747036713, 0.08854695413812788, 0.23605686543042545, 0.21103596489243867, 0.15136903799151613, -1000000.0, 0.23347732057437756, 0.23015664747036713, 0.17978969251932383, 0.23605686543042545, 0.20023042564014382]
Generation 7 starts.
final:  [0.19992342706930705, 0.2059105607306294, -1000000.0, -0.0033065587323652503, 0.2369548483443274, 0.24104882797934635, 0.23511941627235708, 0.2020907557742897, -1000000.0, 0.12344147316906053, 0.17721173460736586, 0.01411861084078865, 0.21322005464049273, -0.004709792522568426, 0.2167612544190232, -0.013315379315415082, 0.20133038056527328, 0.24184138924911855, -0.05866418004886405, 0.24105143703542217, -0.003019553301749326, 0.23411338765650005, 0.19073946061895888, 0.24206220012864002, 0.23015664747036713, -1000000.0, 0.23411338765650005, -0.00032347621616200345, 0.21664807994036267, -0.0004286903154063498, 0.23347732057437756, 0.2139483948468697, 0.20099610351105618, 0.24104882797934635, -0.02824459805895365, 0.19622569464627335, -0.20339841620950705, 0.06700784907772975, 0.23015664747036713, -0.06264740873514552, 0.23853070001807178, 0.24105143703542217, -0.01192181173284689, 0.012851799026563636, 0.18221833941251772, 0.23047333237476098, 0.05585678698463323, 0.20652876817752586, 0.0025625195204324073, 0.2167612544190232, 0.23863618607876902, 0.2369548483443274, 0.21322005464049273, -0.04430342396879274, 0.2018600420611995, 0.1990179676305505, -1000000.0, 0.21469474013906747, 0.23236950998872713, 0.23605686543042545, 0.2019870019372313, 0.20916348108324875, 0.24104882797934635, -0.06264740873514552, -0.00046533551160264554, 0.0005470411821294121, 0.20954617247699778, 0.022026843667920067, 0.23511941627235708, 0.18015263807121612, 0.20954617247699778, 0.19841587553424084, 0.18827617290175772, 0.0025581801139202324, 0.21103596489243867, 0.007446916585700948, -0.05866418004886405, 0.19846124471285337, 0.012709188758419358, 0.034269141892565094, 0.19705238997765176, -0.013685157150704286, 0.0002817977936183698, 0.23221123185028322, 0.08854695413812788, 0.23015664747036713, -0.028958944567631796, 0.19901791546845227, 0.23347732057437756, 0.21572298254477054, 0.20972804713202356, 0.2316289322152466, 0.2325146824646197, 0.20972804713202356, 0.2167612544190232, 0.19830940593977747, 0.2342303763987067, 0.006446524879598237, 0.23205911510843477, -0.015374084018223832, 0.21502727509270353, -0.003019553301749326, -0.20361577856798949, 0.2167612544190232, 0.19901791546845227, 0.24105143703542217, 0.23605686543042545, -0.007155461377610239, 0.24104882797934635, 0.23605686543042545, 0.24104882797934635, 0.19622569464627335, 0.09544638976900736, 0.2397728542460087, 0.15166518895019082, 0.0828581976465597, 0.21664807994036267, 0.1807610829042865, 0.23605686543042545, 0.23605686543042545, 0.23347732057437756, 0.23605686543042545, 0.24105143703542217, -0.0004286903154063498, 0.23511941627235708, -0.0020161551296735388, 0.005711468954826947, 0.23894907725661355, 0.20972804713202356, 0.2372515421236989, 0.23511941627235708, 0.24104882797934635, -0.0448748091755427, 0.1710613063895386, 0.23605686543042545, 0.20161879497912832, 0.23605686543042545, -1000000.0, 0.011993863815985897, 0.23411338765650005, 0.2369548483443274, -0.003019553301749326, -0.00036729151595855155, 0.19622569464627335, -0.013315379315415082, 0.23411338765650005, -0.0004286903154063498, 0.20339501036256347, 0.2343348924628766, 0.20916348108324875, -0.05576713975217811, 0.20321966154077664, 0.2032080349455993, 0.19841587553424084, 0.23643436054071834, 0.0047566978451285, -0.00036729151595855155, 0.2369548483443274, 0.23605686543042545, -0.01480720432397336, 0.24104882797934635, 0.048981602218830814, 0.18142380630045837, 0.21469474013906747, 0.20954617247699778, 0.19622569464627335, 0.054577737231537034, 0.24104882797934635, 0.0002817977936183698, 0.19901791546845227, 0.19841587553424084, -0.05866418004886405, -0.0769634034306234, 0.23236950998872713, 0.23511941627235708, -0.013685157150704286, -0.008353834929918848, 0.23605686543042545, 0.24104882797934635, 0.21471805972082772, 0.19841587553424084, 0.17721173460736586, 0.23582615268866186, 0.08894791252788739, 0.21168834389383956, 0.2001760160385611, -0.20361577856798949, 0.09286284667733907, 0.2369548483443274, 0.23605686543042545, 0.23511941627235708, 0.23605686543042545, 0.0016991425880916685, 0.23511941627235708, 0.0828581976465597, -0.03749804990653896, -0.0037089287091810644, 0.2139154405912248, 0.21813614912509757, 0.011993863815985897, -0.00032347621616200345, -0.2016735245067522, 0.006446524879598237, -0.0004286903154063498, 0.23511941627235708, -0.20361577856798949, 0.18206958203181703, 0.20161879497912832, 0.18015263807121612, 0.23411338765650005, 0.2019870019372313, 0.208140712245634, 0.23511941627235708, 0.18221833941251772, 0.240362981606127, 0.23605686543042545, 0.21471805972082772, -1000000.0, 0.19705238997765176, 0.23605686543042545, -0.05866418004886405, 0.17721173460736586, 0.17721173460736586, -0.004709792522568426, 0.21471805972082772, 0.23511941627235708, 0.21425967800762794, 0.2369548483443274, 0.01610789477891552, -0.007341675225452303, -0.006115963482979354, 0.19622569464627335, 0.208647021371572, 0.21518387162089042, 0.20954617247699778, 0.23605686543042545, 0.034269141892565094, 0.24104882797934635, 0.23029414762241518, -1000000.0, 0.22645186589805863, 5.237853524159611e-06, 0.24104882797934635, -0.05866418004886405, -0.003019553301749326, 0.21471805972082772, 0.20972804713202356, 0.19846124471285337, 0.23511941627235708, 0.21168834389383956]
Generation 8 starts.
final:  [-0.05098864667545081, 0.23605686543042545, -0.015374084018223832, -0.015374084018223832, -0.0037089287091810644, 0.24105143703542217, -0.07800817991884286, -0.04430342396879274, 0.20298277547035765, -0.20336870570506552, 0.24104882797934635, 0.2388324323279903, 0.19841587553424084, 0.09122117351663936, -0.0004038200545513961, -0.04278897683389234, 0.21322005464049273, 0.23027297869346253, 0.19841587553424084, -0.001880616314681503, 0.24105143703542217, 0.22490711512972475, 0.23424406277587156, 0.23605686543042545, -0.031000079209452185, 0.10649541546220233, 0.20972804713202356, 0.2372515421236989, 0.23511941627235708, -0.0015789262318846387, 0.21322005464049273, 0.0025625195204324073, 0.23029414762241518, 0.20298277547035765, 0.20136012870218783, 0.24105143703542217, 0.24206220012864002, 0.21322005464049273, -0.03567658325750256, 0.20954617247699778, 0.24104882797934635, 0.21337212273390857, 0.21425967800762794, 0.13167681586590024, -0.013685157150704286, 0.23236950998872713, -0.01145137839949997, 0.23605686543042545, 0.16979666944666263, 0.24105143703542217, 0.2397728542460087, 0.21684221277155094, -1000000.0, 0.229609197056648, 0.2404063437227872, -0.008090046544298395, 0.24206220012864002, 0.2397728542460087, 0.23943740212551692, 0.2032253585874917, -1.8419575039160905e-05, 0.19841587553424084, 0.015249954684370544, -1000000.0, -0.013315379315415082, 0.2400241773255643, -0.007341675225452303, 0.23897520884328335, 0.21425967800762794, 0.19336990938979357, -0.003019553301749326, -0.003019553301749326, 0.24206220012864002, 0.2028102217924258, -0.005274355995621742, 0.24184138924911855, 0.24104882797934635, 0.0021513738237582633, 0.24206220012864002, 0.0025625195204324073, 0.24184138924911855, 0.2167612544190232, 0.24206220012864002, -0.06050888711386426, 0.22645186589805863, 0.23411338765650005, 0.24105143703542217, 0.2139154405912248, 0.240362981606127, 0.24105143703542217, -0.07800817991884286, 0.1543344916756109, -1000000.0, 0.24105143703542217, -0.00046533551160264554, 0.2327982522672979, 0.21813614912509757, 0.22011840579201503, 0.19391928845624223, 0.24104882797934635, -0.007341675225452303, 0.2164017974303469, 0.0061367196274705, -0.015374084018223832, 0.24105143703542217, 0.21425967800762794, 0.08736146703530423, 0.24206220012864002, -0.07800817991884286, 0.21322005464049273, 0.23894907725661355, 0.19841587553424084, 0.240362981606127, 0.2020907557742897, 0.24104882797934635, 0.0047566978451285, 0.24104882797934635, -0.03567658325750256, 0.24105143703542217, 0.2032253585874917, 0.24117448984860107, 0.22948061646627765, 0.24105143703542217, 0.2397728542460087, 0.20132453156159116, 0.23954189398412318, -0.007341675225452303, -0.005274355995621742, 0.0025625195204324073, -0.003019553301749326, 0.218317954360071, 0.0025625195204324073, 0.0025625195204324073, 0.00022043511525682424, 0.24104882797934635, 0.12344147316906053, 0.1710613063895386, -0.007293494293055851, -0.015166610206092565, 0.240362981606127, 0.13916405432141551, -0.05866418004886405, 0.23605686543042545, 0.23969942279206014, 0.18849387457634148, 0.0025625195204324073, 0.09122117351663936, 0.23863618607876902, 0.2284391819738712, 0.22011840579201503, 0.19841587553424084, 0.2167612544190232, 0.24105143703542217, -0.0001825272181344895, -0.015374084018223832, -0.008090046544298395, 0.24093969437901927, 0.20972804713202356, 0.24104882797934635, 0.24104882797934635, -0.022331475320254125, 0.22011840579201503, -0.004709792522568426, 0.24105143703542217, -0.0448748091755427, 0.005419011676645749, 0.24105143703542217, 0.24105143703542217, 0.23236950998872713, 0.24206220012864002, 0.22645186589805863, -0.2016735245067522, -0.05866418004886405, 0.2164017974303469, 0.24206220012864002, 0.24104882797934635, 0.21322005464049273, -0.02172536932798676, 0.24105143703542217, -0.0448748091755427, 0.20099610351105618, 0.0007942764628948109, 0.21834151122448897, 0.19389102513544956, 0.21343458360955211, 0.18745091200477074, 0.038545885125233194, -0.010559703444504572, 0.0025625195204324073, -0.0448748091755427, -0.07800817991884286, -0.01145137839949997, -0.008090046544298395, 0.24104882797934635, 0.24232190813350413, 0.006414355950062707, 0.24105143703542217, 0.23511941627235708, 0.20023042564014382, 0.24206220012864002, 0.21322005464049273, 0.18071161941531186, -0.003043471749505469, 0.24206220012864002, 0.20818385986804316, 0.24105143703542217, 0.24105143703542217, 0.2019870019372313, -0.018266528155050817, 0.2139483948468697, 0.24206220012864002, 0.208140712245634, -0.022331475320254125, 0.23033316955912955, -0.0037089287091810644, 0.20764378290852656, 0.24104882797934635, 0.24104882797934635, 0.19245162931059598, 0.23232997679556178, 0.18827617290175772, 0.24184138924911855, 0.23853070001807178, 0.24105143703542217, -0.2016735245067522, -0.07800817991884286, 0.2372515421236989, -0.008090046544298395, -0.0037089287091810644, 0.2369548483443274, -0.008090046544298395, 0.24105143703542217, 0.20023042564014382, 0.23582615268866186, 0.20772330008931747, 0.0025625195204324073, 0.2019870019372313, 0.2167612544190232, 0.0025625195204324073, -0.022331475320254125, 0.19622569464627335, 0.13709767975112827, -0.003046128660258151, 0.23605686543042545, 0.0026198599832708367, 0.12417815030382838, 0.24104882797934635, 0.2397728542460087, 0.18015263807121612, 0.12344147316906053]
Generation 9 starts.
final:  [0.19901791546845227, 0.16733576188387841, 0.24104882797934635, -0.05866418004886405, 0.24206220012864002, 0.24184138924911855, 0.19901791546845227, 0.24206220012864002, 0.24105143703542217, 0.24104882797934635, 0.19841587553424084, -0.20361577856798949, 0.24206220012864002, 0.0169262761780565, -0.07800817991884286, 0.006446524879598237, 0.24206220012864002, 0.20972804713202356, 0.23317651280011906, 0.24104882797934635, -0.07800817991884286, 0.24105143703542217, -0.007341675225452303, 0.2167612544190232, 0.24206220012864002, -0.2016735245067522, -0.00393752409418268, 0.24206220012864002, 0.20972804713202356, 0.17873599982941593, 0.24104882797934635, 0.24206220012864002, 0.08953494157590827, 0.2306203248913071, 0.23169439805309386, 0.2400241773255643, -0.05866418004886405, 0.2167612544190232, 0.21322005464049273, 0.23015664747036713, 0.15600476636992544, 0.24206220012864002, -0.005114228724361009, 0.18737085662825528, 0.19432850811787447, 0.08953494157590827, 0.24184138924911855, -0.01192181173284689, 0.17566406994507547, -1000000.0, 0.23573213435274934, 0.24184138924911855, -0.007341675225452303, 0.24206220012864002, -1000000.0, 0.194393495201792, -0.008090046544298395, 0.24206220012864002, 0.24206220012864002, 0.24104882797934635, 0.21769209357306443, 0.015249954684370544, 0.24206220012864002, -0.001880616314681503, -0.02528842186090667, 0.23573213435274934, 0.23246552920100458, 0.20972804713202356, 0.24206220012864002, 0.24206220012864002, -0.007293494293055851, 0.24206220012864002, -0.022331475320254125, 0.23053621949442946, 0.12648616246277378, 0.24206220012864002, 0.21322005464049273, 0.20298277547035765, 0.24206220012864002, 0.218317954360071, 0.24206220012864002, -0.007341675225452303, 0.24206220012864002, 0.012156598945018181, 0.16733576188387841, 0.19901791546845227, -0.20339841620950705, 0.218317954360071, -0.008090046544298395, -0.02528842186090667, -0.007341675225452303, -0.05866418004886405, 0.18372439500654858, 0.20298277547035765, 0.24206220012864002, 0.24206220012864002, 0.23236950998872713, -0.0037089287091810644, -0.022331475320254125, -0.20361577856798949, 0.2397728542460087, 0.2167612544190232, 0.24206220012864002, -0.008090046544298395, 0.24206220012864002, -1000000.0, 0.006446524879598237, 0.24206220012864002, 0.2167612544190232, -0.07800817991884286, 0.12648616246277378, 0.2427215347370523, 0.24105143703542217, 0.14394672703039596, 0.24105143703542217, 0.24206220012864002, 0.22011840579201503, -0.01192181173284689, 0.24105143703542217, 0.2167612544190232, 0.20339501036256347, 0.10160136358133218, 0.240362981606127, 0.24105143703542217, 0.16046145654741434, -0.008090046544298395, 0.20972804713202356, -0.013685157150704286, -0.20361577856798949, 0.194393495201792, 0.23573213435274934, -0.20339841620950705, 0.16733576188387841, 0.22011840579201503, 0.23015664747036713, -0.007341675225452303, 0.1942430923265885, 0.23573213435274934, -0.022331475320254125, 0.24105143703542217, 0.20972804713202356, 0.2033191288043518, 0.08953494157590827, 0.2033191288043518, 0.1989965210483623, 0.20972804713202356, 0.24184138924911855, 0.22011840579201503, 0.24105143703542217, 0.24104882797934635, -0.022331475320254125, 0.0023790261018965062, -0.015374084018223832, 0.24184138924911855, -0.013685157150704286, 0.24184138924911855, -0.2016735245067522, 0.24105143703542217, 0.2167612544190232, 0.23015330656119048, 0.24206220012864002, 0.24206220012864002, 0.23015664747036713, 0.24105143703542217, 0.24105143703542217, 0.24232190813350413, 0.24110571775171213, 0.23236950998872713, 0.20972804713202356, 0.24206220012864002, -0.022331475320254125, -1.8419575039160905e-05, 0.24206220012864002, 0.24206220012864002, 0.19622569464627335, 0.1986946650121738, 0.01516336133681676, 0.12770303761817994, 0.20972804713202356, -0.008090046544298395, -1000000.0, 0.20972804713202356, -0.05866418004886405, 0.23015664747036713, -0.007293494293055851, 0.20972804713202356, -0.07800817991884286, -0.20556747149916332, 0.21322005464049273, -1000000.0, 0.17566406994507547, 0.24184138924911855, -0.20361577856798949, 0.24104882797934635, -0.022331475320254125, 0.0023790261018965062, -0.0037089287091810644, 0.23015664747036713, 0.2028102217924258, 0.07437719858744131, 0.23236950998872713, 0.23317651280011906, 0.24206220012864002, 0.24110571775171213, -0.00032347621616200345, 0.10862497668244941, 0.05179886952530554, 0.01516336133681676, 0.24104866175321893, 0.21388961828471914, 0.24110571775171213, 0.17566406994507547, 0.19901791546845227, -0.03032207024632073, -1000000.0, -1000000.0, 0.17566406994507547, 0.20972804713202356, 0.20339501036256347, 0.24206220012864002, 0.17566406994507547, 0.24206220012864002, 0.20306952521569288, 0.24206220012864002, 0.24206220012864002, -0.07800817991884286, 0.12118871064638012, -0.20361577856798949, 0.19841587553424084, 0.21322005464049273, 0.21322005464049273, 0.24206220012864002, 0.24105143703542217, 0.19901791546845227, 0.2167612544190232, 0.24105143703542217, 0.24206220012864002, 0.24043284861772657, 0.21645692719038503, -0.07800817991884286, 0.240362981606127, 0.24206220012864002, 0.16733576188387841, 0.20298277547035765, 0.2028102217924258, 0.21128892664277482, 0.24105143703542217, 0.1438672981162117, 0.2028102217924258, -0.007341675225452303]
Generation 10 starts.
final:  [-0.010129393643734195, 0.24206220012864002, 0.19901791546845227, 0.23015664747036713, 0.22011840579201503, 0.20298277547035765, 0.23015664747036713, 0.18737085662825528, 0.24206220012864002, -0.20361577856798949, -0.0086278791238255, 0.21128892664277482, -0.003019553301749326, 0.19841587553424084, 0.22011840579201503, 0.24206220012864002, 0.2028102217924258, -0.00017339514318899543, -0.007341675225452303, -0.003019553301749326, -0.013685157150704286, 0.2167612544190232, 0.23029414762241518, 0.20972804713202356, 0.2167612544190232, -0.003019553301749326, -0.013685157150704286, 0.24206220012864002, 0.20298277547035765, 0.014919095740156577, 0.24206220012864002, -1000000.0, 0.006446524879598237, -1000000.0, 0.24105143703542217, -0.003019553301749326, 0.24105143703542217, 0.2301494025285982, -0.02528842186090667, 0.2167612544190232, 0.19901791546845227, -0.008090046544298395, 0.18737085662825528, 0.24206220012864002, 0.24206220012864002, 0.24105143703542217, -0.008090046544298395, 0.24206220012864002, 0.20972804713202356, -0.05866418004886405, -0.007341675225452303, 0.24206220012864002, -0.007341675225452303, 0.24206220012864002, 0.24206220012864002, -1000000.0, 0.21322005464049273, 0.12648616246277378, 0.16733576188387841, 0.24206220012864002, 0.23029414762241518, -0.003019553301749326, -0.0037089287091810644, 0.19901791546845227, -0.013685157150704286, 0.07830711801573416, 0.24105143703542217, 0.22011840579201503, -0.022331475320254125, -0.0025405836731706988, 0.24206220012864002, -0.003019553301749326, 0.23573213435274934, -0.008090046544298395, 0.22011840579201503, 0.24105143703542217, -0.05866418004886405, 0.006446524879598237, 0.24206220012864002, 0.24206220012864002, 0.24206220012864002, -0.007341675225452303, 0.24105143703542217, 0.08953494157590827, -0.05699367227814035, 0.24206220012864002, -1000000.0, 0.24206220012864002, 0.07830711801573416, 0.218317954360071, 0.24105143703542217, 0.2028102217924258, 0.19901791546845227, 0.24105143703542217, 0.24206220012864002, 0.24206220012864002, 0.24206220012864002, 0.24206220012864002, 0.24206220012864002, 4.971163850258413e-09, 0.19622569464627335, 0.24110571775171213, 0.20298730457488606, 0.24206220012864002, 0.20972804713202356, 0.24206220012864002, 0.07830711801573416, -0.0037089287091810644, 0.24206220012864002, -0.022331475320254125, 0.164247185408458, 0.21322005464049273, 0.24206220012864002, 0.21322005464049273, 0.24206220012864002, 0.24206220012864002, -0.02528842186090667, 0.18737085662825528, 0.19841587553424084, 0.18737085662825528, 0.23015664747036713, -0.20361577856798949, -0.20361577856798949, 0.24206220012864002, 0.21322005464049273, -0.007341675225452303, -1000000.0, -0.015374084018223832, 0.24206220012864002, 0.24206220012864002, 0.23015664747036713, -0.20361577856798949, 0.24206220012864002, 0.21322005464049273, 0.21322005464049273, 0.18809072675363847, 0.23573213435274934, 0.19622569464627335, -1000000.0, 0.22011840579201503, -1000000.0, 0.24206220012864002, 0.24206220012864002, -0.20361577856798949, 0.24110571775171213, 0.24110571775171213, 0.24128791704418928, 0.24105143703542217, 0.19901791546845227, 0.24206220012864002, 0.24206220012864002, -0.0037089287091810644, 0.24206220012864002, -0.003019553301749326, 0.24206220012864002, 0.2167612544190232, 0.24206220012864002, 0.20298277547035765, 0.21322005464049273, 0.21322005464049273, 0.23015664747036713, 0.24206220012864002, 0.2408647148330932, 0.24206220012864002, 0.24206220012864002, 0.24206220012864002, 0.24206220012864002, 0.2167612544190232, 0.24105143703542217, 0.24206220012864002, 0.24206220012864002, 0.24206220012864002, 0.218317954360071, 0.23015664747036713, -9.632874312986674e-05, 0.24105143703542217, 0.17566406994507547, 0.218317954360071, -0.20361577856798949, 0.24105143703542217, -0.07800817991884286, 0.24206220012864002, -0.05866418004886405, -0.008090046544298395, -0.017561733021552846, -0.02528842186090667, 0.24043284861772657, -0.02528842186090667, 0.23573213435274934, 0.017217890610218528, -0.02528842186090667, 0.24206220012864002, 0.24206220012864002, 0.24105143703542217, 0.21322005464049273, -1000000.0, 0.07830711801573416, 0.20972804713202356, -1000000.0, 0.24206220012864002, -0.005739592623595123, 0.24206220012864002, 0.24206220012864002, -0.20361577856798949, 0.014249712890017687, 0.24206220012864002, -0.20361577856798949, 0.21322005464049273, 0.23720857677502766, 0.2167612544190232, -0.05866418004886405, -0.07800817991884286, 0.24206220012864002, 0.218317954360071, 0.18737085662825528, 0.24206220012864002, -0.015374084018223832, 0.0738553740436544, 0.19901791546845227, 0.24105143703542217, -0.05866418004886405, 0.21322005464049273, 0.24105143703542217, 0.23215243694855683, -0.02528842186090667, 0.23573213435274934, 0.2167612544190232, 0.24110571775171213, 0.2427215347370523, 0.19622569464627335, 0.18737085662825528, 0.19622569464627335, 0.24206220012864002, 0.22992488059969485, 0.24206220012864002, 0.24206220012864002, 0.24206220012864002, -0.008090046544298395, 0.218317954360071, -0.003019553301749326, -0.07800817991884286, -0.022331475320254125, 0.14787341051352623, -0.20361577856798949, -0.003019553301749326, -0.02528842186090667, -0.007341675225452303, 0.18737085662825528, 0.24206220012864002, 0.24110571775171213]
Generation 11 starts.
final:  [-0.20361577856798949, 0.2427215347370523, 0.19841587553424084, 0.24110571775171213, -1000000.0, 0.24105143703542217, 0.24206220012864002, 0.218317954360071, 0.24105143703542217, 0.24206220012864002, 0.002422292520895263, 0.0025625195204324073, 0.18809072675363847, 0.24206220012864002, -0.07800817991884286, 0.17566406994507547, 0.21392985959018607, 0.07830711801573416, -0.003019553301749326, 0.21322005464049273, 0.2167612544190232, 0.16733576188387841, 0.24206220012864002, 0.24206220012864002, -0.20361577856798949, 0.24206220012864002, 0.2028102217924258, -0.02528842186090667, 0.24206220012864002, -0.02528842186090667, -0.003019553301749326, 0.21322005464049273, 0.19841587553424084, 0.006446524879598237, 0.24206220012864002, 0.24206220012864002, -0.003019553301749326, 0.19622569464627335, 0.19841587553424084, 0.0025625195204324073, 0.218317954360071, 0.20972804713202356, 0.22011840579201503, 0.218317954360071, 0.12648616246277378, 0.24206220012864002, 0.24206220012864002, 0.20972804713202356, 0.17566406994507547, 0.12648616246277378, 0.07830711801573416, 0.19622569464627335, 0.006446524879598237, 0.1527507383402606, 0.24206220012864002, 0.20972804713202356, 0.22011840579201503, 0.21823426777157062, 0.006446524879598237, 0.24206220012864002, -0.003019553301749326, 0.12648616246277378, -1000000.0, 0.23573213435274934, 0.24206220012864002, -0.022331475320254125, 0.218317954360071, 0.15345601613976148, 0.24206220012864002, -0.07800817991884286, 0.2425009209840382, 0.22011840579201503, -0.02528842186090667, -0.015374084018223832, 0.2028102217924258, -0.003019553301749326, -0.02604231216847955, 0.15584068578468407, 0.24206220012864002, 0.24128791704418928, -0.007341675225452303, 0.19901791546845227, -0.015374084018223832, 0.24206220012864002, 0.24206220012864002, -0.015374084018223832, 0.24206220012864002, 0.07830711801573416, 0.19622569464627335, 0.24206220012864002, 0.24110571775171213, -0.20361577856798949, 0.24206220012864002, -1000000.0, 0.23573213435274934, 0.21322005464049273, 0.20298277547035765, 0.24206220012864002, 0.014919095740156577, 0.24206220012864002, 0.17566406994507547, 0.0025625195204324073, 0.19901791546845227, 0.218317954360071, 0.23015664747036713, 0.21322005464049273, 0.24105143703542217, 0.2028102217924258, 0.24206220012864002, -0.008090046544298395, 0.24206220012864002, -0.015374084018223832, -0.20361577856798949, 0.20972804713202356, -0.07800817991884286, 0.19901791546845227, 0.21322005464049273, 0.006446524879598237, 0.24110571775171213, 0.2427215347370523, -0.022331475320254125, 0.24206220012864002, 0.24206220012864002, 0.24206220012864002, 0.24110571775171213, 0.24206220012864002, 0.20972804713202356, -0.008090046544298395, 0.23573213435274934, 0.20972804713202356, 0.24105143703542217, 0.16733576188387841, -0.07800817991884286, -0.007341675225452303, -0.003002701318081684, 0.21322005464049273, -0.02528842186090667, -0.008090046544298395, 0.21322005464049273, 0.20972804713202356, -0.07800817991884286, 0.0025625195204324073, 0.19622569464627335, 0.19901791546845227, 0.24206220012864002, 0.19901791546845227, 0.24206220012864002, 0.21322005464049273, 0.21322005464049273, 0.2167612544190232, -0.009123167397719428, 0.218317954360071, -0.017561733021552846, 0.24105143703542217, -0.07800817991884286, 0.24206220012864002, 0.24105143703542217, 0.24206220012864002, 0.24206220012864002, 0.19841587553424084, -0.007341675225452303, 0.24209398226145465, -0.20361577856798949, 0.19841587553424084, 0.24206220012864002, 0.17566406994507547, 0.24206220012864002, 0.24206220012864002, -1000000.0, 0.0025625195204324073, -0.0037089287091810644, -0.008090046544298395, -0.007341675225452303, 0.24105143703542217, 0.17566406994507547, 0.24105143703542217, 0.24110571775171213, 0.23015664747036713, 0.21322005464049273, 0.21322005464049273, 0.24206220012864002, 0.2425009209840382, 0.21128892664277482, 0.24206220012864002, 0.20972804713202356, 0.21322005464049273, 0.0025625195204324073, -0.003019553301749326, 0.21322005464049273, 0.09976312569476596, 0.24206220012864002, 0.19901791546845227, -0.20422602124688424, 0.24206220012864002, 0.15239154186960938, 0.24206220012864002, 0.0738553740436544, 0.0025625195204324073, 0.21322005464049273, -0.05866418004886405, 0.21322005464049273, -0.017561733021552846, 0.19841587553424084, -0.0037089287091810644, 0.2167612544190232, 0.24206220012864002, -0.007341675225452303, -0.02528842186090667, 0.15345601613976148, 0.19901791546845227, 0.24105143703542217, -0.008090046544298395, 0.20972804713202356, 0.24206220012864002, 0.16733576188387841, 0.2167612544190232, -0.003019553301749326, -1000000.0, 0.12648616246277378, -0.05866418004886405, -0.20361577856798949, 0.24105143703542217, -0.015374084018223832, 0.24105143703542217, 0.19841587553424084, 0.19841587553424084, 0.24206220012864002, 0.24206220012864002, -0.003019553301749326, 0.21322005464049273, 0.24206220012864002, 0.24206220012864002, -0.01683846400343436, 0.24206220012864002, 0.24206220012864002, 0.16733576188387841, -1000000.0, 0.2167612544190232, 0.2167612544190232, -0.07800817991884286, 0.23015664747036713, 0.24105143703542217, 0.24206220012864002, 0.0037416974421680925, 0.2427215347370523, 0.19622569464627335, 0.21322005464049273, 0.12648616246277378, 0.006446524879598237, 0.24206220012864002]
Generation 12 starts.
final:  [0.24206220012864002, 0.24206220012864002, 0.21816790883945117, 0.19090442756231515, 0.1527507383402606, 0.24105143703542217, -0.07800817991884286, 0.24239298248162458, 0.24206220012864002, 0.24206220012864002, 0.24206220012864002, 0.19622569464627335, -0.05866418004886405, 0.2424280503480492, 0.2427215347370523, 0.12648616246277378, 0.2408647148330932, -0.003019553301749326, 0.24206220012864002, 0.24206220012864002, 0.12844926937810297, 0.12648616246277378, 0.2028102217924258, -0.007341675225452303, -0.007341675225452303, -0.0037089287091810644, 0.23015664747036713, -0.07800817991884286, 0.2427215347370523, 0.07830711801573416, 0.21322005464049273, 0.164247185408458, -0.05866418004886405, -0.07800817991884286, 0.218317954360071, 0.21322005464049273, -1000000.0, 0.22011840579201503, 0.20972804713202356, -0.022331475320254125, 0.14907813636723957, 0.24206220012864002, -0.015374084018223832, 0.24167313719094455, 0.24206220012864002, 0.218317954360071, 0.15239154186960938, -0.007341675225452303, 0.20972804713202356, 0.21322005464049273, 0.24206220012864002, -0.07800817991884286, 0.17566406994507547, 0.24043284861772657, 0.2410147795603939, -0.005739592623595123, 0.2427215347370523, 0.006446524879598237, 0.19841587553424084, 0.24206220012864002, 0.24153829846500913, 0.24206220012864002, 0.24110571775171213, -0.003019553301749326, 0.2425009209840382, -0.003019553301749326, 0.24105143703542217, 0.21322005464049273, 0.20355956393300445, 0.24110571775171213, -0.0028302499817808987, -0.20361577856798949, 0.24206220012864002, 0.24206220012864002, 0.18809072675363847, 0.24105143703542217, 0.22992488059969485, 0.24110571775171213, 0.24105143703542217, -1000000.0, 0.2427215347370523, 0.2427215347370523, -0.007341675225452303, 0.2167612544190232, -0.022331475320254125, 0.19841587553424084, 0.0025625195204324073, 0.24206220012864002, 0.20972804713202356, -0.01250510253142712, -0.07800817991884286, -0.02604231216847955, 0.24110571775171213, 0.24206220012864002, 0.23015664747036713, 0.24206220012864002, -0.022331475320254125, 0.22011840579201503, 0.21322005464049273, -0.0037089287091810644, 0.21322005464049273, 0.24206220012864002, 0.21322005464049273, 0.20298277547035765, 0.24206220012864002, 0.21392985959018607, -0.003019553301749326, 0.164247185408458, -0.009123167397719428, 0.24206220012864002, -0.0031846934111590453, -0.013685157150704286, -0.20422602124688424, 0.2028102217924258, 0.24206220012864002, 0.21322005464049273, 0.24206220012864002, -0.000750235353808555, -0.016334717998396815, 0.2028102217924258, 0.0025625195204324073, 0.07830711801573416, 0.2425009209840382, -0.07800817991884286, -0.017561733021552846, 0.2380808517541019, 0.24206220012864002, 0.17566406994507547, -0.01683846400343436, 0.2425009209840382, 0.24095949604158906, 0.19890849830245275, 0.014249712890017687, 0.24105143703542217, 0.21322005464049273, -0.022331475320254125, 0.24206220012864002, 0.2167612544190232, 0.016460938170546176, 0.24206220012864002, 0.15345601613976148, 0.21322005464049273, -0.18332597554430785, 0.21322005464049273, 0.24105143703542217, 0.24206220012864002, 0.24238739096315157, 0.014919095740156577, 0.24206220012864002, 0.2028102217924258, 0.24209398226145465, 0.24206220012864002, 0.09411969680316429, 0.2167612544190232, 0.24206220012864002, -0.013685157150704286, -0.022331475320254125, 0.2167612544190232, 0.23015664747036713, -0.003019553301749326, 0.18737085662825528, 0.2427215347370523, 0.15239154186960938, -0.0005534627696911448, 0.21322005464049273, 0.2427215347370523, 0.07830711801573416, 0.21392985959018607, 0.24206220012864002, 0.23015664747036713, -0.05866418004886405, 0.24206220012864002, 0.24206220012864002, -0.07800817991884286, 0.21322005464049273, 0.24206220012864002, 0.005419011676645749, 0.23573213435274934, 0.218317954360071, 0.2427215347370523, 0.2028102217924258, 0.19901791546845227, 0.23015664747036713, 0.2427215347370523, 0.21322005464049273, 0.164247185408458, 0.21322005464049273, 0.19841587553424084, 0.21128892664277482, -0.007341675225452303, 0.15311891015970905, 0.24206220012864002, 0.19622569464627335, -0.003019553301749326, 0.24206220012864002, -0.003019553301749326, 0.17566406994507547, 0.17566406994507547, 0.18737085662825528, 0.24206220012864002, 0.24206220012864002, 0.15345601613976148, 0.2427215347370523, 0.2028102217924258, 0.20972804713202356, 0.17566406994507547, 0.1265006493708008, 0.24171418603337963, 0.24133587240298848, 0.24206220012864002, 0.17566406994507547, 0.18737085662825528, 0.2427215347370523, -0.005882672153811423, 0.20972804713202356, -0.0037089287091810644, 0.0025625195204324073, -0.007341675225452303, 0.1265006493708008, 0.2427215347370523, 0.1604816184681175, 0.24206220012864002, 0.006446524879598237, 0.22011840579201503, 0.24206220012864002, -0.20361577856798949, -0.05866418004886405, 0.24206220012864002, 0.22925742532759877, -0.20361577856798949, 0.21322005464049273, 0.20972804713202356, 0.19622569464627335, 0.2427215347370523, 0.21812184083664446, 0.19901791546845227, 0.24206220012864002, 0.2167612544190232, -0.009123167397719428, -1000000.0, 0.19841587553424084, 0.24206220012864002, 0.24206220012864002, 0.23015664747036713, 0.19901791546845227, 0.12648616246277378, -0.20422602124688424, -0.017113713363886066, 0.24105143703542217, 0.24206220012864002]
Generation 13 starts.
final:  [0.19841587553424084, -0.20361577856798949, 0.2403890386858953, -0.002865709594141188, 0.15346201236225895, 0.24239298248162458, 0.09411969680316429, 0.005419011676645749, 0.0002631919857834148, -0.003019553301749326, 0.15346201236225895, 0.22356387927476593, -0.0037089287091810644, 0.19090442756231515, -0.0002647018007188881, 0.24206220012864002, -1000000.0, -0.016334717998396815, -0.07800817991884286, 0.2427215347370523, 0.21128892664277482, -0.05866418004886405, 0.24206220012864002, 0.17726978603588486, 0.15346201236225895, 0.20298277547035765, 0.2427215347370523, -0.0031153522166544835, 0.0037416974421680925, 0.2427215347370523, 0.23720857677502766, 0.22011840579201503, 0.24128791704418928, 0.24239298248162458, 0.10862497668244941, 1.5618336753372277e-05, 0.12648616246277378, -0.026777800224678024, 0.21816790883945117, 0.24105143703542217, 0.1265006493708008, 0.014919095740156577, -1000000.0, 0.24206220012864002, 0.07830711801573416, -1000000.0, 0.23015664747036713, 0.24238739096315157, 0.2249899866791772, 0.20972804713202356, 0.24105143703542217, 0.24206220012864002, 0.24206220012864002, 0.03444923855199222, 0.20380941323373744, -0.003019553301749326, -0.022331475320254125, 0.2181945085320906, -1000000.0, -0.005882672153811423, 0.07830711801573416, -0.008090046544298395, 0.18729049469262354, 0.19841587553424084, 0.2427215347370523, 0.18737085662825528, -0.004362703977101213, -1000000.0, 0.2425009209840382, 0.21912706281466782, -0.01919570555013997, 0.19841587553424084, -0.17745433856718468, -1.8419575039160905e-05, -0.015374084018223832, -0.007341675225452303, 0.23974969850049396, 0.2427215347370523, 0.24206220012864002, 0.19622569464627335, -0.0068972093475280945, 0.2028102217924258, -1.8419575039160905e-05, -0.015374084018223832, 0.18227227612159408, 0.24206220012864002, 0.19622569464627335, 0.24206220012864002, 0.15239154186960938, 0.15584068578468407, 0.24206220012864002, 0.21700180949770093, 0.23901649333424907, -0.023464183194076595, 0.14787341051352623, 0.1675199070257723, 0.2427215347370523, 0.24239298248162458, 0.2417350498677193, 0.2410147795603939, 0.22639805619235487, 0.2427215347370523, 0.15239154186960938, -0.005882672153811423, -0.0025405836731706988, -0.07800817991884286, 0.23105048018632346, 0.24206220012864002, 0.24286940722163078, 0.2427215347370523, 0.23901649333424907, 0.21812184083664446, 0.24249047079364622, -1000000.0, 0.23215243694855683, 0.20355956393300445, -0.0031889323543279825, 0.2427215347370523, 0.0009926050264774681, 0.24206220012864002, -1000000.0, -6.244808877899461e-06, 0.24153829846500913, 0.24206220012864002, 0.24206220012864002, 0.2427215347370523, 0.24238739096315157, 0.21838213201017753, 0.19622569464627335, 0.17726978603588486, 0.23208743132937507, 0.22925742532759877, 0.24209398226145465, 0.21823426777157062, 0.21757215796008, -0.0006063825041761674, 0.2427215347370523, 4.971163850258413e-09, 0.24105143703542217, 0.24095949604158906, 0.24238739096315157, 0.23215243694855683, -0.0086278791238255, 0.23005928563259834, -0.0174003112759223, 0.19901791546845227, 0.22925742532759877, 0.24153829846500913, 0.164247185408458, -0.02528842186090667, 0.15311891015970905, 0.2427215347370523, 0.2427215347370523, -0.0014912667529162706, -1000000.0, -0.02604231216847955, -0.011498660652330043, -0.015374084018223832, 0.2423407236700314, -0.022331475320254125, -0.16927075921926832, 0.24149748820819814, -0.017113713363886066, 0.2427215347370523, 0.24206220012864002, 0.218317954360071, 0.1604816184681175, -0.003514286651272761, 0.24206220012864002, 0.0007792531077499021, -0.18332597554430785, 0.2427215347370523, 0.24105143703542217, 0.24206220012864002, 0.17566406994507547, 0.22011840579201503, 0.07570249177317283, 0.15331873986335942, -0.013685157150704286, 0.2427215347370523, -1000000.0, 0.24206220012864002, 0.2424280503480492, 0.24206220012864002, 0.24206220012864002, -0.026777800224678024, 0.2427215347370523, 0.2425009209840382, 0.2427215347370523, 0.22011840579201503, 0.19622569464627335, 0.24200341219269042, 0.20972804713202356, 0.22011840579201503, 0.19841587553424084, 0.2167612544190232, 0.24166119406485123, 0.2167612544190232, 0.2028102217924258, -0.005739592623595123, 0.005419011676645749, -0.20361577856798949, 0.24206220012864002, 0.24239298248162458, 0.14907813636723957, -0.05866418004886405, 0.2427215347370523, 0.2427215347370523, 0.15346201236225895, 0.24206220012864002, 0.21322005464049273, 0.2425009209840382, 0.1265006493708008, 0.12624398878146176, 0.2427215347370523, -0.021304478179977247, 0.2425009209840382, 0.2171284459189734, -0.009123167397719428, 0.0788330008783076, -0.02528842186090667, -0.00017339514318899543, 0.2410147795603939, -0.023464183194076595, 0.21128892664277482, 0.2427215347370523, 0.24149748820819814, 0.24105143703542217, -0.008090046544298395, 0.22011840579201503, 0.2397229636255535, -0.003019553301749326, 0.21533503319571948, 0.24209398226145465, 0.24206220012864002, 0.22356387927476593, -1000000.0, 0.19090442756231515, 0.2427215347370523, 0.2398202071651373, 0.20972804713202356, 0.010636487573101854, 0.19841587553424084, 0.19841587553424084, -0.021304478179977247, 0.2427215347370523, -0.008090046544298395, 0.164247185408458, -0.0028302499817808987, 0.21322005464049273]
Generation 14 starts.
final:  [-0.003019553301749326, 0.01120086837259086, 0.24238739096315157, -0.022331475320254125, -0.16927075921926832, -0.008090046544298395, 0.2403198602840552, -0.0014912667529162706, 0.24206220012864002, 0.0009304061589930973, -1000000.0, 0.00011304906173303946, -0.015374084018223832, -0.007341675225452303, -0.026505935737981396, -1000000.0, 0.24239298248162458, 0.22925742532759877, -0.017778530330487916, -0.0002647018007188881, -0.00017339514318899543, 0.07683430822963232, -1000000.0, 0.20972804713202356, 0.24239298248162458, 0.15346201236225895, 0.24105143703542217, 0.19090442756231515, 0.1641943164795423, 0.15346201236225895, -0.012265690603508038, 0.016272431149587187, 0.19090442756231515, -0.015374084018223832, -0.02499597802619202, 0.20972804713202356, 0.2427215347370523, -1000000.0, 0.2427215347370523, -0.015374084018223832, -0.003019553301749326, 0.0215618369219397, -0.1887676250041613, 0.2427215347370523, 0.218317954360071, 0.15239154186960938, 0.15294533206100808, 0.20972804713202356, 0.21322005464049273, 0.2425009209840382, 0.2427215347370523, 0.2427215347370523, 0.24206220012864002, 0.2167612544190232, 0.08713554100784515, 0.2424280503480492, 0.08384180314952287, 0.14787341051352623, 0.15239154186960938, 0.023543188659126014, 0.2427215347370523, 0.21823426777157062, 0.2427215347370523, 0.07779252819560648, 0.19090442756231515, 0.24239298248162458, 0.2292879440721751, -1000000.0, 0.24239298248162458, 0.22934731030999503, 0.23901649333424907, 0.23550455178312837, 0.2464011124077725, 0.2424280503480492, 0.21322005464049273, -0.021304478179977247, 0.19622569464627335, 0.2427215347370523, -0.0014912667529162706, 0.24298769833996614, 0.24298769833996614, 0.24239298248162458, 0.004879128043514848, 0.03444923855199222, 0.007954058976636253, 0.2425009209840382, -0.008180197528867233, -0.16927075921926832, 0.2425009209840382, 0.2425009209840382, 0.21322005464049273, -0.009123167397719428, -0.15487683841882002, 0.2190460768365794, -0.026777800224678024, 0.24239298248162458, 0.24206220012864002, -0.008688941007661355, 0.22011840579201503, 0.2410147795603939, 0.24105143703542217, 0.02090909551248432, 0.2427215347370523, -0.05866418004886405, -0.008090046544298395, -1000000.0, 0.21322005464049273, 0.24043284861772657, 0.2427215347370523, -0.15487683841882002, 0.1641943164795423, 0.007565762353926692, 0.23208743132937507, 0.24149748820819814, 0.15239154186960938, 0.20333620493778742, 0.22618728773061644, 0.24238739096315157, 0.17191167404180513, -0.0077200764956074355, 0.2269912520821725, 0.2424280503480492, 0.2427215347370523, 0.2425009209840382, -0.0037089287091810644, 0.15657352978059, 0.218317954360071, -0.015374084018223832, 0.085190762853946, 0.216605917629948, 0.24239298248162458, -0.005739592623595123, -1000000.0, 0.23956857847995378, 0.2167612544190232, 0.21816790883945117, 0.24195638767881375, 0.19622569464627335, 0.24239298248162458, -0.0031153522166544835, 0.23573213435274934, 0.20380941323373744, -1000000.0, 0.21322005464049273, 0.12618418144380375, 0.2427215347370523, 0.22115137626351442, 0.005419011676645749, 0.20972804713202356, 0.24105143703542217, -0.0037089287091810644, 0.08697151742213097, 0.21392985959018607, 0.19841587553424084, 0.11578743102354848, 0.2427215347370523, 0.11817859935819434, -0.02672709222498297, 0.22925742532759877, 0.2249899866791772, 0.2427215347370523, -0.003033083055026305, 0.24206220012864002, 0.09411969680316429, 0.24206220012864002, 0.24420649845984843, 0.20437343057777063, 0.2423407236700314, 0.2427215347370523, 0.2364630851799528, 0.18729049469262354, -1000000.0, 0.24153829846500913, 0.18729049469262354, -0.0037089287091810644, 0.2423407236700314, 0.17726978603588486, -0.0073375864123317374, 0.21392985959018607, 0.2411027552109442, 0.21322005464049273, 0.24238739096315157, 0.09263129905411743, 0.15346201236225895, 0.2167612544190232, 0.24153829846500913, 0.005419011676645749, 0.24238739096315157, -1.9935417078508948e-05, 0.2427215347370523, 0.20380941323373744, 0.24168982826317545, 0.1265006493708008, 0.0037416974421680925, -0.005882672153811423, 0.08697151742213097, 0.2427215347370523, 0.21322005464049273, 0.15239154186960938, 0.1604816184681175, 0.24238739096315157, 0.23015330656119048, -0.005739592623595123, 0.24196898972290515, 0.19622569464627335, 0.24239298248162458, 0.2424280503480492, 0.24206220012864002, -1000000.0, 0.2408647148330932, 0.21664647509125148, -0.12198669267765015, -1000000.0, 0.21902941847539362, 0.2408647148330932, 0.010636487573101854, 0.2410147795603939, 4.971163850258413e-09, 0.22011840579201503, 0.2167612544190232, -0.02799956876441444, 0.0037416974421680925, 0.24206220012864002, 0.24239298248162458, -0.07800817991884286, 0.17566406994507547, 0.21322005464049273, 0.2427215347370523, 0.24420649845984843, -0.05866418004886405, 0.2427215347370523, 0.23015664747036713, 0.24149748820819814, 0.2427215347370523, 0.2390853561744505, -0.01250510253142712, 0.2427215347370523, 0.22618728773061644, -1000000.0, 0.24052610726371182, -0.015374084018223832, 0.24210146233804236, 0.2427215347370523, 0.2380808517541019, 0.24298769833996614, 0.24206220012864002, -1000000.0, 0.08697151742213097, 0.15311891015970905, 0.17576670658810153]
Generation 15 starts.
final:  [-0.003019553301749326, 0.2423407236700314, -0.027681073873461415, 0.24206220012864002, 0.24298769833996614, 0.015520230034296917, 0.2408647148330932, 0.2464011124077725, -0.07800817991884286, 0.10350761992765818, 0.028135295843224304, 0.21216510227109703, 0.19622569464627335, -0.07800817991884286, -1000000.0, 0.2427215347370523, 0.17248943299153452, -0.008090046544298395, 0.15584068578468407, 0.022915172576036303, 0.19841587553424084, -0.008621402018779778, 0.24052610726371182, 0.21760909425755662, 0.22861115646174177, 0.20972804713202356, 0.002193734416106061, 0.21827819810406213, 0.23950018360119849, 0.24238739096315157, 0.20972804713202356, -1000000.0, 0.24298769833996614, -0.005882672153811423, 0.24105143703542217, 0.19987571945230478, 0.24298769833996614, 0.022711248293426006, 0.20517542256594087, 0.22529558882482012, -0.008090046544298395, 0.007954058976636253, 0.24239298248162458, 0.2177996291504413, 0.23133764598673812, 0.18729049469262354, 0.19531392491862612, 0.2313053424320624, -0.008090046544298395, 0.08569143486600084, 0.24206220012864002, 0.24420649845984843, 0.23116055759435425, 0.24239298248162458, 0.24239298248162458, 0.2190460768365794, 0.24095949604158906, 0.24153829846500913, 0.24298769833996614, -0.0030510279700464733, 0.20394367320387877, 0.22595045786683388, -0.02499597802619202, 0.08542684763501826, -0.003019553301749326, 0.24278394506239706, -0.05866418004886405, -0.009364420173166483, 0.2464011124077725, 0.17191167404180513, 0.011991601982121706, 0.1604816184681175, 0.22611271302955793, -0.0403304757750952, 0.21654556059498756, 0.07214579579457826, -0.02398682223422074, 0.10862497668244941, 0.24298769833996614, 0.01833851051995136, -1000000.0, 0.20476358946910958, 0.22934731030999503, 0.22934731030999503, 0.2464011124077725, 9.247512478673375e-05, 0.21912706281466782, 0.004879128043514848, 0.2427215347370523, -0.07800817991884286, -0.005721895856707725, 0.1265006493708008, 0.22595045786683388, 0.008334216541180795, -0.010742870715290787, 0.24263627841561095, 0.2464011124077725, 0.14493448724066843, -1000000.0, -0.003019553301749326, 0.028135295843224304, 0.007385812735909606, 0.2464011124077725, 0.022711248293426006, 0.23931206055006496, 0.08652467905560039, 0.24298769833996614, 0.2427215347370523, 0.24206220012864002, -0.008090046544298395, 0.01299773557574092, 0.009080091504272433, 0.20150001622442304, 0.15584068578468407, 0.22915207227680673, -1000000.0, 0.21902941847539362, 0.227997791659485, -0.0037089287091810644, 0.24298769833996614, 0.23909695292382355, 0.2403890386858953, 0.15239154186960938, 0.24420649845984843, 0.24239298248162458, 0.20951474123386132, 0.1992857104654672, 0.19163523421737755, 0.22894243025743524, 0.24206220012864002, -0.07129046727388508, 0.24239298248162458, 0.19090442756231515, 0.1604816184681175, 0.21137651083680495, 0.21740474920731725, 0.24153829846500913, 0.21322005464049273, 0.218317954360071, 0.24092802219518694, 0.24206220012864002, -0.0037089287091810644, 0.22011840579201503, -0.022331475320254125, -0.0054440337583604795, 0.24239298248162458, 0.19841587553424084, 0.18970757863690224, 0.21853624606505584, 0.018339567787212258, 0.24238739096315157, 0.24298769833996614, 0.164247185408458, 0.24167313719094455, 0.24128791704418928, 0.2427215347370523, 0.24239298248162458, 0.11464669089875108, 0.23686393555518023, 0.24239298248162458, 0.24239298248162458, 0.23931206055006496, -1000000.0, 0.21322005464049273, 0.24239298248162458, 0.0792166699570739, 0.24298769833996614, 0.20972804713202356, 0.19841587553424084, -1000000.0, -0.003942967032196339, 0.005419011676645749, -1000000.0, -0.005882672153811423, 0.00381402718232304, 0.02092927363034345, 0.0037416974421680925, -0.05607236050875447, -0.02604231216847955, 0.24239298248162458, -0.026505935737981396, 0.24298769833996614, 0.01833851051995136, 0.21654556059498756, -1000000.0, 0.2464011124077725, 0.24167313719094455, 0.1951493498557943, -1000000.0, 0.22011840579201503, 0.22595045786683388, 0.24298769833996614, 0.22831467475601666, 0.20972804713202356, 0.17191167404180513, 0.21394387734641235, 0.07779252819560648, 0.22011840579201503, 0.00381402718232304, 0.21816790883945117, 0.2167612544190232, 0.004781370943022499, 0.19841587553424084, 0.23803052268417338, 0.2403890386858953, 0.2464011124077725, 0.22608972089781282, -0.003019553301749326, 0.23959755347447478, 0.016460938170546176, 0.19622569464627335, 0.21322005464049273, 0.21912706281466782, 0.24167313719094455, 0.24239298248162458, 0.1981826748928849, 0.10862497668244941, 0.09448875461874026, 0.24420649845984843, -0.20470139902092996, -0.005882672153811423, 0.14899466617579799, -0.008090046544298395, 0.2510968800090628, 0.08384180314952287, 0.24153829846500913, 0.11720882384007983, -1000000.0, 0.08384180314952287, 0.01120086837259086, 0.24298769833996614, -0.022331475320254125, 0.11391480542265173, 0.2311188587833076, -0.005882672153811423, 0.24206220012864002, 0.24095949604158906, 0.2423407236700314, 0.24239298248162458, 0.19841587553424084, 0.2049435001512907, 0.20972804713202356, -1000000.0, 0.08424014546383149, 0.15153237222978536, 0.0054196229201175505, 0.24237035520799732, 0.17191167404180513, -0.01990815615122051, 0.24167313719094455]
Generation 16 starts.
final:  [0.21700180949770093, 0.24298769833996614, 0.2464011124077725, 0.1981826748928849, 0.22103767556555737, 0.24105143703542217, 0.20972804713202356, 0.21898708312657317, 0.2292879440721751, 0.2190013863926286, 0.24298769833996614, 0.002409235370281266, 0.24063130007946867, 0.24238790873733537, -0.010935459205672885, 0.21322005464049273, 0.19820762842567718, 0.07696064424087762, -0.0030583446567050243, 0.24239298248162458, -0.05866418004886405, 0.24298769833996614, 0.24063130007946867, -0.01036660847254335, 0.005586276328722212, 0.09296789277155992, 0.21635104132013952, 0.2427215347370523, 0.24298769833996614, 0.267359942248131, 0.004781370943022499, 0.18507052531560245, 0.24167313719094455, 0.24206220012864002, 0.0037416974421680925, 0.016869583866770725, 0.23407020615206672, 0.010437597415753562, 0.24298769833996614, -0.077533552860998, 0.23901649333424907, -0.010585361081132094, -0.009364420173166483, -1.8419575039160905e-05, 0.10117286372182523, -0.0026134442412783444, 0.21322005464049273, 0.21554140820660078, -0.1376229920847993, 0.24095949604158906, -0.05866418004886405, 0.21892530168120247, 0.010437597415753562, 0.10862497668244941, 0.19264185498363348, 0.18729049469262354, 0.19090442756231515, 0.24298769833996614, 0.01499197567325671, 0.22608972089781282, -0.003019553301749326, 0.13664709924173185, 0.24030611317701936, 0.24095949604158906, 0.24329204469151128, 0.21023243165025032, 0.17248943299153452, -0.0030583446567050243, 0.1604816184681175, 0.22174246773308484, 0.20972804713202356, -0.0005275027033470125, 0.015520230034296917, -0.006901445347439919, 0.21525019072701895, 0.18714608322048573, 0.0909390065517405, 0.2418053602844367, -0.005882672153811423, 0.21898708312657317, 0.14200756346793117, 0.17248943299153452, 0.24298769833996614, 0.1981826748928849, 0.007954058976636253, 0.2464011124077725, 0.22595045786683388, -0.0028177626735715997, 0.07345722179812321, 0.22978369810829619, 0.21554140820660078, 0.21322005464049273, 0.2464011124077725, 0.2464011124077725, 0.2153355994960845, 0.24167313719094455, 0.19820762842567718, -0.003019553301749326, -0.003019553301749326, 0.24239298248162458, 0.17805121018265987, 0.24206220012864002, 0.22595045786683388, 0.17248943299153452, -0.006901445347439919, -0.1376229920847993, 0.2464011124077725, 0.2510968800090628, 0.2510968800090628, 0.2464011124077725, 0.013213290865517088, 0.21137651083680495, -0.01431394818454351, 0.23931206055006496, 0.21913207093504353, -0.039093227865484206, 0.022711248293426006, 0.17053594644941014, 0.17248943299153452, -0.008090046544298395, 0.19264185498363348, 0.15239154186960938, 0.18222627470064628, 0.21784291972395042, 0.22978369810829619, 0.2375116710139969, 0.2464011124077725, 0.2510968800090628, 0.21740474920731725, 0.2395686561335945, 0.11720882384007983, 0.2418053602844367, 0.22978369810829619, -1000000.0, 0.17248943299153452, -1.8419575039160905e-05, 0.25088512227382864, 0.24239298248162458, 0.21827261981081822, 0.18507052531560245, 0.00381402718232304, 0.24420649845984843, 0.24206220012864002, 0.2043480198464359, 0.2464011124077725, 0.23644576487709693, -0.015374084018223832, 0.21322005464049273, 0.2418053602844367, 0.22978369810829619, 0.24298769833996614, -0.012265690603508038, 0.18714608322048573, 0.24298769833996614, 9.247512478673375e-05, 0.15239154186960938, -0.006901445347439919, -0.20693298867711485, 0.24420649845984843, -0.004888440311702519, 0.24400309891420927, 0.2326403123984833, -0.024297222674946533, 0.19987571945230478, 0.2464011124077725, 0.23720857677502766, 0.21827261981081822, -0.20693298867711485, -0.008090046544298395, 0.10887440295630095, -0.0026134442412783444, -0.0026134442412783444, 0.017495812875747613, 0.13664709924173185, 0.1981826748928849, -0.002995953435130178, -0.010585361081132094, -1.8419575039160905e-05, -0.003019553301749326, 0.20389047265171698, 0.0037416974421680925, 0.25162577046626333, -0.007761406696917631, 0.24095949604158906, 0.19841587553424084, 0.24420649845984843, -0.05866418004886405, -0.003019553301749326, -0.05866418004886405, 0.24298769833996614, 0.19841587553424084, 0.022915172576036303, 0.00030959465066212537, -0.07800817991884286, 0.17248943299153452, 0.2396914070025011, 0.19914300625539488, 0.20972804713202356, 0.10728941233748256, -0.003534185702016578, 0.17073206779070926, 0.21810057471704017, 0.23950018360119849, 0.24239298248162458, 0.19820762842567718, 0.1984683507151218, -0.003019553301749326, 0.19622569464627335, 0.22831467475601666, 0.005419011676645749, -0.011749105133352755, 0.24374689951683362, 0.23145618149071862, -0.0237279113621365, 0.005419011676645749, 0.19622569464627335, -0.07800817991884286, 0.24298769833996614, 0.22117416574540533, 0.21419110135742858, 0.10862497668244941, 0.24239298248162458, 0.24095949604158906, 0.24149748820819814, 0.15239154186960938, 0.2464011124077725, 0.011120926601605075, 0.164247185408458, -0.003019553301749326, 0.2464011124077725, 0.2426190106532807, 0.12547134426490286, 0.2464011124077725, 0.21827261981081822, 0.1604816184681175, -0.003019553301749326, 0.2463350724268354, 0.025548546538962717, 0.1981826748928849, 0.005586276328722212, -0.030670337383524485, -0.017370017977331745, 0.24298210870750073, -0.07800817991884286, 0.24420649845984843, -0.05866418004886405, 0.21827261981081822, 0.007954058976636253, 0.18634691778680607, 0.22174246773308484]
Generation 17 starts.
final:  [-0.00018607092429451602, 0.25162577046626333, 0.005586276328722212, 0.25162577046626333, -0.011749105133352755, 0.21827261981081822, 0.25088512227382864, 0.1604816184681175, -0.05866418004886405, 0.20264885357644533, -0.004504492844684811, 0.23573213435274934, 0.2043480198464359, 0.2510968800090628, -0.006316866354048281, 0.2095417991764793, 0.21216510227109703, 0.24031157493506158, 0.16610087165185083, 0.2464011124077725, 0.2510968800090628, 0.2286549106914723, 0.016869583866770725, -0.07406860277075043, 0.2464011124077725, 0.1984683507151218, 0.06295071506169311, 0.21550466352157283, -0.03521825525250334, 0.0007337026195857113, -0.08630026232259777, 0.19820762842567718, -0.10559453409479952, 0.2190013863926286, -0.05866418004886405, 0.2464011124077725, 0.21812198456980386, 0.2510968800090628, 0.2464011124077725, 0.052753133126263015, 0.23950018360119849, 0.24044692651334734, 0.17248943299153452, 0.2510968800090628, 0.21827261981081822, -1000000.0, -0.04045750082753222, -0.010740543933845237, -1.8419575039160905e-05, 0.24330034904881473, 0.19083428126901142, 0.21853394873712406, 0.23808795202472163, 0.20529271879565011, 0.22103767556555737, -0.005882672153811423, -0.19534423115094415, 0.24298769833996614, 0.2464011124077725, 0.2510968800090628, -0.039093227865484206, 0.2464011124077725, -0.005882672153811423, 0.24286267430267572, 0.07486929358267232, 0.24420649845984843, 0.19891220407496857, 0.24638210814766331, 0.015520230034296917, -0.011749105133352755, 0.20404443208121875, -0.002037137497990614, 0.16218783737052492, 0.24105143703542217, 0.2463350724268354, 0.25088512227382864, 0.25162577046626333, 0.25041004980081927, -0.016932586654514064, -0.0037162777658868423, 0.19713493208636676, 0.2429366180465168, -0.0009580702605496334, 0.25637118357028854, 0.25162577046626333, 0.22997013650008477, 0.2414761018999535, 0.24080926350681087, -0.07139604656197752, 0.22117416574540533, 0.08559539190224881, 0.2464011124077725, 0.2464011124077725, -0.01960029530350365, -0.008090046544298395, 0.2384060465352321, 0.2312832734945185, 0.19881832341104858, -0.02249692200238714, 0.24298769833996614, 0.2464011124077725, -0.003019553301749326, -0.016179821619169418, 0.25088512227382864, 0.23688934358659297, -0.015197840324978217, 0.07486929358267232, 0.24225639063249324, 0.22978369810829619, 0.24420649845984843, -0.20693298867711485, 0.21322005464049273, 0.22992396920369654, 0.2153355994960845, -1.8419575039160905e-05, 0.25041004980081927, 0.267359942248131, -0.0031889323543279825, 0.2464011124077725, 0.2464011124077725, 0.21827261981081822, -0.20690373586043742, 0.21827261981081822, 0.23688934358659297, 0.2464011124077725, 0.016869583866770725, 0.25162577046626333, 0.22011840579201503, 0.2464011124077725, 0.25166802042867326, 0.2510968800090628, 0.24379740191513782, 0.14362274446605044, 0.2648563540390159, 0.23808795202472163, -0.011749105133352755, 0.24298769833996614, 0.025584277822886692, -0.014277800793493119, 0.20972804713202356, 0.03139104700040083, 0.2464011124077725, -1000000.0, 0.1984683507151218, -0.022433820089204408, 0.22011840579201503, 0.006092056619639198, 0.010580148565204794, 0.2464011124077725, 0.014315253459714867, 0.19264185498363348, 0.08424014546383149, -0.008090046544298395, 0.21528922293628022, 0.2345544576116777, 0.20972804713202356, 0.21550466352157283, 0.015445924664101541, 0.2464011124077725, -0.13783063469186355, 0.267359942248131, 0.014006688785999933, 0.2153355994960845, 0.24298769833996614, 0.21322005464049273, 0.2463350724268354, 0.23133764598673812, 0.2219215665461484, 0.025584277822886692, 0.23943487620085027, -0.019630246894553283, 0.2560774120059463, -0.017813961618957434, 0.2395686561335945, 0.23592668394142993, -0.015349070230853586, -0.0020053579700199282, 0.2464011124077725, 0.11303828970139883, 0.267359942248131, -0.05177901046876507, 0.23959755347447478, 0.2464011124077725, 0.2464011124077725, 0.015520230034296917, 0.05747922236666279, 0.2464011124077725, 0.1604816184681175, -0.20693298867711485, 0.25637118357028854, 0.20972804713202356, 0.16610087165185083, -1000000.0, 0.1467341106769434, 0.2395686561335945, 0.19881832341104858, 0.11303828970139883, 0.2464011124077725, 0.1455042057194082, 0.25088512227382864, 0.25162577046626333, 0.23143781736844263, 0.24734240574869917, 0.2101074033419436, -0.017813961618957434, 0.24900069228645078, 0.24420649845984843, 0.23688934358659297, 0.24374053406196147, 0.17248943299153452, 0.24298769833996614, 0.21554520526931442, -0.05866418004886405, -0.003019553301749326, -0.008090046544298395, -0.06478345342546768, 0.24156390627775312, -0.022433820089204408, 0.25162577046626333, 0.24095949604158906, 0.2463350724268354, -0.024297222674946533, 0.10862497668244941, -0.01029313512979514, 0.005419011676645749, 0.2510013775348452, 0.20529271879565011, 0.22992396920369654, 0.24167313719094455, -0.01565740446318205, 0.2237425263216965, -9.515981467888761e-05, 0.25171145162922054, 0.0025625195204324073, 0.25162577046626333, -1.8419575039160905e-05, 0.2464011124077725, 0.2431981428834804, -0.02398682223422074, -0.017370017977331745, 0.23720857677502766, 0.2483348875057997, -1000000.0, 0.2651290948592138, 0.2412900720787603, 0.015445924664101541, 0.19841587553424084, 0.23977285786046235, 0.267359942248131, 0.21419110135742858]
Generation 18 starts.
final:  [0.267359942248131, -0.011335256980147097, 0.267359942248131, 0.23207705387222072, 0.25637118357028854, 0.22204347208686487, 0.2219215665461484, -0.05963237873256182, 0.21827261981081822, -0.20693298867711485, 0.24540799506901237, 0.25637118357028854, 0.25162577046626333, 0.20264885357644533, -0.0015623073068530254, 0.12969110061968292, 3.611847792686333e-06, -0.018607849536955264, -0.0237279113621365, 0.00381402718232304, 0.2515495533926108, -1000000.0, 0.26441178933992665, 0.2332006000281611, 0.2487728653490881, 0.25088512227382864, 0.267359942248131, -0.015374084018223832, 0.26781590350650863, 0.19888915480706276, 0.25637118357028854, 0.19888915480706276, 0.1965243950786734, -0.0015587503377796734, 0.250891676385986, 0.00029889061410167707, 0.26859139246349256, 0.267359942248131, -0.05866418004886405, 0.24573107790598298, 0.004879128043514848, -0.015374084018223832, 0.15743719385284552, -1.8419575039160905e-05, 0.23456813821964648, 0.1697117586423178, 0.25156880221228317, -1.8419575039160905e-05, 0.004879128043514848, 0.2684658918105222, -0.022433820089204408, -0.028533367439191704, -0.015374084018223832, 0.019954031982096835, 0.25162577046626333, 0.23307523215079537, -1000000.0, 0.010437597415753562, -0.0028177626735715997, 0.2134985234897582, -0.0001814310086200992, 0.25144223608090865, 0.19968747323974645, 0.24921478854717125, 0.2684294120375154, -0.0037685038311299763, 0.25050772134104154, 0.014224354043158641, 0.2517550035629186, 0.26780302720600874, 0.25156880221228317, 0.25162577046626333, 0.25162577046626333, 0.2483348875057997, 0.2320895730551821, 0.003843150348089069, 0.071910608808794, -0.011335256980147097, -0.006316866354048281, 0.251104887377165, 0.016869583866770725, 0.23329195329821145, -0.016734724844160866, -0.030670337383524485, 0.00381402718232304, -0.007691754915848776, 0.1455042057194082, -0.009258948794111387, 0.24329204469151128, -0.0028177626735715997, 0.2207687486335473, -0.00544367616965491, 0.2219215665461484, 0.24329204469151128, 0.2414761018999535, 0.23556583962701141, 0.19583666795725901, 0.003793645668867369, -0.0011234942306023539, 0.2515495533926108, 0.22690304780365878, 0.189108404029654, 0.20404443208121875, 0.2511105303808237, 0.23688934358659297, 0.2560774120059463, 0.2219215665461484, 0.20264885357644533, -0.001161900803200826, -0.060464947082966326, 0.2219215665461484, 0.26441178933992665, -0.07139604656197752, 0.24329204469151128, 0.23324674355821035, 0.26780302720600874, 0.2637707630673754, 0.25525327953196497, 0.23556583962701141, 0.20264885357644533, 0.20404443208121875, 0.2219215665461484, -0.019630246894553283, 0.1994439338764726, 0.25171145162922054, 0.0007288651487122843, 0.2510163170261778, 0.26872820066192826, 0.2340083439937532, 0.005419011676645749, 0.2014325653008702, 0.2648563540390159, 0.267359942248131, 0.267359942248131, -0.0038744689045387306, 0.267359942248131, 0.04281287999462436, 0.23837854976872697, -1.8419575039160905e-05, 0.2560774120059463, 0.2549079490884462, 0.2219215665461484, -0.011335256980147097, 0.21827261981081822, 0.2595286182295503, 0.25162577046626333, 0.2509122254150244, 0.26407676526105645, 0.25637118357028854, 0.2133754835104419, 0.2510013775348452, -0.0237279113621365, 0.25145524332597485, 0.1697117586423178, 0.19279347232830835, 0.2510968800090628, 0.25637118357028854, 0.23556583962701141, 0.25162577046626333, 0.25637118357028854, -0.013137598536643919, -0.008090046544298395, 0.005419011676645749, 0.23324674355821035, 0.24329204469151128, 0.2507696596808361, 0.26932511135921705, -0.015374084018223832, 0.2560774120059463, 0.0037416974421680925, 0.2219215665461484, 0.189108404029654, -0.0007308110825709973, 3.611847792686333e-06, 0.19975464594584402, -0.06471824440423475, 0.18911259729968158, 0.267359942248131, 0.19044790224249397, 0.20031878300341496, 0.2616618059762118, 0.24329204469151128, 0.25162577046626333, -0.008352683201774133, 0.24329204469151128, -0.05866418004886405, 0.25162577046626333, -1000000.0, 0.26555799770404825, 0.25798918191655984, -0.0037162777658868423, 0.005419011676645749, 0.2358220544200028, -1.2864701598658294e-05, -0.1831003582715193, -0.007341675225452303, 0.189108404029654, 0.20001507050656028, -0.022331475320254125, 0.2403490603207555, -1.2864701598658294e-05, -0.0004208383418560554, 0.2651290948592138, 0.16238999204769533, 0.1888053352043842, 0.189108404029654, 0.25162577046626333, -0.05866418004886405, 0.24921478854717125, -0.008090046544298395, 0.2354362808209376, 0.2316818229788092, -0.002140422810216996, 0.21587013109917286, 0.25353620339331057, 0.2648563540390159, 0.020234684441022797, 0.19820762842567718, 0.2648563540390159, -0.003019553301749326, 0.23919458709704305, -0.016734724844160866, 0.19264185498363348, 0.1455042057194082, 0.19584762323046076, -0.003019553301749326, 0.24339328753054043, 0.24042337133964406, 0.25166802042867326, 0.25139861142950964, 0.24573107790598298, -0.05866418004886405, 0.19264185498363348, -0.017813961618957434, 0.189108404029654, 0.2540041932946728, 0.2320895730551821, 0.2219215665461484, 0.00381402718232304, 0.007954058976636253, 0.26407676526105645, -0.003019553301749326, 0.20404443208121875, 0.2651290948592138, 0.20250152436976285, 0.25637118357028854, 0.01007065898485528, 0.2648563540390159, 0.004248495726557349, 0.23166931935883958]
Generation 19 starts.
final:  [-0.005882672153811423, -0.08446366975357171, 0.20031878300341496, 0.19708432890411684, 0.042222369672865134, 0.2310416408580846, 0.2510163170261778, 0.20001507050656028, 0.26781590350650863, 0.2570064015846374, 0.26859139246349256, 0.26407676526105645, 0.2619173865926812, 0.25637118357028854, 0.2648563540390159, 0.24329204469151128, 0.1888053352043842, 0.26707221212293214, -0.015374084018223832, 0.2676723807274312, 0.2219215665461484, -0.013340179013230759, 0.20080677672255964, 4.562856013582551e-05, 0.19907183079534502, -0.013137598536643919, 0.2684294120375154, 0.2684294120375154, 0.2684658918105222, 0.16238999204769533, 0.25715341139126524, 0.006177071373274002, 0.2467614607965365, 0.2648563540390159, 0.1455042057194082, 0.267359942248131, 0.267359942248131, 0.2684294120375154, -0.11911598635107506, 0.267359942248131, 0.19919187881386027, -0.07800817991884286, 0.2560774120059463, 0.00381402718232304, 4.562856013582551e-05, 0.25145524332597485, 0.2219215665461484, 0.17838137626346093, 0.19264185498363348, 0.19074139815089494, -0.02249692200238714, -0.0028177626735715997, 0.267359942248131, 0.26859139246349256, 0.19891668645142904, -1.8419575039160905e-05, -0.016900141246308543, 0.26407676526105645, -0.008090046544298395, 0.16272777213591566, -0.015197840324978217, -0.07800817991884286, 0.26407676526105645, -0.0037089287091810644, 0.26407676526105645, 0.18454110811555705, 0.20016806575945142, -0.003019553301749326, 0.19984614245974003, 0.1998750309475213, -0.007103260708562654, -0.032455210883201434, 0.2684294120375154, -0.11911598635107506, 0.0500834316135841, 0.20002050981098143, 0.267359942248131, 0.267359942248131, -0.0026662972451510377, -0.006316866354048281, 0.2564100259560578, 0.26932511135921705, 0.25705366078284475, -0.0004630915620463493, 0.24353468474237935, 0.20016806575945142, 0.2401543392306287, 0.2641068142186748, 0.19986226125782733, 0.26923029146645683, 0.17874872771505895, 0.26932511135921705, -0.015374084018223832, 0.007954058976636253, 0.2678608692201074, 0.17838137626346093, 0.17838137626346093, -0.0028177626735715997, 0.2508450794613452, -0.0010030965484042575, 0.2514150359598733, -0.014764861997257697, -0.022331475320254125, 0.24796647457556276, 4.394006353594837e-05, 0.25705366078284475, 0.26872820066192826, 0.2677242710094109, 0.2561156059210781, 0.23688934358659297, 0.267359942248131, -0.0071524227079233045, 0.24796647457556276, 0.24329204469151128, 0.18933334129409296, 4.562856013582551e-05, 4.562856013582551e-05, 0.26932511135921705, -0.0037162777658868423, -0.0007106136996831938, 0.00381402718232304, 0.25333733248560375, 0.2712259532562002, -0.013515954166553495, 0.26780302720600874, 0.24329204469151128, 0.16448325050711152, 0.2684658918105222, 0.2684294120375154, 0.2348538360375922, 0.0037416974421680925, 0.24172349748503785, 4.394006353594837e-05, -0.003153119877652774, 0.26441178933992665, -0.001161900803200826, -0.016734724844160866, -0.008718439717600257, 0.2503132703487023, -0.0007106136996831938, 0.25162577046626333, 0.23430795822959857, -0.008090046544298395, 0.24328745161835155, 0.22905095199421815, -0.0053177610346489945, 0.2684658918105222, 0.23553586908467916, 0.2648563540390159, 0.16238999204769533, 0.267359942248131, 0.26932511135921705, 0.19264185498363348, -0.0005042654225167649, 0.23984071579555943, 0.24329204469151128, 0.2540041932946728, -0.0015587503377796734, 0.26764674565810687, -0.009113359360850636, 0.26441178933992665, 0.26538531436095225, -1000000.0, 0.015249954684370544, 0.2219215665461484, 0.26803856851549196, 0.267359942248131, 0.2014330682364742, 5.105847050197119e-05, 0.24987563469959415, -0.00370360894661515, 0.196428890524327, -0.0011663268699387084, 0.26780302720600874, 0.19264185498363348, 0.267359942248131, -0.030670337383524485, 0.2219215665461484, -0.006509561322279415, 0.25162577046626333, 0.2571796059766631, -0.0008601497980125384, -0.15106367407662258, -0.013137598536643919, 0.25386203189546575, 0.1995665603708458, 0.2687412752439078, 0.251104887377165, -0.025603458410897728, -0.010394726249318932, 0.26781590350650863, 0.2646524748933445, 0.250868768093873, 0.2536369256338256, -0.0026572117421561686, 0.2604203170517743, 0.2637707630673754, 0.26578000346791664, -0.026115638498619868, 0.26612053422564824, 0.26932511135921705, -0.0026662972451510377, 0.1455042057194082, 0.26932511135921705, 0.20183126119734776, 0.25186173531146705, 0.26859139246349256, 0.26780302720600874, 0.2569184056053541, 0.24329204469151128, 0.2497230568576255, 0.1226712003861804, 0.26764674565810687, -0.0007308110825709973, 0.19988510045966068, 0.2348776516915937, -0.007341675225452303, -0.00016215947463374582, 0.25318087880939655, 0.2517115363203439, -0.010017178115028329, 0.24329204469151128, 0.2676723807274312, -0.0010911878862910449, -0.03772741430422869, 0.2648563540390159, 0.26707221212293214, 0.267359942248131, -0.010633551432841643, -1000000.0, 0.004879128043514848, 0.26932511135921705, 0.26764674565810687, 0.2649428084043135, 0.1985279869303817, 0.2671468074014266, 0.26804001279965367, -0.0028177626735715997, 0.25637118357028854, -0.0026662972451510377, -0.0015587503377796734, 0.19264185498363348, -0.19534423115094415, 0.20120141162207228, 0.2687412752439078, -0.15106367407662258, 0.19795270419120053, -0.07800817991884286, 0.26932511135921705, -0.002927008269491487]
[vanilla_v2] fixed HOF: {'hof_mode': 'fixed', 'n_input': 250, 'n_dedup_removed': 63, 'n_unique': 187, 'n_top': 50, 'n_signal_failed': 0, 'decorr_degenerate_pairs': 0, 'n_decorr_removed': 40, 'decorr_max_abs_corr_final': 0.9996913535564474}
                                                     formula  raw_fitness  validity_pass
Sub(Max(Sub(Max(Max(Sub(Max(Std($volume, 30), 64), Abs($c...     0.271226           True
Sub(Sub(Max(Max(Sub(Max(Sub(Max(Std($volume, 30), 64), Ma...     0.269325           True
Sub(Max(Max(Sub(Max(Sub(Max(Std($volume, 30), 64), Mad(Me...     0.268466           True
Sub(Max(Max(Max(Sub(Max(Std($volume, 30), 64), Mad(Log($c...     0.264856           True
Sub(Max(Sub(Max(Sub(Max(Std($volume, 30), 64), Mad(Mean(A...     0.261917           True
Sub(Max(Max(Max(Sub(Max(Std($volume, 30), 64), Ref($high,...     0.257180           True
Sub(Max(Max(Max(Max(Std($volume, 30), 64), 64), 64), 64),...     0.257153           True
Sub(Max(Max(Max(Sub(Max(Std($volume, 30), 64), Mad(Max(Ma...     0.256918           True
Sub(Max(Max(Sub(Max(Sub(Std($volume, 30), Mad(Mean(Abs($c...     0.256410           True
Sub(Max(Max(Sub(Max(Std($volume, 30), 64), Abs($close)), ...     0.256371           True
[vanilla_v2] fit 22263.4s budget={'candidates_budget': 5000, 'total_evaluations': 5000, 'unique_evaluations': 1893, 'memo_hits': 2777, 'wall_clock_seconds': 22263.446393573657, 'panel_setup_seconds': 66.99366556294262}
[vanilla_v2] outputs → /gpfs/home1/sku07891/00.hojin/AlphaEval/AlphaSearchBench/gplearn_asb/out/v2_csi800_fbfit_c2a3_lexi_250x20_s0
C2A3_DONE rc=0
