C2A3_CONFIG=configs/v2/c2a3/lexicap_500x10_s0.yaml
[2301331:MainThread](2026-08-20 09:32:41,973) INFO - qlib.Initialization - [config.py:415] - default_conf: client.
[2301331:MainThread](2026-08-20 09:32:43,223) INFO - qlib.Initialization - [__init__.py:74] - qlib successfully initialized based on client settings.
[2301331:MainThread](2026-08-20 09:32:43,224) INFO - qlib.Initialization - [__init__.py:76] - data_path={'__DEFAULT_FREQ': PosixPath('/gpfs/home1/sku07891/00.hojin/QuantaAlpha/data/qlib/cn_data')}
[vanilla_v2] market=csi800 window=2015-01-01..2021-12-31 budget=5000 pop=500 gens=10 fitness=fb_fitness seed=0
[vanilla_v2] panel ready 67.0s (universe_hash=132b21e88e0f7027)
/home1/sku07891/miniconda3/envs/AlphaEval38/lib/python3.8/site-packages/pandas/core/window/rolling.py:655: RuntimeWarning: All-NaN slice encountered
  return func(x, start, end, min_periods, *numba_args)
/home1/sku07891/miniconda3/envs/AlphaEval38/lib/python3.8/site-packages/pandas/core/window/rolling.py:655: RuntimeWarning: All-NaN slice encountered
  return func(x, start, end, min_periods, *numba_args)
/home1/sku07891/miniconda3/envs/AlphaEval38/lib/python3.8/site-packages/pandas/core/window/rolling.py:655: RuntimeWarning: All-NaN slice encountered
  return func(x, start, end, min_periods, *numba_args)
/gpfs/home1/sku07891/00.hojin/AlphaEval/AlphaSearchBench/alphasearchbench/data/qlib_provider.py:249: RuntimeWarning: overflow encountered in cast
  out = res.astype(np.float32)[s - off:e - off]
/home1/sku07891/miniconda3/envs/AlphaEval38/lib/python3.8/site-packages/pandas/core/window/rolling.py:655: RuntimeWarning: All-NaN slice encountered
  return func(x, start, end, min_periods, *numba_args)
/home1/sku07891/miniconda3/envs/AlphaEval38/lib/python3.8/site-packages/pandas/core/window/rolling.py:655: RuntimeWarning: All-NaN slice encountered
  return func(x, start, end, min_periods, *numba_args)
/home1/sku07891/miniconda3/envs/AlphaEval38/lib/python3.8/site-packages/pandas/core/window/rolling.py:655: RuntimeWarning: All-NaN slice encountered
  return func(x, start, end, min_periods, *numba_args)
/gpfs/home1/sku07891/00.hojin/AlphaEval/AlphaSearchBench/alphasearchbench/data/qlib_provider.py:249: RuntimeWarning: overflow encountered in cast
  out = res.astype(np.float32)[s - off:e - off]
/home1/sku07891/miniconda3/envs/AlphaEval38/lib/python3.8/site-packages/pandas/core/window/rolling.py:655: RuntimeWarning: All-NaN slice encountered
  return func(x, start, end, min_periods, *numba_args)
/gpfs/home1/sku07891/00.hojin/AlphaEval/AlphaSearchBench/alphasearchbench/data/qlib_provider.py:249: RuntimeWarning: overflow encountered in cast
  out = res.astype(np.float32)[s - off:e - off]
/home1/sku07891/miniconda3/envs/AlphaEval38/lib/python3.8/site-packages/pandas/core/window/rolling.py:655: RuntimeWarning: All-NaN slice encountered
  return func(x, start, end, min_periods, *numba_args)
/home1/sku07891/miniconda3/envs/AlphaEval38/lib/python3.8/site-packages/pandas/core/window/rolling.py:655: RuntimeWarning: All-NaN slice encountered
  return func(x, start, end, min_periods, *numba_args)
/home1/sku07891/miniconda3/envs/AlphaEval38/lib/python3.8/site-packages/pandas/core/window/rolling.py:655: RuntimeWarning: All-NaN slice encountered
  return func(x, start, end, min_periods, *numba_args)
/home1/sku07891/miniconda3/envs/AlphaEval38/lib/python3.8/site-packages/pandas/core/window/rolling.py:655: RuntimeWarning: All-NaN slice encountered
  return func(x, start, end, min_periods, *numba_args)
/gpfs/home1/sku07891/00.hojin/AlphaEval/AlphaSearchBench/alphasearchbench/data/qlib_provider.py:249: RuntimeWarning: overflow encountered in cast
  out = res.astype(np.float32)[s - off:e - off]
/home1/sku07891/miniconda3/envs/AlphaEval38/lib/python3.8/site-packages/pandas/core/window/rolling.py:655: RuntimeWarning: All-NaN slice encountered
  return func(x, start, end, min_periods, *numba_args)
/home1/sku07891/miniconda3/envs/AlphaEval38/lib/python3.8/site-packages/pandas/core/window/rolling.py:655: RuntimeWarning: All-NaN slice encountered
  return func(x, start, end, min_periods, *numba_args)
/home1/sku07891/miniconda3/envs/AlphaEval38/lib/python3.8/site-packages/pandas/core/window/rolling.py:655: RuntimeWarning: All-NaN slice encountered
  return func(x, start, end, min_periods, *numba_args)
/home1/sku07891/miniconda3/envs/AlphaEval38/lib/python3.8/site-packages/pandas/core/window/rolling.py:655: RuntimeWarning: All-NaN slice encountered
  return func(x, start, end, min_periods, *numba_args)
/home1/sku07891/miniconda3/envs/AlphaEval38/lib/python3.8/site-packages/pandas/core/window/rolling.py:655: RuntimeWarning: All-NaN slice encountered
  return func(x, start, end, min_periods, *numba_args)
/home1/sku07891/miniconda3/envs/AlphaEval38/lib/python3.8/site-packages/pandas/core/window/rolling.py:655: RuntimeWarning: All-NaN slice encountered
  return func(x, start, end, min_periods, *numba_args)
/home1/sku07891/miniconda3/envs/AlphaEval38/lib/python3.8/site-packages/pandas/core/window/rolling.py:655: RuntimeWarning: All-NaN slice encountered
  return func(x, start, end, min_periods, *numba_args)
/home1/sku07891/miniconda3/envs/AlphaEval38/lib/python3.8/site-packages/pandas/core/window/rolling.py:655: RuntimeWarning: All-NaN slice encountered
  return func(x, start, end, min_periods, *numba_args)
/home1/sku07891/miniconda3/envs/AlphaEval38/lib/python3.8/site-packages/pandas/core/window/rolling.py:655: RuntimeWarning: All-NaN slice encountered
  return func(x, start, end, min_periods, *numba_args)
/home1/sku07891/miniconda3/envs/AlphaEval38/lib/python3.8/site-packages/pandas/core/window/rolling.py:655: RuntimeWarning: All-NaN slice encountered
  return func(x, start, end, min_periods, *numba_args)
/gpfs/home1/sku07891/00.hojin/AlphaEval/AlphaSearchBench/alphasearchbench/data/qlib_provider.py:249: RuntimeWarning: overflow encountered in cast
  out = res.astype(np.float32)[s - off:e - off]
/home1/sku07891/miniconda3/envs/AlphaEval38/lib/python3.8/site-packages/pandas/core/window/rolling.py:655: RuntimeWarning: All-NaN slice encountered
  return func(x, start, end, min_periods, *numba_args)
/home1/sku07891/miniconda3/envs/AlphaEval38/lib/python3.8/site-packages/pandas/core/window/rolling.py:655: RuntimeWarning: All-NaN slice encountered
  return func(x, start, end, min_periods, *numba_args)
/gpfs/home1/sku07891/00.hojin/AlphaEval/AlphaSearchBench/alphasearchbench/data/qlib_provider.py:249: RuntimeWarning: overflow encountered in cast
  out = res.astype(np.float32)[s - off:e - off]
/home1/sku07891/miniconda3/envs/AlphaEval38/lib/python3.8/site-packages/pandas/core/window/rolling.py:655: RuntimeWarning: All-NaN slice encountered
  return func(x, start, end, min_periods, *numba_args)
/home1/sku07891/miniconda3/envs/AlphaEval38/lib/python3.8/site-packages/pandas/core/window/rolling.py:655: RuntimeWarning: All-NaN slice encountered
  return func(x, start, end, min_periods, *numba_args)
/home1/sku07891/miniconda3/envs/AlphaEval38/lib/python3.8/site-packages/pandas/core/window/rolling.py:655: RuntimeWarning: All-NaN slice encountered
  return func(x, start, end, min_periods, *numba_args)
/home1/sku07891/miniconda3/envs/AlphaEval38/lib/python3.8/site-packages/pandas/core/window/rolling.py:655: RuntimeWarning: All-NaN slice encountered
  return func(x, start, end, min_periods, *numba_args)
/home1/sku07891/miniconda3/envs/AlphaEval38/lib/python3.8/site-packages/pandas/core/window/rolling.py:655: RuntimeWarning: All-NaN slice encountered
  return func(x, start, end, min_periods, *numba_args)
/home1/sku07891/miniconda3/envs/AlphaEval38/lib/python3.8/site-packages/pandas/core/window/rolling.py:655: RuntimeWarning: All-NaN slice encountered
  return func(x, start, end, min_periods, *numba_args)
/home1/sku07891/miniconda3/envs/AlphaEval38/lib/python3.8/site-packages/pandas/core/window/rolling.py:655: RuntimeWarning: All-NaN slice encountered
  return func(x, start, end, min_periods, *numba_args)
/gpfs/home1/sku07891/00.hojin/AlphaEval/AlphaSearchBench/alphasearchbench/data/qlib_provider.py:278: RuntimeWarning: overflow encountered in cast
  return np.sign(self._eval(args[0], off, hi).astype(np.float32))
/gpfs/home1/sku07891/00.hojin/AlphaEval/AlphaSearchBench/alphasearchbench/data/qlib_provider.py:249: RuntimeWarning: overflow encountered in cast
  out = res.astype(np.float32)[s - off:e - off]
/home1/sku07891/miniconda3/envs/AlphaEval38/lib/python3.8/site-packages/pandas/core/window/rolling.py:655: RuntimeWarning: All-NaN slice encountered
  return func(x, start, end, min_periods, *numba_args)
/home1/sku07891/miniconda3/envs/AlphaEval38/lib/python3.8/site-packages/pandas/core/window/rolling.py:655: RuntimeWarning: All-NaN slice encountered
  return func(x, start, end, min_periods, *numba_args)
/home1/sku07891/miniconda3/envs/AlphaEval38/lib/python3.8/site-packages/pandas/core/window/rolling.py:655: RuntimeWarning: All-NaN slice encountered
  return func(x, start, end, min_periods, *numba_args)
/gpfs/home1/sku07891/00.hojin/AlphaEval/AlphaSearchBench/alphasearchbench/data/qlib_provider.py:249: RuntimeWarning: overflow encountered in cast
  out = res.astype(np.float32)[s - off:e - off]
/home1/sku07891/miniconda3/envs/AlphaEval38/lib/python3.8/site-packages/pandas/core/window/rolling.py:655: RuntimeWarning: All-NaN slice encountered
  return func(x, start, end, min_periods, *numba_args)
/home1/sku07891/miniconda3/envs/AlphaEval38/lib/python3.8/site-packages/pandas/core/window/rolling.py:655: RuntimeWarning: All-NaN slice encountered
  return func(x, start, end, min_periods, *numba_args)
/home1/sku07891/miniconda3/envs/AlphaEval38/lib/python3.8/site-packages/pandas/core/window/rolling.py:655: RuntimeWarning: All-NaN slice encountered
  return func(x, start, end, min_periods, *numba_args)
/home1/sku07891/miniconda3/envs/AlphaEval38/lib/python3.8/site-packages/pandas/core/window/rolling.py:655: RuntimeWarning: All-NaN slice encountered
  return func(x, start, end, min_periods, *numba_args)
/home1/sku07891/miniconda3/envs/AlphaEval38/lib/python3.8/site-packages/pandas/core/window/rolling.py:655: RuntimeWarning: All-NaN slice encountered
  return func(x, start, end, min_periods, *numba_args)
/home1/sku07891/miniconda3/envs/AlphaEval38/lib/python3.8/site-packages/pandas/core/window/rolling.py:655: RuntimeWarning: All-NaN slice encountered
  return func(x, start, end, min_periods, *numba_args)
/home1/sku07891/miniconda3/envs/AlphaEval38/lib/python3.8/site-packages/pandas/core/window/rolling.py:655: RuntimeWarning: All-NaN slice encountered
  return func(x, start, end, min_periods, *numba_args)
/home1/sku07891/miniconda3/envs/AlphaEval38/lib/python3.8/site-packages/pandas/core/window/rolling.py:655: RuntimeWarning: All-NaN slice encountered
  return func(x, start, end, min_periods, *numba_args)
/home1/sku07891/miniconda3/envs/AlphaEval38/lib/python3.8/site-packages/pandas/core/window/rolling.py:655: RuntimeWarning: All-NaN slice encountered
  return func(x, start, end, min_periods, *numba_args)
/home1/sku07891/miniconda3/envs/AlphaEval38/lib/python3.8/site-packages/pandas/core/window/rolling.py:655: RuntimeWarning: All-NaN slice encountered
  return func(x, start, end, min_periods, *numba_args)
/gpfs/home1/sku07891/00.hojin/AlphaEval/AlphaSearchBench/alphasearchbench/data/qlib_provider.py:249: RuntimeWarning: overflow encountered in cast
  out = res.astype(np.float32)[s - off:e - off]
/home1/sku07891/miniconda3/envs/AlphaEval38/lib/python3.8/site-packages/pandas/core/window/rolling.py:655: RuntimeWarning: All-NaN slice encountered
  return func(x, start, end, min_periods, *numba_args)
/home1/sku07891/miniconda3/envs/AlphaEval38/lib/python3.8/site-packages/pandas/core/window/rolling.py:655: RuntimeWarning: All-NaN slice encountered
  return func(x, start, end, min_periods, *numba_args)
/gpfs/home1/sku07891/00.hojin/AlphaEval/AlphaSearchBench/alphasearchbench/data/qlib_provider.py:249: RuntimeWarning: overflow encountered in cast
  out = res.astype(np.float32)[s - off:e - off]
/home1/sku07891/miniconda3/envs/AlphaEval38/lib/python3.8/site-packages/pandas/core/window/rolling.py:655: RuntimeWarning: All-NaN slice encountered
  return func(x, start, end, min_periods, *numba_args)
/home1/sku07891/miniconda3/envs/AlphaEval38/lib/python3.8/site-packages/pandas/core/window/rolling.py:655: RuntimeWarning: All-NaN slice encountered
  return func(x, start, end, min_periods, *numba_args)
/home1/sku07891/miniconda3/envs/AlphaEval38/lib/python3.8/site-packages/pandas/core/window/rolling.py:655: RuntimeWarning: All-NaN slice encountered
  return func(x, start, end, min_periods, *numba_args)
/home1/sku07891/miniconda3/envs/AlphaEval38/lib/python3.8/site-packages/pandas/core/window/rolling.py:655: RuntimeWarning: All-NaN slice encountered
  return func(x, start, end, min_periods, *numba_args)
/home1/sku07891/miniconda3/envs/AlphaEval38/lib/python3.8/site-packages/pandas/core/window/rolling.py:655: RuntimeWarning: All-NaN slice encountered
  return func(x, start, end, min_periods, *numba_args)
/home1/sku07891/miniconda3/envs/AlphaEval38/lib/python3.8/site-packages/pandas/core/window/rolling.py:655: RuntimeWarning: All-NaN slice encountered
  return func(x, start, end, min_periods, *numba_args)
/home1/sku07891/miniconda3/envs/AlphaEval38/lib/python3.8/site-packages/pandas/core/window/rolling.py:655: RuntimeWarning: All-NaN slice encountered
  return func(x, start, end, min_periods, *numba_args)
/home1/sku07891/miniconda3/envs/AlphaEval38/lib/python3.8/site-packages/pandas/core/window/rolling.py:655: RuntimeWarning: All-NaN slice encountered
  return func(x, start, end, min_periods, *numba_args)
/home1/sku07891/miniconda3/envs/AlphaEval38/lib/python3.8/site-packages/pandas/core/window/rolling.py:655: RuntimeWarning: All-NaN slice encountered
  return func(x, start, end, min_periods, *numba_args)
/home1/sku07891/miniconda3/envs/AlphaEval38/lib/python3.8/site-packages/pandas/core/window/rolling.py:655: RuntimeWarning: All-NaN slice encountered
  return func(x, start, end, min_periods, *numba_args)
/home1/sku07891/miniconda3/envs/AlphaEval38/lib/python3.8/site-packages/pandas/core/window/rolling.py:655: RuntimeWarning: All-NaN slice encountered
  return func(x, start, end, min_periods, *numba_args)
/home1/sku07891/miniconda3/envs/AlphaEval38/lib/python3.8/site-packages/pandas/core/window/rolling.py:655: RuntimeWarning: All-NaN slice encountered
  return func(x, start, end, min_periods, *numba_args)
/home1/sku07891/miniconda3/envs/AlphaEval38/lib/python3.8/site-packages/pandas/core/window/rolling.py:655: RuntimeWarning: All-NaN slice encountered
  return func(x, start, end, min_periods, *numba_args)
/home1/sku07891/miniconda3/envs/AlphaEval38/lib/python3.8/site-packages/pandas/core/window/rolling.py:655: RuntimeWarning: All-NaN slice encountered
  return func(x, start, end, min_periods, *numba_args)
/home1/sku07891/miniconda3/envs/AlphaEval38/lib/python3.8/site-packages/pandas/core/window/rolling.py:655: RuntimeWarning: All-NaN slice encountered
  return func(x, start, end, min_periods, *numba_args)
/home1/sku07891/miniconda3/envs/AlphaEval38/lib/python3.8/site-packages/pandas/core/window/rolling.py:655: RuntimeWarning: All-NaN slice encountered
  return func(x, start, end, min_periods, *numba_args)
/home1/sku07891/miniconda3/envs/AlphaEval38/lib/python3.8/site-packages/pandas/core/window/rolling.py:655: RuntimeWarning: All-NaN slice encountered
  return func(x, start, end, min_periods, *numba_args)
/home1/sku07891/miniconda3/envs/AlphaEval38/lib/python3.8/site-packages/pandas/core/window/rolling.py:655: RuntimeWarning: All-NaN slice encountered
  return func(x, start, end, min_periods, *numba_args)
/home1/sku07891/miniconda3/envs/AlphaEval38/lib/python3.8/site-packages/pandas/core/window/rolling.py:655: RuntimeWarning: All-NaN slice encountered
  return func(x, start, end, min_periods, *numba_args)
/home1/sku07891/miniconda3/envs/AlphaEval38/lib/python3.8/site-packages/pandas/core/window/rolling.py:655: RuntimeWarning: All-NaN slice encountered
  return func(x, start, end, min_periods, *numba_args)
/home1/sku07891/miniconda3/envs/AlphaEval38/lib/python3.8/site-packages/pandas/core/window/rolling.py:655: RuntimeWarning: All-NaN slice encountered
  return func(x, start, end, min_periods, *numba_args)
/gpfs/home1/sku07891/00.hojin/AlphaEval/AlphaSearchBench/alphasearchbench/data/qlib_provider.py:249: RuntimeWarning: overflow encountered in cast
  out = res.astype(np.float32)[s - off:e - off]
/home1/sku07891/miniconda3/envs/AlphaEval38/lib/python3.8/site-packages/pandas/core/window/rolling.py:655: RuntimeWarning: All-NaN slice encountered
  return func(x, start, end, min_periods, *numba_args)
/home1/sku07891/miniconda3/envs/AlphaEval38/lib/python3.8/site-packages/pandas/core/window/rolling.py:655: RuntimeWarning: All-NaN slice encountered
  return func(x, start, end, min_periods, *numba_args)
/home1/sku07891/miniconda3/envs/AlphaEval38/lib/python3.8/site-packages/pandas/core/window/rolling.py:655: RuntimeWarning: All-NaN slice encountered
  return func(x, start, end, min_periods, *numba_args)
/home1/sku07891/miniconda3/envs/AlphaEval38/lib/python3.8/site-packages/pandas/core/window/rolling.py:655: RuntimeWarning: All-NaN slice encountered
  return func(x, start, end, min_periods, *numba_args)
/home1/sku07891/miniconda3/envs/AlphaEval38/lib/python3.8/site-packages/pandas/core/window/rolling.py:655: RuntimeWarning: All-NaN slice encountered
  return func(x, start, end, min_periods, *numba_args)
/home1/sku07891/miniconda3/envs/AlphaEval38/lib/python3.8/site-packages/pandas/core/window/rolling.py:655: RuntimeWarning: All-NaN slice encountered
  return func(x, start, end, min_periods, *numba_args)
/home1/sku07891/miniconda3/envs/AlphaEval38/lib/python3.8/site-packages/pandas/core/window/rolling.py:655: RuntimeWarning: All-NaN slice encountered
  return func(x, start, end, min_periods, *numba_args)
/home1/sku07891/miniconda3/envs/AlphaEval38/lib/python3.8/site-packages/pandas/core/window/rolling.py:655: RuntimeWarning: All-NaN slice encountered
  return func(x, start, end, min_periods, *numba_args)
/home1/sku07891/miniconda3/envs/AlphaEval38/lib/python3.8/site-packages/pandas/core/window/rolling.py:655: RuntimeWarning: All-NaN slice encountered
  return func(x, start, end, min_periods, *numba_args)
/home1/sku07891/miniconda3/envs/AlphaEval38/lib/python3.8/site-packages/pandas/core/window/rolling.py:655: RuntimeWarning: All-NaN slice encountered
  return func(x, start, end, min_periods, *numba_args)
/home1/sku07891/miniconda3/envs/AlphaEval38/lib/python3.8/site-packages/pandas/core/window/rolling.py:655: RuntimeWarning: All-NaN slice encountered
  return func(x, start, end, min_periods, *numba_args)
/home1/sku07891/miniconda3/envs/AlphaEval38/lib/python3.8/site-packages/pandas/core/window/rolling.py:655: RuntimeWarning: All-NaN slice encountered
  return func(x, start, end, min_periods, *numba_args)
/home1/sku07891/miniconda3/envs/AlphaEval38/lib/python3.8/site-packages/pandas/core/window/rolling.py:655: RuntimeWarning: All-NaN slice encountered
  return func(x, start, end, min_periods, *numba_args)
/home1/sku07891/miniconda3/envs/AlphaEval38/lib/python3.8/site-packages/pandas/core/window/rolling.py:655: RuntimeWarning: All-NaN slice encountered
  return func(x, start, end, min_periods, *numba_args)
/home1/sku07891/miniconda3/envs/AlphaEval38/lib/python3.8/site-packages/pandas/core/window/rolling.py:655: RuntimeWarning: All-NaN slice encountered
  return func(x, start, end, min_periods, *numba_args)
/home1/sku07891/miniconda3/envs/AlphaEval38/lib/python3.8/site-packages/pandas/core/window/rolling.py:655: RuntimeWarning: All-NaN slice encountered
  return func(x, start, end, min_periods, *numba_args)
/home1/sku07891/miniconda3/envs/AlphaEval38/lib/python3.8/site-packages/pandas/core/window/rolling.py:655: RuntimeWarning: All-NaN slice encountered
  return func(x, start, end, min_periods, *numba_args)
/home1/sku07891/miniconda3/envs/AlphaEval38/lib/python3.8/site-packages/pandas/core/window/rolling.py:655: RuntimeWarning: All-NaN slice encountered
  return func(x, start, end, min_periods, *numba_args)
/home1/sku07891/miniconda3/envs/AlphaEval38/lib/python3.8/site-packages/pandas/core/window/rolling.py:655: RuntimeWarning: All-NaN slice encountered
  return func(x, start, end, min_periods, *numba_args)
/home1/sku07891/miniconda3/envs/AlphaEval38/lib/python3.8/site-packages/pandas/core/window/rolling.py:655: RuntimeWarning: All-NaN slice encountered
  return func(x, start, end, min_periods, *numba_args)
/home1/sku07891/miniconda3/envs/AlphaEval38/lib/python3.8/site-packages/pandas/core/window/rolling.py:655: RuntimeWarning: All-NaN slice encountered
  return func(x, start, end, min_periods, *numba_args)
/home1/sku07891/miniconda3/envs/AlphaEval38/lib/python3.8/site-packages/pandas/core/window/rolling.py:655: RuntimeWarning: All-NaN slice encountered
  return func(x, start, end, min_periods, *numba_args)
/home1/sku07891/miniconda3/envs/AlphaEval38/lib/python3.8/site-packages/pandas/core/window/rolling.py:655: RuntimeWarning: All-NaN slice encountered
  return func(x, start, end, min_periods, *numba_args)
/home1/sku07891/miniconda3/envs/AlphaEval38/lib/python3.8/site-packages/pandas/core/window/rolling.py:655: RuntimeWarning: All-NaN slice encountered
  return func(x, start, end, min_periods, *numba_args)
/gpfs/home1/sku07891/00.hojin/AlphaEval/AlphaSearchBench/alphasearchbench/data/qlib_provider.py:249: RuntimeWarning: overflow encountered in cast
  out = res.astype(np.float32)[s - off:e - off]
/home1/sku07891/miniconda3/envs/AlphaEval38/lib/python3.8/site-packages/pandas/core/window/rolling.py:655: RuntimeWarning: All-NaN slice encountered
  return func(x, start, end, min_periods, *numba_args)
/home1/sku07891/miniconda3/envs/AlphaEval38/lib/python3.8/site-packages/pandas/core/window/rolling.py:655: RuntimeWarning: All-NaN slice encountered
  return func(x, start, end, min_periods, *numba_args)
/home1/sku07891/miniconda3/envs/AlphaEval38/lib/python3.8/site-packages/pandas/core/window/rolling.py:655: RuntimeWarning: All-NaN slice encountered
  return func(x, start, end, min_periods, *numba_args)
/home1/sku07891/miniconda3/envs/AlphaEval38/lib/python3.8/site-packages/pandas/core/window/rolling.py:655: RuntimeWarning: All-NaN slice encountered
  return func(x, start, end, min_periods, *numba_args)
/gpfs/home1/sku07891/00.hojin/AlphaEval/AlphaSearchBench/alphasearchbench/data/qlib_provider.py:249: RuntimeWarning: overflow encountered in cast
  out = res.astype(np.float32)[s - off:e - off]
/gpfs/home1/sku07891/00.hojin/AlphaEval/AlphaSearchBench/alphasearchbench/data/qlib_provider.py:249: RuntimeWarning: overflow encountered in cast
  out = res.astype(np.float32)[s - off:e - off]
/gpfs/home1/sku07891/00.hojin/AlphaEval/AlphaSearchBench/alphasearchbench/data/qlib_provider.py:249: RuntimeWarning: overflow encountered in cast
  out = res.astype(np.float32)[s - off:e - off]
/home1/sku07891/miniconda3/envs/AlphaEval38/lib/python3.8/site-packages/pandas/core/window/rolling.py:655: RuntimeWarning: All-NaN slice encountered
  return func(x, start, end, min_periods, *numba_args)
/home1/sku07891/miniconda3/envs/AlphaEval38/lib/python3.8/site-packages/pandas/core/window/rolling.py:655: RuntimeWarning: All-NaN slice encountered
  return func(x, start, end, min_periods, *numba_args)
/home1/sku07891/miniconda3/envs/AlphaEval38/lib/python3.8/site-packages/pandas/core/window/rolling.py:655: RuntimeWarning: All-NaN slice encountered
  return func(x, start, end, min_periods, *numba_args)
/gpfs/home1/sku07891/00.hojin/AlphaEval/AlphaSearchBench/alphasearchbench/data/qlib_provider.py:249: RuntimeWarning: overflow encountered in cast
  out = res.astype(np.float32)[s - off:e - off]
/home1/sku07891/miniconda3/envs/AlphaEval38/lib/python3.8/site-packages/pandas/core/window/rolling.py:655: RuntimeWarning: All-NaN slice encountered
  return func(x, start, end, min_periods, *numba_args)
/home1/sku07891/miniconda3/envs/AlphaEval38/lib/python3.8/site-packages/pandas/core/window/rolling.py:655: RuntimeWarning: All-NaN slice encountered
  return func(x, start, end, min_periods, *numba_args)
/home1/sku07891/miniconda3/envs/AlphaEval38/lib/python3.8/site-packages/pandas/core/window/rolling.py:655: RuntimeWarning: All-NaN slice encountered
  return func(x, start, end, min_periods, *numba_args)
Generation 0 starts.
final:  [0.056087939223938156, -0.07303378081464328, 0.001749840001978268, -0.004471944534426079, 5.3016121661689995e-05, -8.823723700807014e-05, 0.011844944810605093, 0.04930897984209081, 0.03656739182759286, 0.15476193733739213, -0.0069775018962759, -1000000.0, 0.019301613751219537, -0.03494053455995416, -0.10198704213596625, -0.11482048012765607, -0.03874296834306547, 0.017330155603616525, -0.0009239944456983117, -0.00046395909119333474, 0.02847309556184549, -0.2225657664348818, -1000000.0, -0.12512344094900482, -0.24693692770961384, 0.02854678282863226, -0.035682368986480216, -0.14912251287073372, 0.015263873615908204, -1000000.0, -0.031235611519746617, -1000000.0, -1000000.0, 0.19622569464627335, 0.01846846802149509, -0.0315556563050921, -0.003311587810429336, -0.14062717616110829, -0.033339145054323206, -0.01913530404445813, 0.07154804671390458, -0.025630066412926998, -0.012070229215065098, -0.08191526674897502, -1000000.0, 0.002429605022720293, -0.07208247379176785, -0.0007138481174349191, -0.16502255728445311, 0.0002894158997011677, 0.02169011137645304, -0.1191352592670822, -0.0024648756105838856, -0.0037348025325237666, 0.015864815405843117, -0.0022400958579335767, -0.03696931821314092, 0.015548537256588947, 0.01195094576849439, -0.05541585170236941, -0.009218436677907494, -0.009544698777970807, -0.12095822827227672, -0.18775422103264824, -1000000.0, -0.21706807882150073, 0.03297560026305401, 0.19798050610561857, 0.06262044899235504, -0.09910341977732745, -0.012982517258388795, 0.14258755949375887, -0.05099529223181992, -0.12281421081743531, 0.14314747849117682, -1000000.0, -0.037833588266094856, -0.000721030197018061, -6.988532036327257e-05, 0.011806173049411096, -1000000.0, 2.6070538204667132e-05, 0.007282241126841421, -0.000721030197018061, -0.014523442296665827, -1000000.0, 0.15625765370272976, -0.01629852126461949, 0.008611917156482577, 0.001156378160784412, -0.015417826282420562, -0.020523423089490733, -0.026081301611050628, 0.017249178145740618, 0.025577158346732347, -0.01267415401473451, -1000000.0, 0.02682112475814557, 0.011676365516043865, -0.002777191158816074, -0.002329872232738373, -0.0016352421394252065, -0.017746334781177354, -1000000.0, -0.26410697180194204, -0.0006051196776158607, -0.026353058620587885, -0.1079402142376075, 0.002738800549556865, -0.035375633765467034, 0.14054190299929376, 0.01471325950545376, -2.2597263050621296e-06, -0.019218488675069756, -0.0347118857354482, 0.03792567886122653, -0.035177396216966264, -2.850562270598883e-05, 0.05609720219786946, 0.0016233309870019768, -0.013212610280938746, -0.03789492909288556, -0.03135697588259387, 0.0018584219338527539, 0.01715133920790119, -1000000.0, -0.017220308266716198, 0.04821584342924405, -0.008796306479000449, -0.01731848694569397, 0.004074216042209064, 0.03206152113893343, -0.03957271019238695, -0.02033123257631329, -0.07840683538991297, -0.0030684344665872438, -1000000.0, -0.06120243553604004, -0.05408769234788995, 0.012043052690216292, -0.002742118495118546, -1000000.0, 0.017593461908287065, 0.017330155603616525, -0.13102891936819014, -0.031230967548524616, -0.02486517037757627, 0.03277805276652531, -0.008938286181757666, 0.14403649358929102, 0.09698124514932492, -0.025630066412926998, 0.0315048404232265, -0.0024408656455537385, -0.11427335998910725, 0.029483143290088987, -0.013806907101189024, 0.0001306181218878219, -0.027827226806238135, -0.06985958081312724, 0.0006130521023809697, 0.0005870692063818922, 0.13232917921966283, -0.04141804543061065, 0.04149835999423772, -0.1358703619268589, 0.0035302857545576743, 0.060807233471742606, -0.008523888336739633, 0.0042654530148339975, 0.016230265523425658, -0.005862733719760573, 0.0146978705567496, 0.02236602567249888, -0.010834225461353514, 0.00013856294001974665, 0.0005385664471022013, 0.028769112382236856, -0.1338392741621788, -0.021564872112193944, -0.01819954579572837, -0.030396386019739992, 0.022813914672566698, -0.0813879644840036, 0.019959213202009524, -0.046652565015020804, -0.022391940731226308, -1000000.0, -0.001654598215048492, -1000000.0, -1000000.0, -0.021104161144305144, -0.0028152476624132873, -0.003596039860029685, -0.018071082217200937, -0.058497607971545726, -0.07566724398274231, -0.010608272553810525, -0.054875385538844905, -0.0535546535427385, 0.02094253941569665, -1000000.0, 0.019627690680238157, -0.0071054481101744905, -0.05012928876107478, 0.01412996079951623, -0.007957589910860036, -0.04974402179668423, -0.001295328130851592, 0.0018431333021228702, -0.05783460548880764, -0.10870962347184729, 0.012987843564039562, -0.035375633765467034, -0.07553334934205214, -0.014623376333984302, 0.002515098527453109, -0.01598075870842903, -0.031259666443635536, -1000000.0, -0.018037170305184574, -0.027263932564637328, -0.026008063670989442, -0.05577948761429279, -1000000.0, 0.00424252117151715, -0.04743684355791165, 0.0009169536145349788, -0.06371819862660172, -0.014469764187226486, 0.004311543794440716, -0.013904097587572413, 0.024041305987133096, -0.1660530689058242, -0.19947810082233874, 0.15404414633732016, -0.014835854258300788, 0.030692423187313373, -0.003532514974231463, -0.01895218512924086, -0.08791913958463181, 0.01844187404294276, -0.0002067423750973529, -0.11612048029967191, -0.14178651353458582, -0.03516774517357763, -0.28922103631605267, -0.06972001656116636, 0.000930893554109723, -0.055270514448601246, 0.03048464980406294, -0.0038845260066699334, 0.0772830231221173, 0.02395945615702846, -1000000.0, -0.021414429758065404, 0.030410025457906983, -0.18066064715204075, 0.0005493510190723344, -0.023823011051161528, -1000000.0, -1000000.0, -0.0015984044748114123, 0.13023396349482752, -0.03402831504110578, -1000000.0, -0.011287831188998903, -1000000.0, 0.006917769308089524, -0.13645609476984766, -0.024018898202283586, 0.1359609900515377, -0.024417173192852637, -1000000.0, 0.14411666788558258, -0.06600019279134177, -0.18865621069133623, -0.36557751937561045, -0.034980638839071654, -0.03789492909288556, 0.1107823295057986, 0.026005104653601948, -0.012031095044156129, 0.14782981410455578, -0.19031511390834763, -0.018037170305184574, 0.09727720837541688, -0.06189393914392244, -0.25475100664870115, -0.23893350983909542, -0.09421388301867072, 0.0036787376643956714, -0.0017936329828186284, 0.002946030697135137, -0.049502410596239894, -0.10353538801075966, -0.13319355096724175, 0.0009841829725677827, 0.04439250675286129, -1000000.0, -1000000.0, -0.010445553597963068, 0.02125962603385061, -1000000.0, -0.0037523788693759833, -0.13898530496184439, -0.10397407801267733, 0.0001298364633688498, 0.09668261616734967, -0.000721030197018061, 0.06372939933869128, 0.030547846581842016, -0.000721030197018061, 0.1962620818690189, -0.13781650418006763, -0.05210844391047466, -0.04844305563159223, -0.0358935650942115, -0.00958099668810887, -0.03149573460943553, 0.14546104409442798, 0.14403649358929102, -0.028748943436783764, -1000000.0, 0.004698853823756119, 0.04451238078921354, -0.01461797399105934, 0.01802407677441589, 0.0076347008678424874, -0.03639015007390579, 0.11082115994218857, 0.1390407113460826, -1000000.0, -0.001107464915917698, -0.003241208217934652, 0.01589759078155006, -0.12573628630991213, -0.0311272480732474, 0.0747861331786887, -0.007993556579149831, 0.01980231839089144, 0.004776826906399041, -0.12130411160815295, -0.04564996351211971, -0.07139148784716104, 0.00039899859291865305, -0.01717464384944307, -0.0075965919504316325, -0.07711608139129517, -0.027193165273930328, -0.060795363082681034, -0.04738557111693403, -0.000508473156524826, 0.0008953877494267011, 0.002287900215124827, -0.002394465940026272, 0.035623359117380286, 0.01827537477966005, 0.15476193733739213, 0.010280200206088243, -0.08045154577726923, -0.007756478205770399, -0.09102236752232934, -0.0798151650533586, 0.028610594410804168, 0.09859602836298285, 0.024996653852681374, 3.9705649660384564e-05, 0.023516712591883267, -0.06701531831619581, -0.0012110105863183515, -0.0026287781084527967, 0.0005114247736394637, -0.014692940549576088, -1000000.0, -4.189509216742284e-05, -0.0014617704162900977, 0.1346081494695529, -0.033894007148085936, -1000000.0, 0.0004210847415378154, -0.015985900875705603, -0.10779309344864033, -0.015713180960821343, -0.014878172282282637, -1000000.0, 0.0012030702526407274, -0.015837844533684458, -0.11882681861654212, -0.10159686757291074, -0.052340566644877996, 0.01802407677441589, -0.05081200050954077, -0.09910985710204834, 0.09058891731903485, -0.0005700782269047852, -0.03296624586618048, -0.15265387994846, 0.014665284940314657, -0.006960551442865336, -0.059823315383170345, -0.01704047512881199, -0.012154229749662999, -0.1619555518240811, 0.014157351938599542, -0.11995902631916508, -0.031259666443635536, 0.015891553971933276, 0.09296532604558592, 0.19622569464627335, -0.18296038762394295, 0.0015770635637435031, 0.11213641332477496, 0.08685998474855332, -0.14487024936316767, 0.0024613734002547345, -0.2225657664348818, -0.010898308864075858, 0.059544629502877706, -0.000721030197018061, -1000000.0, -0.01184566031137188, -0.0318304963835161, -1.912703259258005e-05, -0.03079406538684877, -4.189509216742284e-05, -1000000.0, -0.00033998757131855554, -0.00337502403542786, 0.0022874036835657564, -1000000.0, -0.0011248545111588273, 0.006063678021765229, -0.09868736139471229, 0.0001741384361871848, 0.0009657778275471688, -0.017836859678311442, -0.00040594057301581165, -0.03728198296819704, 0.021845507241397197, -0.15801898179831908, -0.08168400789429514, 0.00021049144436031646, -0.001360302874085189, -0.07940390310181446, 0.16493026301498442, -0.03980726572813457, -0.08780732987631285, -0.00707971764320186, 0.11824068667717591, 0.01802407677441589, 0.026104183662780295, -0.0010260980173130909, -0.02648052970162546, -0.027492893089089216, 0.0795349482089577, 0.008496687325753871, 0.002583088358809229, 0.11388942815433387, -1000000.0, 0.05679583624428176, 0.002288000597890521, -0.0018297396532023433, -0.45463141193411544, 0.02892553693124424, 0.018750089699634112, 0.10639772287377287, -0.027517404334582194, 0.09770668688842066, -0.027205716554499083, -0.003457726791574702, 0.009283752038346684, -0.008220828729459829, -0.034319462321798284, 0.04267521022659959, 0.06417697834719809, -0.02508852314087821, -0.03265245682829951, -0.03249494078115905, 0.004911317707799575, 0.05913608697941663, -0.03290679336809266, -0.0834319744283009, -0.38331998598410144, 0.018753708834443283, 0.020105287715851513, 0.000413620258069614, -0.08364780865887085, 0.10879248061754768, 0.19622569464627335, -0.019268067384970923, -0.03135697588259387, 0.14063914822638104, 0.0024613734002547345, -0.12735042794889598, -0.025826119386395976, 0.15476193733739213, -0.0627545519707843, -1000000.0, -0.1399613627804466]
Generation 1 starts.
final:  [0.15404414633732016, 0.10099104033619655, 0.01868476907580556, 0.03216895995786854, 0.09058891731903485, 0.11388942815433387, 0.13833104944796154, 0.15476193733739213, 0.13023396349482752, 0.15476193733739213, 0.14609779744985987, 0.13663349587392268, 0.14403649358929102, 0.18809331622407272, 0.19622569464627335, 0.14782981410455578, -9.197104931415984e-06, 0.07494133151983247, 0.05600631690278726, 0.15476193733739213, 0.12796156810700993, 0.007783749431464442, 0.0021031059643578966, 0.015891553971933276, 0.19622569464627335, 0.19622569464627335, 0.1390407113460826, 0.12923581946890647, 0.14063914822638104, 0.056087939223938156, 0.037577978974141904, 0.09110460881725313, 0.0596506197986629, 0.018339567787212258, 0.11059870925028291, 0.14782981410455578, 0.01789489017750858, 0.15404414633732016, 0.145007050928703, 0.14054190299929376, 0.13663349587392268, 0.09668261616734967, 0.14654751448385173, 0.14782981410455578, 0.19622569464627335, 0.0031411664509034217, 0.019552266352970044, 0.15476193733739213, 0.13023396349482752, 0.018339567787212258, 0.1962620818690189, 0.15476193733739213, 0.016650489128524588, 0.01789489017750858, 0.09770668688842066, 0.15476193733739213, 0.15404414633732016, 0.14054190299929376, 0.09727720837541688, 0.01839696403665734, 0.14054190299929376, 0.14782981410455578, 0.02892553693124424, 0.008496687325753871, 0.0772830231221173, -0.18980639001278599, 0.19622569464627335, 2.0888359298396655e-06, 0.021203434467625033, 0.07145268539653074, -0.0037686345872570003, -0.02984357920280522, 0.02432149547456609, 0.15476193733739213, 0.1388965024471751, 0.19622569464627335, 0.14411666788558258, 0.1486563422855122, 0.19793943001261366, 0.060807233471742606, 0.059729301525007744, -0.01971641495216965, 0.14546104409442798, 0.19339192317232276, 0.14403649358929102, 0.0004906194920075226, 0.04199569141416889, -0.06335096543520122, 0.14403649358929102, 0.14403649358929102, 0.04930897984209081, 0.060807233471742606, 0.06481192144411382, 0.01789489017750858, 0.0941731416069264, -0.0844306882170296, 0.03327806642281512, 0.1390407113460826, 0.08438488987860661, 0.15476193733739213, 0.15404414633732016, 0.14411666788558258, 0.14314747849117682, -0.019196251824392063, 0.06417697834719809, 0.14403649358929102, -0.001148279692181724, 0.05913608697941663, 0.15625765370272976, 0.1469644956568932, 0.14782981410455578, 0.14119838428475212, 0.021738034149049037, 0.028610594410804168, 0.04179993726938882, 0.15476193733739213, 0.009825088092659692, 0.030410025457906983, 0.06262044899235504, 0.13866920994782972, 0.19622569464627335, 0.19798050610561857, 0.11388942815433387, 0.09058891731903485, -1000000.0, 0.16493026301498442, 0.10879248061754768, 0.19622569464627335, 0.003557586960283444, 0.0795349482089577, 0.026104183662780295, 0.15625765370272976, 0.1390407113460826, 0.09859602836298285, -0.08279336548931965, 0.1242729912138148, 0.14281426184479784, 0.06262044899235504, 0.03711310318440683, 0.14433606524829326, 0.16883373272255187, 0.22405915911387372, 0.19560785105641607, 0.10879248061754768, 0.0035617883121717084, 0.10186770423153764, 0.0772830231221173, 0.1359609900515377, 0.02892553693124424, 0.14926617207679027, 0.14403649358929102, 0.19622569464627335, 0.19622569464627335, 0.15476193733739213, 0.07614378577396809, 0.018549159602515266, -0.03632494718435566, 0.10079818952265329, 0.09284043244214887, 0.09998028725100121, 0.03063286643565255, 0.11082115994218857, 0.14411666788558258, 0.11388942815433387, 0.14517924490049186, 0.14782981410455578, 0.06121541463642104, 0.04267521022659959, 0.024996653852681374, 0.1346081494695529, 0.15404414633732016, 0.1105668033469637, 0.1529019871925611, -0.04958413669553505, 0.015864815405843117, 0.14565397311835634, 0.13023396349482752, 0.14403649358929102, 0.0302656765399794, 0.11200882771909056, 0.09727720837541688, 0.15625765370272976, 0.19622569464627335, 0.023333830971352026, 0.07259020564158432, 0.09296532604558592, 0.04930897984209081, 0.1472218830627308, 0.034071408553819224, 0.00520056270710882, 0.14265915045173871, 0.06269588334302459, 0.023025207305114467, 0.15476193733739213, 0.0596506197986629, 0.006992932918795955, 0.1485661095338558, 0.15476193733739213, -1000000.0, 0.14411666788558258, 0.10423444418616057, 0.09998028725100121, 0.10079818952265329, 0.14314747849117682, 0.1390407113460826, 0.14411666788558258, 0.06262044899235504, 0.13023396349482752, 0.05944315508609632, 0.0971804036029622, 0.11703057901651345, 0.15476193733739213, 0.11824068667717591, -0.00458667483280696, 0.024999739729944202, 0.1390407113460826, 0.14265915045173871, 0.09103513221456443, -0.43712749747432833, 0.1346081494695529, 0.10584460391360848, 0.1390407113460826, 0.11640890401506232, -0.05866418004886405, 0.0061520441204348224, 0.14411666788558258, 0.012594878515634199, -0.008073802605858165, 0.11082115994218857, 0.03130842998106797, 0.12898416937682372, 0.0772830231221173, 0.14210866275001716, 0.006063678021765229, 0.1962620818690189, 0.14023561939272533, 0.19622569464627335, 0.09698124514932492, 0.018381147566700985, 0.14546104409442798, 0.14063914822638104, 0.1371172083322044, 0.15476193733739213, 0.06278702351309175, 0.027278301222578766, 0.15476193733739213, 0.0942496471240511, 0.056087939223938156, 0.06028963161135162, 0.09668261616734967, 0.19622569464627335, 0.0918133265757197, -0.006085933543388903, 0.05679583624428176, 0.19622569464627335, -0.0844306882170296, 0.17751408534598032, 0.10727641207899388, -0.09391355579428722, 0.12445033999427653, 0.14188656626548593, 0.02847309556184549, 0.14782981410455578, 0.12359367622029695, 0.060807233471742606, 0.1486563422855122, 0.14199059203653216, 0.008345634726858253, 0.06121541463642104, 0.13663349587392268, 0.07852528053776422, 0.15404414633732016, 0.14206787687207625, -0.001906771957876916, 0.10639772287377287, 0.15625765370272976, 0.14517924490049186, 0.15476193733739213, 0.0697402635929672, 0.018339567787212258, 0.09676230645451193, 0.05297529261128864, 0.002668152074004125, 0.007648170873043173, 0.1875127451358468, 0.017065711542397978, 0.017330155603616525, 0.14635905038255256, 0.19622569464627335, -0.0958739464017185, -0.05443324442978402, 0.14054190299929376, 0.19622569464627335, 0.15625765370272976, 0.010905169621957424, 0.09359512770032613, 0.14782981410455578, -1000000.0, 0.030692423187313373, 0.1359609900515377, 0.018339567787212258, 0.14411666788558258, 0.14403649358929102, 0.19798050610561857, 0.13663349587392268, 0.11082115994218857, 0.14403649358929102, 0.09195671869789765, -0.032770061048972156, 0.14403649358929102, 0.19622569464627335, 0.06018006566815465, 0.19364285126536895, 0.14782981410455578, 0.10079818952265329, 0.14403649358929102, 0.10079818952265329, -0.0844306882170296, 0.1486563422855122, 0.1346081494695529, 0.01789489017750858, -0.049146015697180634, 0.1390407113460826, 0.14411666788558258, 0.03336707712508565, 0.14063914822638104, 0.11388942815433387, 0.030547846581842016, 0.018381147566700985, 0.12720032027541328, 0.15476193733739213, 0.14314747849117682, 0.19841587553424084, 0.14546104409442798, 0.056087939223938156, 0.018339567787212258, 0.030439276553928814, 0.006063678021765229, 0.0006936404366552933, 0.1485661095338558, 0.11082115994218857, -0.006909246296986823, 0.004311543794440716, 0.11213641332477496, 0.08303623796758754, 0.1952427909660361, 0.11213641332477496, 0.15476193733739213, 0.15625765370272976, 0.19622569464627335, -1000000.0, -0.08279336548931965, 0.029694872278021988, 0.1107823295057986, 0.06372939933869128, 0.14157886198261452, 0.015891553971933276, 0.1359609900515377, 0.19798050610561857, -0.0042995594868407505, 0.15625765370272976, 0.14403649358929102, 0.14782981410455578, 0.10997938648483731, 0.15476193733739213, 0.12330090543767648, 0.025699517180199877, 0.11213641332477496, 0.14778771527764034, 0.15476193733739213, 0.14213772824887969, 0.07552407791611744, 0.14565941778714805, 0.16786255098328406, 0.14403649358929102, 0.15476193733739213, -0.007443890984134966, 0.15404414633732016, 0.11100097225387533, 0.15476193733739213, 0.15625765370272976, 0.035623359117380286, -0.014116192372585741, 0.12843255803341544, 0.015517805551980794, 0.13663349587392268, 0.056087939223938156, 0.026428778138918214, 0.08391905568141612, 0.005475723289556486, 0.19622569464627335, 0.15476193733739213, 0.15476193733739213, 0.19622569464627335, 0.06417697834719809, 0.19509490203045532, 0.1390407113460826, 0.01632736631768666, 0.15748249579697648, 0.19786702439731343, 0.14063914822638104, 0.14168108717742298, -0.01971641495216965, 0.19798050610561857, -0.0237569262962576, 0.19622569464627335, 0.14403649358929102, 0.09296532604558592, 0.019552266352970044, 0.13663349587392268, 0.15476193733739213, 0.11740580975981582, 0.18174034849876974, 0.19622569464627335, 0.14063914822638104, 0.14403649358929102, 0.15625765370272976, 0.19622569464627335, 0.035623359117380286, 0.15476193733739213, 0.0965799709616795, 0.15476193733739213, 0.12893284483541292, 0.14782981410455578, 0.09770668688842066, 0.11703057901651345, 0.14403649358929102, 0.14279902761077065, 0.06417697834719809, 0.09058891731903485, 0.14782981410455578, 0.14403649358929102, 0.15625765370272976, 0.12816883331066758, 0.19622569464627335, 0.14258755949375887, 0.018339567787212258, 0.11388942815433387, 0.016314382648102577, 0.19622569464627335, 0.15476193733739213, 0.19622569464627335, 0.19622569464627335, 0.1390407113460826, 0.03218181665673179, 0.19622569464627335, -0.001906771957876916, 0.16883373272255187, 0.14314747849117682, 0.1394630113472168, -0.007443890984134966, 0.07025760626537797, 0.19622569464627335, 0.08420379390392121, 0.06859850327234308, 0.0021281093195924276, 0.19622569464627335, 0.19622569464627335, 0.018339567787212258, 0.026104183662780295, 0.14215306064245045, 0.19622569464627335, 0.059078582693460294, -0.03523274592982339, 0.05585838472501665, 0.19622569464627335, 0.15476193733739213, 0.14403649358929102, 0.15476193733739213, 0.19622569464627335, 0.1359609900515377, -1000000.0, 0.1371172083322044, -1000000.0, 0.14411666788558258, 0.06262044899235504, 0.1371172083322044, 0.1359609900515377, -6.836425751319897e-05, 0.14282891558357633, 0.03206152113893343, 0.14534575889415047, -0.0844306882170296, 0.09191460661600748, 0.19625144848035295, 0.1390407113460826, 0.19622569464627335, -0.04364193848812435, 0.14403649358929102, 0.15625765370272976, 0.15148266740000096, 0.07614378577396809, 0.04930897984209081, 0.025511727261406686, 0.1430933010396223, -0.009286444198028414, 0.19798050610561857, 0.10079818952265329, 0.13924212412808318, 0.06372939933869128]
Generation 2 starts.
final:  [0.19841587553424084, 0.19622569464627335, 0.22405915911387372, 0.1395108224305862, 0.19622569464627335, 0.19622569464627335, 0.19622569464627335, 0.14103772937709166, 0.1962620818690189, 0.1390407113460826, 0.19622569464627335, 0.19786702439731343, 0.007782725336294366, 0.10536645106782666, 0.19622569464627335, 0.13974397211695913, 0.19622569464627335, 0.19793943001261366, 0.15625765370272976, 0.19798050610561857, 0.19622569464627335, 0.0996519122926023, 0.1395108224305862, 0.19622569464627335, 0.19622569464627335, 0.13663349587392268, 0.19622569464627335, 0.19793943001261366, 0.19622569464627335, 0.19622569464627335, 0.19622569464627335, 0.19622569464627335, 0.19622569464627335, 0.19622569464627335, 0.19622569464627335, 0.19622569464627335, 0.19793943001261366, 0.1390407113460826, 0.083307345717038, 0.19622569464627335, 0.19622569464627335, 0.1390407113460826, 0.19622569464627335, 0.19622569464627335, 0.15476193733739213, 0.19622569464627335, 0.18809331622407272, 0.007782725336294366, 0.19622569464627335, 0.19841587553424084, 0.14731682333188248, 0.19793943001261366, 0.19622569464627335, 0.19622569464627335, 0.16254543984703199, 0.19622569464627335, 0.19622569464627335, 0.19622569464627335, 0.19622569464627335, 0.19787879898401184, 0.19622569464627335, 0.19622569464627335, 0.19622569464627335, 0.0278762483430073, 0.19622569464627335, 0.19622569464627335, 0.19622569464627335, 0.19622569464627335, 0.16796383581464944, 0.19622569464627335, 0.19793943001261366, 0.19622569464627335, 0.15476193733739213, 0.16431032612163626, 0.16254543984703199, 0.018384263476810405, 0.19622569464627335, 0.19622569464627335, 0.17009083334053185, 0.18809331622407272, 0.19622569464627335, 0.19622569464627335, 0.19841587553424084, 0.19622569464627335, -1000000.0, 0.19798050610561857, 0.19786702439731343, 0.01521673415276339, 0.19627898505863312, 0.19622569464627335, 0.19622569464627335, 0.1390407113460826, 0.19793943001261366, 0.018384263476810405, 0.19841587553424084, 0.19622569464627335, 0.19622569464627335, -0.00033998757131855554, 0.19622569464627335, 0.19622569464627335, 0.19622569464627335, 0.1657616745103843, 0.1562680718124397, 0.1358118497458672, 0.1463797702161396, 0.15355205838627053, 0.19622569464627335, 0.16431032612163626, 0.16431032612163626, 0.19622569464627335, 0.19622569464627335, 0.19841587553424084, 0.19622569464627335, 0.22405915911387372, 0.19622569464627335, 0.19622569464627335, 0.19622569464627335, 0.16786255098328406, 0.19622569464627335, 0.19622569464627335, 0.15530582552598735, 0.018384263476810405, 0.1875127451358468, 0.1454657499493503, 0.19622569464627335, 0.19622569464627335, 0.19841587553424084, 0.19622569464627335, 0.19622569464627335, 0.19622569464627335, 0.1395108224305862, 0.14314747849117682, 0.16908686262750122, 0.19793943001261366, -1000000.0, 0.10500243491040566, 0.13663349587392268, 0.1369131733218745, 0.19622569464627335, 0.19622569464627335, -1000000.0, 0.19793943001261366, 0.19622569464627335, 0.19622569464627335, 0.19622569464627335, 0.0996519122926023, 0.19627898505863312, 0.15404414633732016, 0.19622569464627335, 0.19622569464627335, 0.19622569464627335, -0.027445377471633597, 0.1390407113460826, 0.16687747989643573, 0.15404414633732016, 0.19587164570389864, 0.19622569464627335, 0.22405915911387372, 0.19793943001261366, 0.1390407113460826, 0.19622569464627335, 0.19841587553424084, 0.19622569464627335, 0.1660372760039123, 0.19841587553424084, 0.19622569464627335, 0.19622569464627335, 0.20229875464553046, 0.1395108224305862, 0.19622569464627335, 0.1395108224305862, 0.19622569464627335, 0.19622569464627335, 0.007782725336294366, 0.19622569464627335, 0.16557000720541265, 0.19622569464627335, 0.19627898505863312, 0.19622569464627335, 0.19622569464627335, 0.19622569464627335, 0.13663349587392268, 0.19793943001261366, 0.19622569464627335, 0.19622569464627335, 0.15476193733739213, 0.19622569464627335, 0.19841587553424084, 0.19841587553424084, 0.19622569464627335, 0.13663349587392268, 0.19622569464627335, 0.15476193733739213, 0.007782725336294366, 0.018384263476810405, 0.19793943001261366, 0.19622569464627335, 0.19622569464627335, 0.19622569464627335, 0.19622569464627335, 0.19622569464627335, 0.19622569464627335, 0.19793943001261366, 0.1390407113460826, 0.14546104409442798, 0.19622569464627335, 0.15476193733739213, 0.19793943001261366, 0.018384263476810405, 0.13663349587392268, 0.19622569464627335, 0.19793943001261366, 0.15520266669427119, 0.19829933944670827, 0.19622569464627335, 0.19793943001261366, 0.19622569464627335, 0.17751408534598032, 0.1390407113460826, 0.19622569464627335, 0.1529850273224775, 0.018384263476810405, 0.19622569464627335, 0.14719379971097513, 0.19622569464627335, 0.19622569464627335, -0.028546912032758047, -1000000.0, 0.19622569464627335, 0.19622569464627335, 0.15598098020892393, 0.19622569464627335, 0.19364285126536895, 0.19364285126536895, 0.19622569464627335, 0.1395108224305862, 0.22405915911387372, 0.0996519122926023, 0.19622569464627335, 0.14813380112066948, 0.1395108224305862, 0.15625765370272976, 0.19793943001261366, 0.19622569464627335, 0.19622569464627335, 0.19622569464627335, 0.17297742073047986, 0.12760941952693, 0.018384263476810405, 0.16566556921755107, 0.13663349587392268, 0.13663349587392268, 0.14813380112066948, 0.19622569464627335, 0.19786702439731343, 0.19622569464627335, 0.0996519122926023, -0.09079354143022376, 0.19622569464627335, 0.0996519122926023, 0.19622569464627335, 0.19622569464627335, 0.19841587553424084, -0.028546912032758047, 0.17599650818612364, 0.19841587553424084, 0.19622569464627335, 0.19622569464627335, 0.19622569464627335, 0.19622569464627335, 0.19622569464627335, 0.14759716858971672, 0.15476193733739213, 0.01839696403665734, 0.19622569464627335, 0.13183952279685593, 0.15625765370272976, 0.15404414633732016, 0.16431032612163626, 0.1635846015958511, 0.14354616420926739, 0.19622569464627335, 0.14403649358929102, 0.15476193733739213, 0.18790467288986124, 0.19622569464627335, 0.19622569464627335, 0.18809331622407272, 0.19841587553424084, 0.19622569464627335, 0.19622569464627335, 0.19786702439731343, 0.19622569464627335, 0.19622569464627335, 0.16431032612163626, 0.19622569464627335, 0.22405915911387372, 0.19622569464627335, 0.19622569464627335, 0.22405915911387372, 0.22405915911387372, 0.018339567787212258, 0.18905252536089434, 0.19841587553424084, 0.1485661095338558, 0.19622569464627335, 0.19798050610561857, 0.19622569464627335, 0.18520700365507134, 0.19622569464627335, 0.19622569464627335, 0.19622569464627335, 0.19622569464627335, 0.19798050610561857, 0.19622569464627335, 0.027878018713648964, 0.19622569464627335, 0.15967812612487778, 0.19793943001261366, 0.19622569464627335, 0.19622569464627335, 0.19622569464627335, 0.19622569464627335, 0.19622569464627335, 0.1390407113460826, 0.19622569464627335, 0.016314382648102577, 0.19622569464627335, 0.15531560345692338, 0.1395108224305862, 0.16254543984703199, 0.18174034849876974, 0.15967812612487778, 0.19622569464627335, 0.19622569464627335, 0.19622569464627335, 0.19622569464627335, 0.19841587553424084, 0.19622569464627335, 0.19622569464627335, 0.1485661095338558, 0.19793943001261366, 0.18809331622407272, 0.19622569464627335, 0.19619100778533194, -0.057000630844343717, 0.19622569464627335, 0.004088270829594357, 0.19622569464627335, 0.15625765370272976, 0.19622569464627335, 0.19622569464627335, -1000000.0, 0.19798050610561857, 0.17762937565988515, 0.18075178652081347, 0.19622569464627335, 0.19364285126536895, 0.19622569464627335, 0.19622569464627335, 0.19622569464627335, 0.19622569464627335, 0.19622569464627335, 0.1629590333880508, 0.22405915911387372, 0.15301559579620264, 0.15476193733739213, 0.19622569464627335, 0.15773389326557213, 0.19622569464627335, 0.19622569464627335, 0.15625765370272976, 0.018339567787212258, 0.19622569464627335, -0.04262587205441366, 0.15625765370272976, 0.19622569464627335, 0.19622569464627335, 0.15625765370272976, 0.22405915911387372, 0.19798050610561857, 0.19622569464627335, 0.15625765370272976, 0.19622569464627335, 0.19622569464627335, 0.19622569464627335, 0.00459778517944148, 0.19841587553424084, 0.1395108224305862, 0.19622569464627335, 0.19622569464627335, 0.19622569464627335, 0.19798050610561857, 0.19841587553424084, 0.1523187239752949, 0.1395108224305862, 0.15476193733739213, 0.19793943001261366, 0.13663349587392268, 0.19622569464627335, 0.19622569464627335, 0.19622569464627335, 0.16431032612163626, 0.19622569464627335, 0.19622569464627335, 0.19622569464627335, 0.16254543984703199, 0.0996519122926023, 0.15625765370272976, 0.13663349587392268, 0.19622569464627335, 0.1395108224305862, 0.19622569464627335, 0.018384263476810405, 0.19625144848035295, 0.2239199353979084, 0.19622569464627335, 0.19622569464627335, 0.15476193733739213, 0.1781887087194433, 0.19622569464627335, 0.19622569464627335, 0.22405915911387372, 0.018384263476810405, 0.19622569464627335, 0.15625765370272976, 0.19622569464627335, 0.22405915911387372, 0.15520266669427119, 0.1647667793379212, 0.19622569464627335, 0.018384263476810405, 0.19622569464627335, 0.0996519122926023, 0.16796383581464944, 0.19622569464627335, 0.19622569464627335, 0.16431032612163626, 0.19622569464627335, 0.19841587553424084, 0.19622569464627335, 0.19622569464627335, 0.1395108224305862, 0.19841587553424084, 0.19622569464627335, 0.15625765370272976, 0.19622569464627335, 0.15530582552598735, 0.16566556921755107, 0.19622569464627335, 0.15476193733739213, 0.22405915911387372, 0.16908686262750122, 0.15625765370272976, 0.19622569464627335, 0.19622569464627335, 0.15520266669427119, 0.19622569464627335, 0.01521673415276339, 0.19793943001261366, 0.19622569464627335, 0.19622569464627335, 0.19622569464627335, 0.16431032612163626, 0.19622569464627335, 0.19622569464627335, 0.19622569464627335, 0.007782725336294366, 0.19622569464627335, 0.19622569464627335, 0.19622569464627335, 0.1393600147741214, 0.16908686262750122, 0.19622569464627335, 0.14176231104021328, 0.14103772937709166, 0.15625765370272976, 0.13663349587392268, 0.19622569464627335, 0.19786702439731343, 0.14783581427867362, 0.19841587553424084, 0.15476193733739213, 0.08076993706788257, 0.19622569464627335, 0.1395108224305862, 0.18790467288986124, 0.19622569464627335, 0.1523187239752949, 0.06713009326510701, 0.19622569464627335, 0.19622569464627335, 0.007782725336294366, 0.15625765370272976, -0.0005429681748553881, 0.0996519122926023, 0.007782725336294366, 0.19841587553424084, 0.14215306064245045, 0.007782725336294366]
Generation 3 starts.
final:  [0.16687747989643573, 0.19622569464627335, 0.22405915911387372, 0.13918465891644888, 0.19841587553424084, 0.20561997253269093, 0.22405915911387372, 0.19822484236059354, 0.16369755450430645, 0.19901791546845227, 0.19622569464627335, 0.19841587553424084, 0.16431032612163626, 0.22405915911387372, 0.19793943001261366, 0.22405915911387372, 0.19622569464627335, 0.22405915911387372, 0.1746877043272102, 0.19793943001261366, 0.16557000720541265, 0.15967812612487778, 0.19793943001261366, 0.19841587553424084, 0.22405915911387372, 0.22405915911387372, 0.16557000720541265, 0.1395108224305862, 0.22405915911387372, 0.19622569464627335, 0.19622569464627335, 0.19814346124901275, 0.19841587553424084, 0.1390407113460826, 0.21420890462930878, 0.22405915911387372, 0.22405915911387372, 0.1390407113460826, 0.22405915911387372, 0.1746877043272102, 0.1395108224305862, 0.19841587553424084, 0.19622569464627335, 0.007782725336294366, 0.19622569464627335, 0.19622569464627335, 0.22405915911387372, 0.19841587553424084, 0.14403649358929102, 0.19442315551600547, 0.22415368778636713, 0.19841587553424084, 0.22405915911387372, -0.047003202869673175, 0.15967812612487778, 0.19622569464627335, 0.19793943001261366, 0.17436101258938605, 0.19793943001261366, 0.22405915911387372, 0.22405915911387372, 0.19841587553424084, 0.19622569464627335, 0.19844779866042428, 0.18375751345662802, 0.1395108224305862, 0.19622569464627335, 0.011364884987136628, 0.19841587553424084, 0.1395108224305862, 0.19622569464627335, 0.19622569464627335, 0.19841587553424084, 0.22405915911387372, 0.12826991589294834, 0.18375751345662802, 0.19622569464627335, 0.19841587553424084, 0.19793943001261366, 0.19841587553424084, 0.19844779866042428, 0.22405915911387372, 0.19622569464627335, 0.13963548740792853, 0.18375751345662802, 0.19841587553424084, 0.01521673415276339, 0.007782725336294366, 0.1395108224305862, 0.13974397211695913, 0.20229875464553046, 0.19793943001261366, 0.19622569464627335, 0.19844779866042428, 0.19622569464627335, 0.18375751345662802, 0.19841587553424084, 0.22405915911387372, 0.19622569464627335, 0.14631479786095802, 0.22405915911387372, 0.22405915911387372, 0.19622569464627335, 0.15927769839791794, 0.19841587553424084, 0.19901031140956663, 0.22405915911387372, 0.19841587553424084, -0.08610933251615692, 0.19841587553424084, 0.16254543984703199, 0.19841587553424084, 0.19841587553424084, 0.1395108224305862, 0.22405915911387372, 0.19622569464627335, 0.15520266669427119, 0.19841587553424084, 0.19622569464627335, 0.2239199353979084, 0.22405915911387372, 0.19901791546845227, 0.19841587553424084, 0.1395108224305862, 0.22405915911387372, 0.18375751345662802, 0.19841587553424084, 0.19622569464627335, 0.18375751345662802, 0.15520266669427119, 0.19622569464627335, 0.22405915911387372, 0.22406792436131084, 0.19411356047485578, 0.19622569464627335, 0.22405915911387372, 0.22405915911387372, 0.19622569464627335, 0.19841587553424084, 0.19901791546845227, 0.22405915911387372, 0.19622569464627335, 0.22405915911387372, 0.22405915911387372, 0.1746877043272102, 0.19622569464627335, 0.22405915911387372, 0.018384263476810405, 0.19841587553424084, 0.19841587553424084, 0.22405915911387372, 0.018384263476810405, 0.19622569464627335, 0.19844779866042428, 0.15520266669427119, 0.14215306064245045, 0.018384263476810405, 0.22405915911387372, 0.15967812612487778, 0.19844779866042428, 0.1746877043272102, 0.18790467288986124, 0.1395108224305862, 0.12122586940942595, 0.22405915911387372, 0.19841587553424084, 0.19844779866042428, 0.22405915911387372, 0.19841587553424084, 0.19793943001261366, 0.19841587553424084, 0.19622569464627335, 0.19622569464627335, 0.22406211039320126, 0.19841587553424084, 0.22405915911387372, 0.19841587553424084, 0.15773389326557213, 0.22405915911387372, 0.1913652720998771, 0.1781887087194433, 0.19622569464627335, 0.19844779866042428, 0.22405915911387372, 0.19622569464627335, 0.19841587553424084, 0.19622569464627335, 0.19841587553424084, 0.016314382648102577, 0.22405915911387372, 0.19793943001261366, 0.18375751345662802, 0.19841587553424084, 0.19622569464627335, 0.18375751345662802, 0.016314382648102577, 0.19841587553424084, 0.19793943001261366, -0.05230782766695547, 0.0996519122926023, 0.19793943001261366, 0.19798050610561857, 0.19841587553424084, 0.16557000720541265, 0.19841587553424084, 0.15520266669427119, 0.22405915911387372, 0.22405915911387372, 0.22405915911387372, 0.18375751345662802, 0.19622569464627335, 0.19844779866042428, 0.15520266669427119, 0.19622569464627335, 0.19622569464627335, 0.19622569464627335, 0.15520266669427119, 0.013520437111929183, 0.18790467288986124, 0.22405915911387372, 0.19793943001261366, 0.19622569464627335, 0.22405915911387372, 0.19841587553424084, 0.17767492983278127, 0.018384263476810405, 0.011364884987136628, 0.18375751345662802, 0.19793943001261366, 0.22405915911387372, 0.19841587553424084, 0.018384263476810405, 0.22405915911387372, 0.22405915911387372, 0.19622569464627335, 0.018384263476810405, 0.19622569464627335, 0.19622569464627335, 0.19622569464627335, 0.22405915911387372, 0.15476193733739213, 0.22405915911387372, 0.15520266669427119, 0.1586049917437746, 0.19841587553424084, 0.19793943001261366, 0.19841587553424084, 0.19844779866042428, 0.22405915911387372, 0.018384263476810405, 0.16566556921755107, 0.15520266669427119, 0.19844779866042428, 0.19901791546845227, 0.0037135636137738365, 0.22405915911387372, 0.18375751345662802, 0.1746877043272102, 0.18375751345662802, 0.011364884987136628, 0.16371880065387728, 0.22405915911387372, 0.15773389326557213, 0.22405915911387372, 0.19841587553424084, 0.19622569464627335, 0.19844779866042428, -0.007165629513602367, 0.16371880065387728, 0.19622569464627335, 0.0007293092290381302, 0.22405915911387372, 0.018384263476810405, 0.19841587553424084, 0.19841587553424084, 0.1395108224305862, 0.19841587553424084, 0.19901791546845227, 0.19841587553424084, 0.18375751345662802, 0.15927769839791794, 0.1395108224305862, 0.19622569464627335, 0.22405915911387372, 0.15301559579620264, 0.15531560345692338, 0.19657545901529408, 0.19841587553424084, 0.19901791546845227, 0.15404414633732016, 0.18375751345662802, 0.22405915911387372, 0.19622569464627335, 0.22405915911387372, 0.19793943001261366, 0.18375751345662802, 0.19841587553424084, 0.19587164570389864, 0.19622569464627335, 0.22405915911387372, 0.19622569464627335, 0.22405915911387372, 0.19901791546845227, 0.19901791546845227, 0.19627898505863312, 0.15520266669427119, 0.15520266669427119, 0.1395108224305862, 0.19622569464627335, 0.19622569464627335, 0.19841587553424084, 0.19841587553424084, 0.22405915911387372, 0.19622569464627335, 0.22405915911387372, -0.00967961793698491, 0.1395108224305862, 0.19841587553424084, 0.19841587553424084, 0.19622569464627335, 0.016314382648102577, 0.19622569464627335, 0.17218101057997434, 0.22405915911387372, 0.18375751345662802, 0.19622569464627335, 0.19622569464627335, 0.19622569464627335, 0.22405915911387372, 0.16908686262750122, 0.19841587553424084, 0.15520266669427119, 0.1390407113460826, 0.19623331886097684, 0.19844779866042428, 0.19793943001261366, 0.09470935059175724, 0.1395108224305862, 0.19841587553424084, 0.21420890462930878, 0.22405915911387372, 0.19622569464627335, 0.15520266669427119, 0.19622569464627335, 0.19622569464627335, 0.19622569464627335, 0.002899641210270695, 0.15773389326557213, 0.14324362662367054, 0.018384263476810405, 0.18375751345662802, 0.22405915911387372, 0.22405915911387372, 0.18012605524322756, 0.22405915911387372, 0.19622569464627335, 0.19793943001261366, 0.19622569464627335, 0.19622569464627335, 0.19841587553424084, 0.19793943001261366, 0.22405915911387372, 0.19841587553424084, 0.19622569464627335, 0.19841587553424084, 0.15520266669427119, 0.19622569464627335, 0.1395108224305862, 0.22405915911387372, 0.19622569464627335, 0.19622569464627335, 0.19841587553424084, 0.22405915911387372, 0.19622569464627335, 0.22405915911387372, 0.1838947385751852, 0.024047551665675324, 0.19841587553424084, 0.19841587553424084, 0.19841587553424084, 0.22405915911387372, 0.19901791546845227, 0.19793943001261366, 0.19841587553424084, 0.22405915911387372, 0.14635944066322246, 0.22405915911387372, 0.15967812612487778, 0.19841587553424084, 0.19793943001261366, 0.018384263476810405, 0.19844779866042428, 0.22405915911387372, 0.19622569464627335, 0.1390407113460826, 0.19793943001261366, 0.19622569464627335, 0.22405915911387372, 0.018384263476810405, 0.16557000720541265, 0.22405915911387372, 0.19841587553424084, 0.22405915911387372, 0.19622569464627335, 0.19622569464627335, 0.01321998285767516, 0.19622569464627335, 0.19793943001261366, 0.15005390262759954, 0.18477853926910023, 0.19793943001261366, 0.19622569464627335, 0.16434020752857043, 0.16434020752857043, 0.19901791546845227, 0.15520266669427119, 0.12910554923960735, 0.19841587553424084, 0.1913652720998771, 0.19622569464627335, 0.22405915911387372, 0.19622569464627335, 0.19622569464627335, 0.19841587553424084, 0.19841587553424084, 0.19841587553424084, 0.19844779866042428, 0.19841587553424084, 0.19622569464627335, -0.06679827481568458, 0.19622569464627335, 0.19814346124901275, 0.18375751345662802, 0.19622569464627335, 0.19622569464627335, -1.5423138824620361e-06, 0.19841587553424084, 0.14731682333188248, 0.22405915911387372, 0.19841587553424084, 0.19793943001261366, 0.22405915911387372, 0.22405915911387372, 0.19793943001261366, 0.19975035083430076, 0.19793943001261366, 0.20229875464553046, 0.19793943001261366, 0.1395108224305862, 0.16434020752857043, 0.19844779866042428, 0.19793943001261366, 0.19844779866042428, 0.1390407113460826, 0.19793943001261366, 0.16371880065387728, 0.17767492983278127, 0.15404414633732016, 0.22405915911387372, 0.19844779866042428, -0.03849756836388102, 0.16557000720541265, 0.018384263476810405, 0.20229875464553046, 0.18790467288986124, 0.22405915911387372, 0.22405915911387372, 0.19622569464627335, 0.16557000720541265, 0.22405915911387372, 0.19622569464627335, 0.19844779866042428, 0.09470935059175724, 0.18375751345662802, 0.18375751345662802, 0.22405915911387372, 0.22405915911387372, 0.18790467288986124, 0.18375751345662802, 0.19841587553424084, 0.19622569464627335, 0.1369131733218745, 0.1655772112008314, 0.22405915911387372, 0.1395108224305862, 0.19622569464627335, 0.15301559579620264, 0.19841587553424084, 0.22405915911387372, 0.13663349587392268, 0.1381482030737239, 0.19622569464627335, 0.19786702439731343, 0.19622569464627335, 0.1395108224305862, 0.007782725336294366, 0.19622569464627335, 0.19622569464627335, 0.1395108224305862, 0.19793943001261366]
Generation 4 starts.
final:  [0.19844779866042428, 0.22405915911387372, 0.19622569464627335, 0.19844779866042428, 0.22405915911387372, 0.22405915911387372, 0.19622569464627335, 0.22405915911387372, 0.22405915911387372, 0.19844779866042428, 0.22405915911387372, 0.19622569464627335, 0.22405915911387372, 0.22405915911387372, 0.22405915911387372, 0.018009182061484323, 0.22405915911387372, 0.22405915911387372, 0.19622569464627335, 0.22405915911387372, 0.19622569464627335, 0.01912093879891517, 0.22405915911387372, 0.22405915911387372, 0.19622569464627335, 0.19622569464627335, 0.19844779866042428, 0.22405915911387372, 0.22405915911387372, 0.19622569464627335, 0.22405915911387372, 0.22405915911387372, 0.22405915911387372, 0.19622569464627335, 0.22405915911387372, 0.19622569464627335, 0.19622569464627335, 0.19622569464627335, 0.19844779866042428, 0.22405915911387372, 0.22405915911387372, 0.19622569464627335, 0.19844779866042428, 0.19844779866042428, 0.22405915911387372, 0.22405915911387372, 0.22405915911387372, 0.22405915911387372, 0.22405915911387372, 0.22405915911387372, 0.22405915911387372, 0.19844779866042428, 0.19622569464627335, 0.22405915911387372, 0.19622569464627335, 0.19622569464627335, 0.19622569464627335, 0.19844779866042428, 0.22405915911387372, 0.22405915911387372, 0.19622569464627335, 0.19622569464627335, 0.19844779866042428, 0.22405915911387372, 0.19622569464627335, 0.22405915911387372, 0.19622569464627335, 0.19622569464627335, 0.22405915911387372, 0.19622569464627335, 0.22405915911387372, 0.19844779866042428, 0.22405915911387372, 0.19844779866042428, 0.19622569464627335, 0.22405915911387372, 0.19622569464627335, 0.19622569464627335, 0.19622569464627335, 0.22405915911387372, 0.22405915911387372, 0.19844779866042428, 0.22405915911387372, 0.19844779866042428, 0.22405915911387372, 0.19622569464627335, 0.22405915911387372, 0.19844779866042428, 0.22405915911387372, 0.19844779866042428, 0.19622569464627335, 0.19844779866042428, 0.22405915911387372, 0.22405915911387372, 0.19622569464627335, 0.22405915911387372, 0.22405915911387372, 0.19622569464627335, 0.19844779866042428, 0.22405915911387372, 0.19622569464627335, 0.19622569464627335, 0.19844779866042428, 0.19622569464627335, 0.22405915911387372, 0.22405915911387372, 0.22405915911387372, 0.19844779866042428, 0.19622569464627335, 0.22405915911387372, 0.22405915911387372, 0.19622569464627335, 0.19622569464627335, 0.19844779866042428, 0.22405915911387372, 0.22405915911387372, 0.22405915911387372, 0.19844779866042428, 0.22405915911387372, 0.22405915911387372, 0.22405915911387372, 0.22405915911387372, 0.19844779866042428, 0.22405915911387372, 0.21420890462930878, 0.22405915911387372, 0.19844779866042428, 0.19844779866042428, 0.22405915911387372, 0.19622569464627335, 0.22405915911387372, 0.19622569464627335, 0.22405915911387372, 0.22405915911387372, 0.19622569464627335, 0.20229875464553046, 0.19844779866042428, 0.22405915911387372, 0.22405915911387372, 0.22405915911387372, 0.19622569464627335, 0.19844779866042428, 0.19622569464627335, 0.19844779866042428, 0.22405915911387372, 0.22405915911387372, 0.22405915911387372, 0.22405915911387372, 0.20229875464553046, 0.19622569464627335, 0.22405915911387372, 0.22405915911387372, 0.19844779866042428, 0.22405915911387372, 0.19622569464627335, 0.22405915911387372, 0.19844779866042428, 0.19844779866042428, 0.19844779866042428, 0.22405915911387372, 0.19622569464627335, 0.19622569464627335, 0.14403649358929102, 0.19622569464627335, 0.19844779866042428, 0.19622569464627335, 0.22405915911387372, 0.22405915911387372, 0.22405915911387372, 0.19622569464627335, 0.22405915911387372, 0.22405915911387372, 0.22405915911387372, 0.22405915911387372, 0.22405915911387372, 0.19844779866042428, 0.19622569464627335, 0.19622569464627335, 0.22405915911387372, 0.22405915911387372, 0.22405915911387372, 0.22405915911387372, 0.19622569464627335, 0.19844779866042428, 0.22405915911387372, 0.19844779866042428, 0.19622569464627335, 0.22405915911387372, 0.19622569464627335, 0.22405915911387372, 0.19622569464627335, 0.22405915911387372, 0.19841587553424084, 0.19844779866042428, 0.22405915911387372, 0.22405915911387372, 0.22405915911387372, 0.22405915911387372, 0.18375751345662802, 0.22405915911387372, 0.19622569464627335, 0.19844779866042428, -1000000.0, 0.22405915911387372, 0.22405915911387372, 0.22405915911387372, 0.22405915911387372, 0.22405915911387372, 0.19844779866042428, 0.19844779866042428, 0.22405915911387372, 0.19622569464627335, 0.19622569464627335, 0.19622569464627335, 0.19844779866042428, 0.19844779866042428, 0.19622569464627335, 0.22405915911387372, 0.19844779866042428, 0.22405915911387372, 0.19622569464627335, 0.19844779866042428, 0.19844779866042428, 0.19622569464627335, 0.22405915911387372, 0.19622569464627335, 0.22405915911387372, 0.22405915911387372, 0.19622569464627335, 0.22405915911387372, 0.19622569464627335, 0.22405915911387372, 0.22405915911387372, 0.19622569464627335, 0.22405915911387372, 0.19622569464627335, 0.22405915911387372, 0.22405915911387372, 0.19622569464627335, 0.19622569464627335, 0.22405915911387372, 0.19844779866042428, 0.19844779866042428, 0.22405915911387372, 0.22405915911387372, 0.19844779866042428, 0.22405915911387372, 0.22405915911387372, 0.22405915911387372, 0.22405915911387372, 0.22405915911387372, 0.19844779866042428, 0.22405915911387372, 0.19622569464627335, 0.22405915911387372, 0.22405915911387372, 0.22405915911387372, 0.22405915911387372, 0.22405915911387372, 0.19622569464627335, 0.19844779866042428, 0.19622569464627335, 0.22405915911387372, 0.19844779866042428, 0.19622569464627335, 0.22405915911387372, 0.19841587553424084, 0.19844779866042428, 0.22405915911387372, 0.22405915911387372, 0.19622569464627335, 0.22405915911387372, 0.22405915911387372, 0.19844779866042428, 0.22405915911387372, 0.22405915911387372, -1000000.0, 0.22405915911387372, 0.22405915911387372, 0.22405915911387372, 0.22405915911387372, 0.22405915911387372, 0.19622569464627335, 0.22405915911387372, 0.19622569464627335, 0.22405915911387372, 0.19844779866042428, 0.19622569464627335, 0.19841587553424084, 0.19844779866042428, 0.19844779866042428, 0.19844779866042428, -0.07830879561491941, 0.22405915911387372, 0.22405915911387372, 0.22405915911387372, 0.19622569464627335, 0.19844779866042428, 0.19844779866042428, 0.19622569464627335, 0.22405915911387372, 0.19841587553424084, 0.22405915911387372, 0.22405915911387372, 0.22405915911387372, 0.19622569464627335, 0.19622569464627335, 0.22405915911387372, 0.22405915911387372, 0.22405915911387372, 0.22405915911387372, 0.22405915911387372, 0.22405915911387372, 0.22405915911387372, 0.22405915911387372, 0.22405915911387372, 0.22405915911387372, 0.19622569464627335, 0.22405915911387372, 0.19844779866042428, 0.22405915911387372, 0.22405915911387372, 0.19822484236059354, 0.22405915911387372, 0.19622569464627335, 0.22405915911387372, 0.22405915911387372, 0.19844779866042428, 0.19622569464627335, 0.22405915911387372, 0.22405915911387372, 0.22405915911387372, 0.22405915911387372, 0.19622569464627335, 0.19844779866042428, 0.22405915911387372, 0.22405915911387372, 0.22405915911387372, 0.19622569464627335, 0.22405915911387372, 0.19622569464627335, 0.19622569464627335, 0.22405915911387372, 0.22405915911387372, 0.22405915911387372, 0.19841587553424084, 0.22405915911387372, 0.22405915911387372, 0.19844779866042428, 0.22405915911387372, 0.19844779866042428, 0.19844779866042428, 0.22405915911387372, 0.19622569464627335, 0.22405915911387372, 0.19622569464627335, 0.19622569464627335, 0.22405915911387372, 0.19844779866042428, 0.22405915911387372, 0.22405915911387372, 0.22405915911387372, 0.19901791546845227, 0.22405915911387372, 0.19622569464627335, 0.22405915911387372, 0.19844779866042428, 0.22405915911387372, 0.22405915911387372, 0.19844779866042428, 0.19844779866042428, 0.19622569464627335, 0.22405915911387372, -0.050615978793677616, 0.19844779866042428, 0.19622569464627335, 0.22405915911387372, 0.22405915911387372, 0.22405915911387372, 0.19844779866042428, 0.19844779866042428, 0.19844779866042428, 0.19844779866042428, 0.22405915911387372, 0.22405915911387372, 0.19622569464627335, 0.22405915911387372, 0.19622569464627335, 0.19844779866042428, 0.22405915911387372, 0.19622569464627335, 0.22405915911387372, 0.19622569464627335, 0.22405915911387372, 0.22405915911387372, 0.19844779866042428, 0.22405915911387372, 0.22405915911387372, 0.19622569464627335, 0.22405915911387372, 0.19622569464627335, 0.19844779866042428, 0.19844779866042428, 0.22405915911387372, 0.22405915911387372, 0.22405915911387372, 0.22405915911387372, 0.19844779866042428, 0.22405915911387372, 0.22405915911387372, 0.19622569464627335, 0.22405915911387372, 0.19844779866042428, 0.19844779866042428, 0.22405915911387372, 0.19844779866042428, 0.22405915911387372, 0.19622569464627335, 0.19622569464627335, 0.22405915911387372, 0.19844779866042428, 0.19622569464627335, 0.22405915911387372, 0.22405915911387372, 0.19622569464627335, 0.22405915911387372, 0.22405915911387372, 0.22405915911387372, 0.22405915911387372, 0.22405915911387372, 0.22405915911387372, 0.19622569464627335, 0.1390407113460826, 0.19844779866042428, 0.22405915911387372, 0.19622569464627335, 0.19622569464627335, 0.22405915911387372, 0.18375751345662802, 0.19844779866042428, 0.22405915911387372, 0.19844779866042428, 0.19844779866042428, 0.21420890462930878, 0.22405915911387372, 0.22405915911387372, 0.22405915911387372, 0.19844779866042428, 0.19844779866042428, 0.22405915911387372, 0.22405915911387372, 0.19622569464627335, 0.22405915911387372, 0.19622569464627335, 0.19844779866042428, 0.19622569464627335, 0.19622569464627335, 0.19844779866042428, 0.19844779866042428, 0.19622569464627335, 0.19622569464627335, 0.19844779866042428, 0.22405915911387372, 0.22405915911387372, 0.22405915911387372, 0.19844779866042428, 0.19622569464627335, 0.19622569464627335, 0.22405915911387372, 0.22405915911387372, 0.19844779866042428, 0.22405915911387372, 0.22405915911387372, 0.22405915911387372, 0.22405915911387372, 0.19622569464627335, 0.19844779866042428, 0.19622569464627335, 0.19622569464627335, 0.19622569464627335, 0.19844779866042428, 0.22405915911387372, 0.22405915911387372, 0.22405915911387372, 0.19844779866042428, 0.22405915911387372, 0.19844779866042428, 0.19622569464627335, 0.22405915911387372, 0.19622569464627335, 0.22405915911387372, 0.19844779866042428, 0.19844779866042428, 0.22405915911387372, 0.22405915911387372, 0.22405915911387372, 0.22405915911387372, 0.22405915911387372, 0.22405915911387372, 0.22405915911387372]
Generation 5 starts.
final:  [0.0031267267778273098, 0.22405915911387372, 0.22405915911387372, 0.22405915911387372, 0.22405915911387372, 0.19844779866042428, 0.22405915911387372, 0.22405915911387372, 0.22405915911387372, 0.22405915911387372, 0.22405915911387372, 0.22405915911387372, 0.22405915911387372, 0.22405915911387372, 0.19622569464627335, 0.22405915911387372, 0.22405915911387372, 0.19844779866042428, 0.22405915911387372, 0.19622569464627335, 0.22405915911387372, 0.19844779866042428, 0.22405915911387372, 0.19622569464627335, 0.19844779866042428, 0.19622569464627335, 0.19622569464627335, 0.22405915911387372, 0.19844779866042428, 0.19622569464627335, 0.19622569464627335, 0.22405915911387372, 0.19844779866042428, 0.19622569464627335, 0.22405915911387372, 0.19622569464627335, 0.19622569464627335, 0.060807233471742606, 0.19622569464627335, 0.19622569464627335, 0.22405915911387372, 0.19622569464627335, 0.22405915911387372, 0.22405915911387372, 0.22405915911387372, 0.19844779866042428, 0.22405915911387372, 0.19844779866042428, 0.19622569464627335, 0.19622569464627335, 0.22405915911387372, 0.22405915911387372, 0.22405915911387372, 0.22405915911387372, 0.22405915911387372, 0.22405915911387372, 0.19844779866042428, 0.22405915911387372, 0.22405915911387372, 0.19622569464627335, 0.22405915911387372, 0.19622569464627335, 0.22405915911387372, 0.19844779866042428, 0.22405915911387372, 0.22405915911387372, 0.22405915911387372, 0.19622569464627335, 0.19622569464627335, 0.22405915911387372, 0.22405915911387372, 0.19622569464627335, 0.22405915911387372, 0.19622569464627335, 0.22405915911387372, 0.19622569464627335, 0.22405915911387372, 0.19844779866042428, 0.22405915911387372, 0.22405915911387372, 0.22405915911387372, 0.19622569464627335, 0.19844779866042428, 0.19844779866042428, 0.19844779866042428, 0.22405915911387372, 0.19844779866042428, 0.19622569464627335, 0.19844779866042428, 0.19844779866042428, 0.22405915911387372, 0.22405915911387372, 0.22405915911387372, 0.22405915911387372, 0.22405915911387372, 0.22405915911387372, 0.19844779866042428, 0.22405915911387372, 0.19622569464627335, 0.19622569464627335, 0.22405915911387372, 0.22405915911387372, 0.22405915911387372, 0.22405915911387372, 0.22405915911387372, 0.22405915911387372, 0.19844779866042428, 0.22405915911387372, 0.22405915911387372, 0.19622569464627335, 0.22405915911387372, 0.22405915911387372, 0.22405915911387372, 0.19622569464627335, 0.22405915911387372, 0.19622569464627335, 0.22405915911387372, 0.19844779866042428, 0.19622569464627335, 0.19844779866042428, 0.11407857758801347, 0.22405915911387372, 0.22405915911387372, 0.22405915911387372, 0.19622569464627335, 0.22405915911387372, 0.19844779866042428, 0.22405915911387372, 0.22405915911387372, 0.22405915911387372, 0.19622569464627335, 0.19622569464627335, 0.22405915911387372, 0.22405915911387372, 0.22405915911387372, 0.19844779866042428, 0.19844779866042428, 0.19622569464627335, 0.19844779866042428, 0.19622569464627335, 0.19844779866042428, 0.22405915911387372, 0.22405915911387372, 0.22405915911387372, 0.22405915911387372, 0.22405915911387372, 0.22405915911387372, 0.19844779866042428, 0.22405915911387372, 0.19844779866042428, 0.22405915911387372, 0.19844779866042428, 0.22405915911387372, 0.19844779866042428, 0.19844779866042428, 0.19622569464627335, 0.19622569464627335, 0.19844779866042428, 0.19844779866042428, 0.22405915911387372, 0.22405915911387372, 0.19844779866042428, 0.22405915911387372, 0.22405915911387372, 0.22405915911387372, 0.19844779866042428, 0.22405915911387372, 0.19622569464627335, 0.19844779866042428, 0.22405915911387372, 0.22405915911387372, 0.22405915911387372, 0.19844779866042428, 0.19622569464627335, 0.22405915911387372, 0.19844779866042428, 0.22405915911387372, 0.19622569464627335, 0.19844779866042428, 0.22405915911387372, 0.22405915911387372, 0.19844779866042428, 0.19622569464627335, 0.22405915911387372, 0.19844779866042428, 0.19844779866042428, 0.19622569464627335, 0.22405915911387372, 0.19622569464627335, 0.19622569464627335, 0.22405915911387372, 0.19844779866042428, 0.22405915911387372, 0.22405915911387372, 0.22405915911387372, 0.19844779866042428, 0.19844779866042428, 0.19622569464627335, 0.19844779866042428, 0.22405915911387372, 0.22405915911387372, 0.22405915911387372, 0.22405915911387372, 0.22405915911387372, 0.22405915911387372, 0.22405915911387372, 0.22405915911387372, 0.19844779866042428, 0.19622569464627335, 0.22405915911387372, 0.19622569464627335, 0.22405915911387372, 0.22405915911387372, 0.22405915911387372, 0.22405915911387372, 0.22405915911387372, 0.22405915911387372, 0.19622569464627335, 0.19622569464627335, 0.22405915911387372, 0.19622569464627335, 0.19622569464627335, 0.22405915911387372, 0.22405915911387372, 0.22405915911387372, 0.22405915911387372, 0.22405915911387372, 0.22405915911387372, 0.19622569464627335, 0.19622569464627335, 0.19844779866042428, 0.22405915911387372, 0.22405915911387372, 0.19622569464627335, 0.22405915911387372, 0.19622569464627335, 0.22405915911387372, 0.19844779866042428, 0.19622569464627335, 0.19844779866042428, 0.19622569464627335, 0.19622569464627335, 0.22405915911387372, 0.19844779866042428, 0.19844779866042428, 0.19622569464627335, 0.22405915911387372, 0.22405915911387372, 0.19622569464627335, 0.19622569464627335, 0.22405915911387372, 0.22405915911387372, 0.22405915911387372, 0.22405915911387372, 0.19844779866042428, 0.22405915911387372, 0.22405915911387372, 0.22405915911387372, 0.19844779866042428, 0.22405915911387372, 0.08680804304466457, 0.22405915911387372, 0.22405915911387372, 0.22405915911387372, 0.19622569464627335, 0.19844779866042428, 0.19622569464627335, 0.19844779866042428, 0.19622569464627335, 0.19844779866042428, 0.22405915911387372, 0.22405915911387372, 0.22405915911387372, 0.22405915911387372, 0.19622569464627335, 0.22405915911387372, 0.22405915911387372, 0.19622569464627335, 0.22405915911387372, 0.22405915911387372, 0.19844779866042428, 0.22405915911387372, 0.19622569464627335, 0.22405915911387372, 0.22405915911387372, 0.22405915911387372, 0.19844779866042428, 0.22405915911387372, 0.22405915911387372, 0.22405915911387372, 0.19844779866042428, 0.22405915911387372, 0.22405915911387372, 0.22405915911387372, 0.22405915911387372, 0.22405915911387372, 0.22405915911387372, 0.19844779866042428, 0.22405915911387372, 0.19844779866042428, 0.22405915911387372, 0.19622569464627335, 0.19844779866042428, 0.19622569464627335, 0.19622569464627335, 0.22405915911387372, 0.19622569464627335, 0.19844779866042428, 0.19844779866042428, 0.22405915911387372, 0.19844779866042428, 0.19844779866042428, 0.22405915911387372, 0.22405915911387372, 0.19622569464627335, 0.19622569464627335, 0.19844779866042428, 0.22405915911387372, 0.22405915911387372, 0.19622569464627335, 0.22405915911387372, 0.19622569464627335, 0.22405915911387372, 0.19622569464627335, 0.19844779866042428, 0.19622569464627335, 0.22405915911387372, 0.19622569464627335, 0.19844779866042428, 0.19844779866042428, 0.22405915911387372, 0.19622569464627335, 0.19622569464627335, 0.22405915911387372, 0.22405915911387372, 0.19622569464627335, 0.19622569464627335, 0.19622569464627335, 0.19622569464627335, 0.22405915911387372, 0.19622569464627335, 0.22405915911387372, 0.22405915911387372, 0.19622569464627335, 0.19622569464627335, 0.19622569464627335, 0.22405915911387372, 0.22405915911387372, 0.19622569464627335, 0.22405915911387372, 0.22405915911387372, 0.22405915911387372, 0.19622569464627335, 0.19622569464627335, 0.22405915911387372, 0.19622569464627335, 0.19622569464627335, 0.22405915911387372, 0.22405915911387372, 0.19622569464627335, 0.22405915911387372, 0.19622569464627335, 0.22405915911387372, 0.19844779866042428, 0.22405915911387372, 0.22405915911387372, 0.22405915911387372, 0.19844779866042428, 0.22405915911387372, 0.22405915911387372, 0.19622569464627335, 0.22405915911387372, 0.22405915911387372, 0.22405915911387372, 0.22405915911387372, 0.22405915911387372, 0.19622569464627335, 0.19844779866042428, 0.22405915911387372, 0.22405915911387372, 0.22405915911387372, 0.19844779866042428, 0.19622569464627335, 0.22405915911387372, 0.22405915911387372, 0.19622569464627335, 0.22405915911387372, 0.19622569464627335, 0.19844779866042428, 0.22405915911387372, 0.22405915911387372, 0.22405915911387372, 0.19622569464627335, 0.22405915911387372, 0.22405915911387372, 0.22405915911387372, 0.22405915911387372, 0.22405915911387372, 0.19844779866042428, 0.19844779866042428, 0.19844779866042428, 0.19844779866042428, 0.19844779866042428, 0.22405915911387372, 0.19844779866042428, 0.22405915911387372, 0.19622569464627335, 0.22405915911387372, 0.19844779866042428, 0.22405915911387372, 0.22405915911387372, 0.19622569464627335, 0.19622569464627335, 0.19622569464627335, 0.22405915911387372, 0.19622569464627335, 0.22405915911387372, 0.19844779866042428, 0.19622569464627335, 0.19844779866042428, 0.19622569464627335, 0.19622569464627335, 0.22405915911387372, 0.22405915911387372, 0.22405915911387372, 0.22405915911387372, 0.19844779866042428, 0.22405915911387372, 0.22405915911387372, 0.19622569464627335, 0.22405915911387372, 0.22405915911387372, 0.22405915911387372, 0.22405915911387372, 0.19622569464627335, 0.22405915911387372, 0.22405915911387372, 0.19844779866042428, 0.22405915911387372, 0.22405915911387372, 0.19622569464627335, 0.19622569464627335, 0.22405915911387372, 0.19622569464627335, 0.19622569464627335, 0.22405915911387372, 0.19844779866042428, 0.22405915911387372, 0.22405915911387372, 0.19622569464627335, 0.22405915911387372, 0.19844779866042428, 0.19622569464627335, 0.19622569464627335, 0.22405915911387372, 0.22405915911387372, 0.22405915911387372, 0.22405915911387372, 0.19844779866042428, 0.22405915911387372, 0.22405915911387372, 0.22405915911387372, 0.19622569464627335, 0.22405915911387372, 0.22405915911387372, 0.19844779866042428, 0.22405915911387372, 0.19622569464627335, 0.19844779866042428, 0.19622569464627335, 0.22405915911387372, 0.19844779866042428, 0.19844779866042428, 0.22405915911387372, 0.22405915911387372, 0.22405915911387372, 0.19622569464627335, 0.22405915911387372, 0.22405915911387372, 0.19844779866042428, 0.22405915911387372, 0.22405915911387372, 0.22405915911387372, 0.22405915911387372, 0.19622569464627335, 0.19844779866042428, -1000000.0, 0.19844779866042428, 0.19844779866042428, 0.22405915911387372, 0.22405915911387372, 0.19622569464627335, 0.22405915911387372, 0.19622569464627335, 0.22405915911387372, 0.22405915911387372, 0.22405915911387372, 0.22405915911387372, 0.19844779866042428, 0.19622569464627335]
Generation 6 starts.
final:  [0.22405915911387372, 0.19622569464627335, 0.22405915911387372, 0.22405915911387372, 0.19844779866042428, 0.19844779866042428, 0.19844779866042428, 0.19622569464627335, 0.19844779866042428, 0.22405915911387372, 0.22405915911387372, 0.22405915911387372, 0.19622569464627335, 0.22405915911387372, 0.22405915911387372, 0.19844779866042428, 0.22405915911387372, 0.19844779866042428, 0.22405915911387372, 0.22405915911387372, 0.19844779866042428, 0.19844779866042428, 0.22405915911387372, 0.19622569464627335, 0.22405915911387372, 0.22405915911387372, 0.22405915911387372, 0.22405915911387372, 0.22405915911387372, 0.19844779866042428, 0.22405915911387372, 0.19622569464627335, 0.19622569464627335, 0.19844779866042428, 0.19844779866042428, 0.22405915911387372, 0.19844779866042428, 0.19622569464627335, 0.22405915911387372, 0.22405915911387372, 0.19844779866042428, 0.22405915911387372, 0.19622569464627335, 0.19622569464627335, 0.22405915911387372, 0.19844779866042428, 0.19844779866042428, 0.22405915911387372, 0.22405915911387372, 0.19622569464627335, 0.22405915911387372, 0.19622569464627335, 0.19844779866042428, 0.22405915911387372, 0.22405915911387372, 0.19844779866042428, 0.22405915911387372, 0.19844779866042428, 0.19844779866042428, 0.19622569464627335, 0.22405915911387372, 0.22405915911387372, 0.19622569464627335, 0.19844779866042428, 0.22405915911387372, 0.19844779866042428, 0.22405915911387372, 0.19622569464627335, 0.22405915911387372, 0.22405915911387372, 0.19844779866042428, 0.22405915911387372, 0.22405915911387372, 0.22405915911387372, 0.19844779866042428, 0.22405915911387372, 0.22405915911387372, 0.19844779866042428, 0.22405915911387372, 0.19622569464627335, 0.19622569464627335, 0.22405915911387372, 0.22405915911387372, 0.22405915911387372, 0.22405915911387372, 0.19844779866042428, 0.22405915911387372, 0.22405915911387372, 0.22405915911387372, 0.19622569464627335, 0.19844779866042428, 0.19844779866042428, 0.19622569464627335, 0.19622569464627335, 0.19622569464627335, 0.22405915911387372, 0.19622569464627335, 0.19622569464627335, 0.22405915911387372, 0.19622569464627335, 0.19844779866042428, 0.22405915911387372, 0.22405915911387372, 0.19622569464627335, 0.22405915911387372, 0.22405915911387372, 0.19844779866042428, 0.22405915911387372, 0.19844779866042428, 0.22405915911387372, 0.028362891039200512, 0.19844779866042428, 0.22405915911387372, 0.19844779866042428, 0.19844779866042428, 0.19622569464627335, 0.22405915911387372, 0.19844779866042428, 0.19622569464627335, 0.19844779866042428, 0.22405915911387372, 0.19622569464627335, 0.22405915911387372, 0.19622569464627335, 0.22405915911387372, 0.19622569464627335, 0.22405915911387372, 0.22405915911387372, 0.22405915911387372, 0.19844779866042428, 0.22405915911387372, -0.15980522372926523, 0.19622569464627335, 0.19844779866042428, 0.22405915911387372, 0.22405915911387372, 0.22405915911387372, 0.19844779866042428, 0.19844779866042428, 0.22405915911387372, 0.22405915911387372, 0.22405915911387372, 0.22405915911387372, 0.22405915911387372, 0.19844779866042428, 0.22405915911387372, 0.19622569464627335, 0.19844779866042428, 0.22405915911387372, 0.19844779866042428, 0.19844779866042428, 0.22405915911387372, 0.19622569464627335, 0.19844779866042428, 0.19844779866042428, 0.19844779866042428, 0.19844779866042428, 0.22405915911387372, 0.22405915911387372, 0.22405915911387372, 0.22405915911387372, 0.22405915911387372, 0.19622569464627335, 0.19844779866042428, 0.19622569464627335, 0.22405915911387372, 0.19622569464627335, 0.19844779866042428, 0.22405915911387372, 0.19622569464627335, 0.19844779866042428, 0.22405915911387372, 0.22405915911387372, 0.19844779866042428, 0.22405915911387372, 0.19844779866042428, 0.22405915911387372, 0.22405915911387372, 0.22405915911387372, 0.22405915911387372, 0.19844779866042428, 0.19844779866042428, 0.22405915911387372, 0.22405915911387372, 0.22405915911387372, 0.22405915911387372, 0.22405915911387372, 0.22405915911387372, 0.19622569464627335, 0.22405915911387372, 0.22405915911387372, 0.22405915911387372, 0.19622569464627335, 0.19622569464627335, 0.22405915911387372, 0.19622569464627335, 0.22405915911387372, 0.22405915911387372, 0.22405915911387372, 0.22405915911387372, 0.22405915911387372, 0.19622569464627335, 0.22405915911387372, 0.19844779866042428, 0.22405915911387372, 0.19622569464627335, 0.19622569464627335, 0.19844779866042428, 0.22405915911387372, 0.22405915911387372, 0.22405915911387372, 0.19844779866042428, 0.22405915911387372, 0.22405915911387372, 0.22405915911387372, 0.19622569464627335, 0.22405915911387372, 0.19844779866042428, 0.19622569464627335, 0.22405915911387372, 0.19622569464627335, 0.22405915911387372, 0.22405915911387372, 0.19844779866042428, 0.19622569464627335, 0.19622569464627335, 0.19844779866042428, 0.22405915911387372, 0.19844779866042428, 0.19622569464627335, 0.22405915911387372, 0.19844779866042428, 0.19622569464627335, 0.22405915911387372, 0.22405915911387372, 0.22405915911387372, 0.22405915911387372, 0.19622569464627335, 0.19844779866042428, 0.19622569464627335, 0.22405915911387372, 0.22405915911387372, 0.22405915911387372, 0.22405915911387372, 0.19844779866042428, 0.22405915911387372, 0.22405915911387372, 0.19622569464627335, 0.19844779866042428, 0.19622569464627335, 0.22405915911387372, 0.22405915911387372, 0.22405915911387372, 0.19844779866042428, 0.22405915911387372, 0.22405915911387372, 0.22405915911387372, 0.22405915911387372, 0.22405915911387372, 0.19844779866042428, 0.22405915911387372, 0.22405915911387372, 0.19844779866042428, 0.19844779866042428, 0.19844779866042428, 0.22405915911387372, 0.22405915911387372, 0.19844779866042428, 0.22405915911387372, 0.22405915911387372, 0.19622569464627335, 0.19622569464627335, 0.22405915911387372, 0.22405915911387372, 0.19844779866042428, 0.19844779866042428, 0.22405915911387372, 0.22405915911387372, 0.22405915911387372, 0.22405915911387372, 0.19622569464627335, 0.22405915911387372, 0.22405915911387372, 0.22405915911387372, 0.22405915911387372, 0.22405915911387372, 0.19844779866042428, 0.19844779866042428, 0.22405915911387372, 0.19844779866042428, 0.19622569464627335, 0.19622569464627335, 0.22405915911387372, 0.22405915911387372, 0.22405915911387372, 0.22405915911387372, 0.22405915911387372, 0.22405915911387372, 0.19844779866042428, 0.22405915911387372, 0.22405915911387372, 0.22405915911387372, 0.22405915911387372, 0.19622569464627335, 0.22405915911387372, 0.22405915911387372, 0.19622569464627335, 0.22405915911387372, 0.19622569464627335, 0.19622569464627335, 0.19844779866042428, 0.19622569464627335, 0.22405915911387372, 0.22405915911387372, 0.22405915911387372, 0.22405915911387372, 0.19622569464627335, 0.22405915911387372, 0.22405915911387372, 0.19622569464627335, 0.19622569464627335, 0.22405915911387372, 0.19622569464627335, 0.22405915911387372, 0.19622569464627335, 0.19622569464627335, 0.22405915911387372, 0.22405915911387372, 0.22405915911387372, 0.22405915911387372, 0.19844779866042428, 0.19622569464627335, 0.19844779866042428, 0.22405915911387372, 0.19844779866042428, 0.22405915911387372, 0.19622569464627335, 0.22405915911387372, 0.19622569464627335, 0.19844779866042428, 0.22405915911387372, 0.22405915911387372, 0.22405915911387372, 0.19844779866042428, 0.19622569464627335, 0.22405915911387372, 0.22405915911387372, 0.19622569464627335, 0.22405915911387372, 0.22405915911387372, 0.19622569464627335, 0.19844779866042428, 0.19844779866042428, 0.19622569464627335, 0.19844779866042428, 0.19622569464627335, 0.22405915911387372, 0.22405915911387372, 0.19844779866042428, 0.19844779866042428, 0.22405915911387372, 0.22405915911387372, 0.19844779866042428, 0.22405915911387372, 0.22405915911387372, 0.22405915911387372, 0.19622569464627335, 0.22405915911387372, 0.19622569464627335, 0.22405915911387372, 0.22405915911387372, 0.19622569464627335, 0.22405915911387372, 0.22405915911387372, 0.19622569464627335, 0.19622569464627335, 0.22405915911387372, 0.22405915911387372, 0.22405915911387372, 0.22405915911387372, 0.19622569464627335, 0.19622569464627335, 0.22405915911387372, 0.19622569464627335, 0.19622569464627335, 0.22405915911387372, 0.19622569464627335, 0.19622569464627335, 0.22405915911387372, 0.19622569464627335, 0.19622569464627335, 0.19844779866042428, 0.22405915911387372, 0.19844779866042428, 0.19622569464627335, 0.22405915911387372, 0.19844779866042428, 0.22405915911387372, 0.22405915911387372, 0.22405915911387372, 0.19844779866042428, 0.22405915911387372, 0.22405915911387372, 0.19622569464627335, 0.19622569464627335, 0.19622569464627335, 0.22405915911387372, 0.22405915911387372, 0.22405915911387372, 0.19622569464627335, 0.22405915911387372, 0.22405915911387372, 0.19622569464627335, 0.22405915911387372, 0.19622569464627335, 0.19844779866042428, 0.19622569464627335, 0.22405915911387372, 0.22405915911387372, 0.22405915911387372, 0.22405915911387372, 0.19844779866042428, 0.22405915911387372, 0.22405915911387372, 0.19622569464627335, 0.22405915911387372, -0.005709879243820653, 0.22405915911387372, 0.19844779866042428, 0.22405915911387372, 0.19622569464627335, 0.22405915911387372, 0.19844779866042428, 0.22405915911387372, 0.19844779866042428, 0.22405915911387372, 0.22405915911387372, 0.19844779866042428, 0.19844779866042428, 0.19622569464627335, 0.19622569464627335, 0.19622569464627335, 0.19844779866042428, 0.22405915911387372, 0.22405915911387372, 0.22405915911387372, 0.22405915911387372, 0.19622569464627335, 0.19844779866042428, 0.19622569464627335, 0.19622569464627335, 0.22405915911387372, 0.19844779866042428, 0.19622569464627335, 0.19622569464627335, 0.22405915911387372, 0.22405915911387372, 0.22405915911387372, 0.19844779866042428, 0.22405915911387372, 0.19844779866042428, 0.19844779866042428, 0.19622569464627335, 0.19844779866042428, 0.22405915911387372, 0.19844779866042428, 0.22405915911387372, 0.22405915911387372, 0.19844779866042428, 0.22405915911387372, 0.19844779866042428, 0.19844779866042428, 0.22405915911387372, 0.19844779866042428, 0.19622569464627335, 0.22405915911387372, 0.22405915911387372, 0.19844779866042428, 0.19622569464627335, 0.19622569464627335, 0.22405915911387372, 0.19622569464627335, 0.17210524353643575, 0.19622569464627335, 0.19622569464627335, 0.22405915911387372, 0.19844779866042428, 0.19622569464627335, 0.22405915911387372, 0.1523859082351685, 0.22405915911387372, 0.19622569464627335, 0.22405915911387372, 0.22405915911387372, 0.19844779866042428, 0.22405915911387372, 0.19622569464627335, 0.22405915911387372, 0.22405915911387372, 0.19844779866042428]
Generation 7 starts.
final:  [0.22405915911387372, 0.22405915911387372, 0.22405915911387372, 0.22405915911387372, 0.22405915911387372, 0.19844779866042428, 0.22405915911387372, 0.19622569464627335, 0.19844779866042428, 0.22405915911387372, 0.19844779866042428, 0.22405915911387372, 0.19622569464627335, 0.19622569464627335, 0.19844779866042428, 0.22405915911387372, 0.22405915911387372, 0.22405915911387372, 0.19844779866042428, 0.19622569464627335, 0.19622569464627335, 0.19844779866042428, 0.22405915911387372, 0.22405915911387372, 0.22405915911387372, 0.22405915911387372, 0.22405915911387372, 0.19844779866042428, 0.19844779866042428, 0.19844779866042428, 0.22405915911387372, 0.22405915911387372, 0.22405915911387372, 0.19622569464627335, 0.19622569464627335, 0.22405915911387372, 0.22405915911387372, 0.19622569464627335, 0.22405915911387372, 0.19622569464627335, 0.19844779866042428, 0.19622569464627335, 0.22405915911387372, 0.22405915911387372, 0.22405915911387372, 0.19622569464627335, 0.19622569464627335, 0.22405915911387372, 0.22405915911387372, 0.19844779866042428, 0.22405915911387372, 0.19844779866042428, 0.22405915911387372, 0.19622569464627335, 0.19622569464627335, 0.19844779866042428, 0.22405915911387372, 0.22405915911387372, 0.19844779866042428, 0.03069373689991089, 0.22405915911387372, 0.22405915911387372, 0.22405915911387372, 0.22405915911387372, 0.19844779866042428, 0.22405915911387372, 0.22405915911387372, 0.22405915911387372, 0.22405915911387372, 0.22405915911387372, 0.19622569464627335, 0.19844779866042428, 0.22405915911387372, 0.19844779866042428, 0.19622569464627335, 0.19844779866042428, 0.19622569464627335, 0.22405915911387372, 0.19622569464627335, 0.22405915911387372, 0.22405915911387372, 0.22405915911387372, 0.22405915911387372, 0.22405915911387372, 0.19622569464627335, 0.19844779866042428, 0.22405915911387372, 0.22405915911387372, 0.19844779866042428, 0.22405915911387372, 0.19622569464627335, 0.22405915911387372, 0.19622569464627335, 0.22405915911387372, 0.22405915911387372, 0.22405915911387372, 0.22405915911387372, 0.22405915911387372, 0.19844779866042428, 0.19844779866042428, 0.19844779866042428, 0.22405915911387372, 0.22405915911387372, 0.22405915911387372, 0.19622569464627335, 0.22405915911387372, 0.19622569464627335, 0.22405915911387372, 0.19622569464627335, 0.22405915911387372, 0.19622569464627335, 0.22405915911387372, 0.22405915911387372, 0.22405915911387372, 0.22405915911387372, 0.19844779866042428, 0.22405915911387372, 0.19844779866042428, 0.22405915911387372, 0.19844779866042428, 0.007758724980104555, 0.19844779866042428, 0.19844779866042428, 0.22405915911387372, 0.22405915911387372, 0.19622569464627335, 0.22405915911387372, 0.22405915911387372, 0.19844779866042428, 0.22405915911387372, 0.22405915911387372, 0.22405915911387372, 0.22405915911387372, 0.19844779866042428, 0.22405915911387372, 0.22405915911387372, 0.19844779866042428, 0.19622569464627335, 0.19844779866042428, 0.22405915911387372, 0.22405915911387372, 0.19844779866042428, 0.19844779866042428, 0.22405915911387372, 0.19844779866042428, 0.22405915911387372, 0.22405915911387372, 0.22405915911387372, 0.22405915911387372, 0.22405915911387372, 0.22405915911387372, 0.19622569464627335, 0.19844779866042428, 0.22405915911387372, 0.22405915911387372, 0.22405915911387372, 0.19844779866042428, 0.19844779866042428, 0.19622569464627335, 0.19844779866042428, 0.22405915911387372, 0.22405915911387372, 0.22405915911387372, 0.22405915911387372, 0.22405915911387372, 0.22405915911387372, 0.19844779866042428, 0.19622569464627335, 0.22405915911387372, 0.19844779866042428, 0.22405915911387372, 0.22405915911387372, 0.19622569464627335, 0.22405915911387372, 0.19622569464627335, 0.22405915911387372, 0.22405915911387372, 0.22405915911387372, 0.22405915911387372, 0.22405915911387372, 0.22405915911387372, 0.19844779866042428, 0.19622569464627335, 0.22405915911387372, 0.22405915911387372, 0.22405915911387372, 0.19622569464627335, 0.19844779866042428, 0.22405915911387372, 0.22405915911387372, 0.22405915911387372, 0.22405915911387372, 0.19622569464627335, 0.19622569464627335, 0.19622569464627335, 0.22405915911387372, 0.22405915911387372, 0.22405915911387372, 0.19622569464627335, 0.22405915911387372, 0.19622569464627335, 0.22405915911387372, 0.22405915911387372, 0.22405915911387372, 0.19844779866042428, 0.19622569464627335, 0.22405915911387372, 0.22405915911387372, 0.22405915911387372, 0.22405915911387372, 0.19622569464627335, 0.13289984725149823, 0.19844779866042428, 0.22405915911387372, 0.22405915911387372, 0.19844779866042428, 0.22405915911387372, 0.22405915911387372, 0.22405915911387372, 0.19622569464627335, 0.19844779866042428, 0.22405915911387372, 0.22405915911387372, 0.22405915911387372, 0.19622569464627335, 0.22405915911387372, 0.19622569464627335, 0.22405915911387372, 0.19844779866042428, 0.19622569464627335, 0.22405915911387372, 0.22405915911387372, 0.19622569464627335, 0.22405915911387372, 0.22405915911387372, 0.19622569464627335, 0.19622569464627335, 0.19622569464627335, 0.19844779866042428, 0.19844779866042428, 0.22405915911387372, 0.19622569464627335, 0.19622569464627335, 0.19622569464627335, 0.22405915911387372, 0.22405915911387372, 0.19622569464627335, 0.22405915911387372, 0.22405915911387372, 0.19844779866042428, 0.22405915911387372, 0.22405915911387372, 0.19622569464627335, 0.22405915911387372, 0.22405915911387372, 0.19622569464627335, 0.22405915911387372, 0.22405915911387372, 0.22405915911387372, 0.19622569464627335, 0.22405915911387372, 0.22405915911387372, 0.22405915911387372, 0.19622569464627335, 0.22405915911387372, 0.19844779866042428, 0.19622569464627335, 0.19622569464627335, 0.19622569464627335, 0.22405915911387372, 0.22405915911387372, 0.19622569464627335, 0.22405915911387372, 0.19844779866042428, 0.19844779866042428, 0.19622569464627335, 0.19844779866042428, 0.22405915911387372, 0.22405915911387372, 0.22405915911387372, 0.19622569464627335, 0.22405915911387372, 0.22405915911387372, 0.19844779866042428, 0.22405915911387372, 0.22405915911387372, 0.22405915911387372, 0.19844779866042428, 0.22405915911387372, 0.19622569464627335, 0.22405915911387372, 0.19844779866042428, 0.22405915911387372, 0.19844779866042428, 0.22405915911387372, 0.22405915911387372, 0.19844779866042428, 0.22405915911387372, 0.19622569464627335, 0.19844779866042428, 0.22405915911387372, 0.22405915911387372, 0.22405915911387372, 0.22405915911387372, 0.22405915911387372, 0.22405915911387372, 0.22405915911387372, 0.19622569464627335, 0.22405915911387372, 0.19622569464627335, 0.22405915911387372, 0.22405915911387372, 0.19844779866042428, 0.19844779866042428, 0.19622569464627335, 0.22405915911387372, 0.22405915911387372, 0.22405915911387372, 0.19841587553424084, 0.22405915911387372, 0.19622569464627335, 0.22405915911387372, 0.19844779866042428, 0.22405915911387372, 0.19622569464627335, 0.19622569464627335, 0.19622569464627335, 0.22405915911387372, 0.22405915911387372, 0.19622569464627335, 0.22405915911387372, 0.22405915911387372, 0.22405915911387372, 0.22405915911387372, 0.22405915911387372, 0.19622569464627335, 0.19844779866042428, 0.19622569464627335, 0.22405915911387372, 0.19622569464627335, 0.19844779866042428, 0.19622569464627335, 0.19622569464627335, 0.19844779866042428, 0.22405915911387372, 0.19844779866042428, 0.22405915911387372, 0.19622569464627335, 0.22405915911387372, 0.19844779866042428, 0.22405915911387372, 0.19622569464627335, 0.22405915911387372, 0.22405915911387372, 0.19844779866042428, 0.22405915911387372, 0.19622569464627335, 0.22405915911387372, 0.22405915911387372, 0.19622569464627335, 0.19622569464627335, 0.22405915911387372, 0.22405915911387372, 0.19622569464627335, 0.19622569464627335, 0.19844779866042428, 0.19622569464627335, 0.22405915911387372, 0.19622569464627335, 0.22405915911387372, 0.19622569464627335, 0.22405915911387372, 0.19622569464627335, 0.22405915911387372, 0.22405915911387372, 0.19844779866042428, 0.22405915911387372, 0.19622569464627335, 0.22405915911387372, 0.19844779866042428, 0.19622569464627335, 0.22405915911387372, 0.19844779866042428, 0.22405915911387372, 0.19622569464627335, 0.19844779866042428, 0.22405915911387372, 0.22405915911387372, 0.22405915911387372, 0.19844779866042428, 0.22405915911387372, 0.22405915911387372, 0.22405915911387372, 0.22405915911387372, 0.19844779866042428, 0.22405915911387372, 0.19844779866042428, 0.19622569464627335, 0.22405915911387372, 0.018339567787212258, 0.19844779866042428, 0.22405915911387372, 0.22405915911387372, 0.19622569464627335, 0.22405915911387372, 0.22405915911387372, 0.19844779866042428, 0.19622569464627335, 0.22405915911387372, 0.22405915911387372, 0.22405915911387372, 0.19622569464627335, 0.22405915911387372, 0.22405915911387372, 0.22405915911387372, 0.19844779866042428, 0.22405915911387372, 0.19844779866042428, 0.19844779866042428, 0.19844779866042428, 0.22405915911387372, 0.19622569464627335, 0.22405915911387372, 0.19622569464627335, 0.22405915911387372, 0.22405915911387372, 0.19622569464627335, 0.19844779866042428, 0.19622569464627335, 0.22405915911387372, 0.19622569464627335, 0.22405915911387372, 0.19622569464627335, 0.19622569464627335, 0.22405915911387372, 0.22405915911387372, 0.19622569464627335, 0.19844779866042428, 0.19844779866042428, 0.19622569464627335, 0.22405915911387372, 0.19622569464627335, 0.22405915911387372, 0.22405915911387372, 0.22405915911387372, 0.22405915911387372, 0.19622569464627335, 0.19622569464627335, 0.19622569464627335, 0.19844779866042428, 0.22405915911387372, 0.19844779866042428, 0.22405915911387372, 0.22405915911387372, 0.19622569464627335, 0.19622569464627335, 0.19844779866042428, 0.19622569464627335, 0.19844779866042428, 0.22405915911387372, 0.19622569464627335, 0.19622569464627335, 0.19844779866042428, 0.22405915911387372, 0.22405915911387372, 0.22405915911387372, 0.22405915911387372, 0.19844779866042428, 0.22405915911387372, 0.22405915911387372, 0.19622569464627335, 0.19844779866042428, 0.19622569464627335, 0.22405915911387372, 0.22405915911387372, 0.22405915911387372, 0.19844779866042428, 0.19622569464627335, 0.19844779866042428, 0.22405915911387372, 0.22405915911387372, 0.19622569464627335, 0.009934505636523842, 0.19622569464627335, 0.19622569464627335, 0.19622569464627335, 0.22405915911387372, 0.19622569464627335, 0.22405915911387372, 0.22405915911387372, 0.19844779866042428, 0.22405915911387372, 0.19622569464627335, 0.22405915911387372, 0.19844779866042428, 0.19844779866042428, 0.22405915911387372, 0.22405915911387372, 0.19844779866042428, 0.19844779866042428]
Generation 8 starts.
final:  [0.22405915911387372, 0.22405915911387372, 0.22405915911387372, 0.19622569464627335, 0.22405915911387372, 0.22405915911387372, 0.19622569464627335, 0.19622569464627335, 0.22405915911387372, 0.19622569464627335, 0.22405915911387372, 0.22405915911387372, 0.22405915911387372, 0.19622569464627335, 0.22405915911387372, 0.19622569464627335, 0.22405915911387372, 0.22405915911387372, 0.19844779866042428, 0.22405915911387372, 0.19844779866042428, 0.22405915911387372, 0.22405915911387372, 0.19844779866042428, 0.22405915911387372, 0.19844779866042428, 0.22405915911387372, 0.22405915911387372, 0.22405915911387372, 0.22405915911387372, 0.22405915911387372, 0.19844779866042428, 0.19622569464627335, 0.22405915911387372, 0.19622569464627335, 0.19622569464627335, 0.22405915911387372, 0.19622569464627335, 0.22405915911387372, 0.19844779866042428, 0.22405915911387372, 0.22405915911387372, 0.19844779866042428, 0.19622569464627335, 0.19844779866042428, 0.22405915911387372, 0.19844779866042428, 0.22405915911387372, 0.19844779866042428, 0.22405915911387372, 0.19622569464627335, 0.19622569464627335, 0.22405915911387372, 0.22405915911387372, 0.22405915911387372, 0.22405915911387372, 0.22405915911387372, 0.19844779866042428, 0.22405915911387372, 0.22405915911387372, 0.19622569464627335, 0.19622569464627335, 0.22405915911387372, 0.22405915911387372, 0.19622569464627335, 0.19844779866042428, 0.22405915911387372, 0.19844779866042428, 0.19844779866042428, 0.19622569464627335, 0.19622569464627335, 0.22405915911387372, 0.22405915911387372, 0.22405915911387372, 0.22405915911387372, 0.22405915911387372, 0.19844779866042428, 0.22405915911387372, 0.19622569464627335, 0.22405915911387372, 0.22405915911387372, 0.19844779866042428, 0.22405915911387372, 0.22405915911387372, 0.19844779866042428, 0.22405915911387372, 0.22405915911387372, 0.19622569464627335, 0.19622569464627335, 0.22405915911387372, 0.22405915911387372, 0.19622569464627335, 0.22405915911387372, 0.22405915911387372, 0.22405915911387372, 0.19622569464627335, 0.22405915911387372, 0.19622569464627335, 0.19844779866042428, 0.22405915911387372, 0.19622569464627335, 0.22405915911387372, 0.19844779866042428, 0.22405915911387372, 0.22405915911387372, 0.19622569464627335, 0.22405915911387372, 0.22405915911387372, 0.22405915911387372, 0.22405915911387372, 0.22405915911387372, 0.22405915911387372, 0.19622569464627335, 0.19844779866042428, 0.22405915911387372, 0.19844779866042428, 0.19622569464627335, 0.19844779866042428, 0.22405915911387372, 0.22405915911387372, 0.22405915911387372, 0.19622569464627335, 0.16469836714946012, 0.22405915911387372, 0.22405915911387372, -0.03540415063461638, 0.22405915911387372, 0.22405915911387372, 0.22405915911387372, 0.19844779866042428, 0.19844779866042428, 0.19622569464627335, 0.22405915911387372, 0.19844779866042428, 0.19844779866042428, 0.19622569464627335, 0.22405915911387372, 0.22405915911387372, 0.22405915911387372, 0.19622569464627335, 0.19622569464627335, 0.22405915911387372, 0.22405915911387372, 0.19844779866042428, 0.19844779866042428, 0.19622569464627335, 0.19622569464627335, 0.19622569464627335, 0.22405915911387372, 0.22405915911387372, 0.22405915911387372, 0.22405915911387372, 0.19844779866042428, 0.22405915911387372, 0.19622569464627335, 0.22405915911387372, 0.19844779866042428, 0.22405915911387372, 0.22405915911387372, 0.22405915911387372, 0.19622569464627335, 0.22405915911387372, 0.19622569464627335, 0.22405915911387372, 0.22405915911387372, 0.22405915911387372, 0.22405915911387372, 0.22405915911387372, 0.19844779866042428, 0.22405915911387372, 0.19844779866042428, 0.19622569464627335, 0.19844779866042428, 0.19844779866042428, 0.22405915911387372, 0.19622569464627335, 0.22405915911387372, 0.19622569464627335, 0.19844779866042428, 0.19622569464627335, 0.19622569464627335, 0.19622569464627335, 0.19844779866042428, 0.19844779866042428, 0.22405915911387372, 0.22405915911387372, 0.19622569464627335, 0.19622569464627335, 0.19622569464627335, 0.19622569464627335, 0.19844779866042428, 0.19844779866042428, 0.19844779866042428, 0.19622569464627335, 0.22405915911387372, 0.19844779866042428, 0.22405915911387372, 0.22405915911387372, 0.19844779866042428, 0.22405915911387372, 0.19844779866042428, 0.22405915911387372, 0.22405915911387372, 0.19844779866042428, 0.19844779866042428, 0.22405915911387372, 0.19622569464627335, 0.19622569464627335, 0.22405915911387372, 0.19622569464627335, 0.19844779866042428, 0.22405915911387372, 0.19844779866042428, 0.22405915911387372, 0.22405915911387372, 0.19622569464627335, 0.22405915911387372, 0.19844779866042428, 0.22405915911387372, 0.19622569464627335, 0.22405915911387372, 0.22405915911387372, 0.19844779866042428, 0.22405915911387372, 0.19622569464627335, 0.22405915911387372, 0.19622569464627335, 0.22405915911387372, 0.19844779866042428, 0.19622569464627335, 0.22405915911387372, 0.22405915911387372, 0.22405915911387372, 0.22405915911387372, 0.19622569464627335, 0.19622569464627335, 0.22405915911387372, 0.19622569464627335, 0.22405915911387372, 0.22405915911387372, 0.19622569464627335, 0.22405915911387372, 0.19844779866042428, 0.19622569464627335, 0.22405915911387372, 0.22405915911387372, 0.22405915911387372, 0.22405915911387372, 0.19844779866042428, 0.19844779866042428, 0.19844779866042428, 0.22405915911387372, 0.19844779866042428, 0.19622569464627335, 0.22405915911387372, 0.19622569464627335, 0.22405915911387372, 0.22405915911387372, 0.22405915911387372, 0.22405915911387372, 0.19622569464627335, 0.22405915911387372, 0.19844779866042428, 0.22405915911387372, 0.19622569464627335, 0.22405915911387372, 0.22405915911387372, 0.22405915911387372, 0.19622569464627335, 0.22405915911387372, 0.22405915911387372, 0.19622569464627335, 0.19622569464627335, 0.22405915911387372, 0.19622569464627335, 0.19622569464627335, 0.19622569464627335, 0.22405915911387372, 0.22405915911387372, 0.19622569464627335, 0.19844779866042428, 0.19844779866042428, 0.22405915911387372, 0.19844779866042428, 0.19622569464627335, 0.22405915911387372, 0.19844779866042428, 0.22405915911387372, 0.19844779866042428, 0.19844779866042428, 0.22405915911387372, 0.22405915911387372, 0.19622569464627335, 0.22405915911387372, 0.22405915911387372, 0.22405915911387372, 0.19622569464627335, 0.22405915911387372, 0.19622569464627335, 0.19844779866042428, 0.19844779866042428, 0.19844779866042428, 0.19844779866042428, 0.19844779866042428, 0.22405915911387372, 0.19844779866042428, 0.22405915911387372, 0.19622569464627335, 0.22405915911387372, 0.22405915911387372, 0.22405915911387372, 0.22405915911387372, 0.19844779866042428, 0.22405915911387372, 0.19844779866042428, 0.22405915911387372, 0.19844779866042428, 0.22405915911387372, 0.19622569464627335, 0.19622569464627335, 0.22405915911387372, 0.22405915911387372, 0.22405915911387372, 0.22405915911387372, 0.22405915911387372, 0.22405915911387372, 0.22405915911387372, 0.19844779866042428, 0.22405915911387372, 0.19622569464627335, 0.22405915911387372, 0.19844779866042428, 0.22405915911387372, 0.22405915911387372, 0.22405915911387372, 0.22405915911387372, 0.22405915911387372, 0.19844779866042428, 0.19622569464627335, 0.22405915911387372, 0.22405915911387372, 0.22405915911387372, 0.22405915911387372, 0.19844779866042428, 0.19622569464627335, 0.19844779866042428, 0.22405915911387372, 0.22405915911387372, 0.19622569464627335, 0.22405915911387372, 0.22405915911387372, 0.22405915911387372, 0.22405915911387372, 0.19622569464627335, 0.22405915911387372, 0.19622569464627335, 0.19844779866042428, 0.22405915911387372, 0.22405915911387372, 0.19622569464627335, 0.22405915911387372, 0.19622569464627335, 0.22405915911387372, 0.19844779866042428, 0.19844779866042428, 0.22405915911387372, 0.22405915911387372, 0.22405915911387372, 0.22405915911387372, 0.22405915911387372, 0.22405915911387372, 0.22405915911387372, 0.19622569464627335, 0.19622569464627335, 0.22405915911387372, 0.22405915911387372, 0.22405915911387372, 0.19622569464627335, 0.22405915911387372, 0.22405915911387372, 0.22405915911387372, 0.22405915911387372, 0.22405915911387372, 0.22405915911387372, 0.19844779866042428, 0.22405915911387372, 0.19844779866042428, 0.19844779866042428, 0.19622569464627335, 0.19844779866042428, 0.22405915911387372, 0.22405915911387372, 0.22405915911387372, 0.22405915911387372, 0.19622569464627335, 0.22405915911387372, 0.19622569464627335, 0.19844779866042428, 0.19622569464627335, 0.22405915911387372, 0.19844779866042428, 0.19844779866042428, 0.19622569464627335, 0.19844779866042428, 0.19622569464627335, 0.19622569464627335, 0.22405915911387372, 0.19622569464627335, 0.19844779866042428, 0.22405915911387372, 0.22405915911387372, 0.19844779866042428, 0.19844779866042428, 0.19622569464627335, 0.22405915911387372, 0.22405915911387372, 0.22405915911387372, 0.22405915911387372, 0.19622569464627335, 0.19622569464627335, 0.22405915911387372, 0.22405915911387372, 0.19622569464627335, 0.19844779866042428, 0.22405915911387372, 0.22405915911387372, 0.22405915911387372, 0.22405915911387372, 0.22405915911387372, 0.22405915911387372, 0.19844779866042428, 0.22405915911387372, 0.22405915911387372, 0.22405915911387372, 0.22405915911387372, 0.19622569464627335, 0.22405915911387372, 0.22405915911387372, 0.19622569464627335, 0.22405915911387372, 0.19844779866042428, 0.19622569464627335, 0.19622569464627335, 0.19844779866042428, 0.22405915911387372, 0.19844779866042428, 0.19844779866042428, 0.22405915911387372, 0.22405915911387372, 0.19622569464627335, 0.22405915911387372, 0.19844779866042428, 0.19844779866042428, 0.22405915911387372, 0.19622569464627335, 0.19844779866042428, 0.22405915911387372, 0.19622569464627335, 0.22405915911387372, 0.22405915911387372, 0.19844779866042428, 0.22405915911387372, 0.19622569464627335, 0.19622569464627335, 0.22405915911387372, 0.19622569464627335, 0.19622569464627335, 0.19622569464627335, 0.19844779866042428, 0.19622569464627335, 0.22405915911387372, 0.22405915911387372, 0.19622569464627335, 0.19622569464627335, 0.22405915911387372, 0.22405915911387372, 0.19844779866042428, 0.22405915911387372, 0.22405915911387372, 0.19622569464627335, 0.22405915911387372, 0.15279300040703994, 0.22405915911387372, 0.19622569464627335, 0.22405915911387372, 0.19622569464627335, 0.22405915911387372, 0.22405915911387372, 0.19622569464627335, 0.22405915911387372, 0.22405915911387372, 0.19844779866042428, 0.19844779866042428, 0.22405915911387372, 0.22405915911387372, 0.19844779866042428, 0.22405915911387372, 0.19622569464627335, 0.22405915911387372, 0.19622569464627335]
Generation 9 starts.
final:  [0.22405915911387372, 0.19622569464627335, 0.22405915911387372, 0.22405915911387372, 0.19622569464627335, 0.22405915911387372, 0.19622569464627335, 0.19844779866042428, 0.22405915911387372, 0.22405915911387372, 0.19844779866042428, 0.22405915911387372, 0.22405915911387372, 0.22405915911387372, 0.19622569464627335, 0.19844779866042428, 0.19622569464627335, 0.19844779866042428, 0.22405915911387372, 0.22405915911387372, 0.22405915911387372, 0.19622569464627335, 0.22405915911387372, 0.22405915911387372, 0.22405915911387372, 0.22405915911387372, 0.22405915911387372, 0.19622569464627335, 0.22405915911387372, 0.22405915911387372, 0.19622569464627335, 0.19622569464627335, 0.19844779866042428, 0.22405915911387372, 0.22405915911387372, 0.19622569464627335, 0.22405915911387372, 0.22405915911387372, 0.22405915911387372, 0.19622569464627335, 0.19622569464627335, 0.19622569464627335, 0.19844779866042428, 0.19622569464627335, 0.19622569464627335, 0.19622569464627335, 0.22405915911387372, 0.22405915911387372, 0.19622569464627335, 0.19844779866042428, 0.19622569464627335, 0.22405915911387372, 0.19622569464627335, 0.19622569464627335, 0.22405915911387372, 0.19844779866042428, 0.22405915911387372, 0.22405915911387372, 0.19622569464627335, -0.023933279850005044, 0.22405915911387372, 0.22405915911387372, 0.22405915911387372, 0.19844779866042428, 0.22405915911387372, 0.16469836714946012, 0.19844779866042428, 0.22405915911387372, 0.19844779866042428, 0.22405915911387372, 0.19622569464627335, 0.22405915911387372, 0.22405915911387372, 0.22405915911387372, 0.19844779866042428, 0.22405915911387372, 0.22405915911387372, 0.19622569464627335, 0.22405915911387372, 0.22405915911387372, 0.22405915911387372, 0.19622569464627335, 0.19622569464627335, 0.19622569464627335, 0.19622569464627335, 0.19844779866042428, 0.19622569464627335, 0.22405915911387372, 0.22405915911387372, 0.19622569464627335, 0.22405915911387372, 0.19844779866042428, 0.22405915911387372, 0.22405915911387372, 0.19844779866042428, 0.19622569464627335, 0.19844779866042428, 0.19844779866042428, -0.021745928523652723, 0.22405915911387372, 0.19622569464627335, 0.22405915911387372, 0.22405915911387372, 0.19622569464627335, 0.19622569464627335, 0.22405915911387372, 0.22405915911387372, 0.19844779866042428, 0.19844779866042428, 0.19844779866042428, 0.22405915911387372, 0.22405915911387372, 0.19622569464627335, 0.22405915911387372, 0.22405915911387372, 0.22405915911387372, 0.19844779866042428, 0.19844779866042428, 0.22405915911387372, 0.19844779866042428, 0.19844779866042428, 0.22405915911387372, 0.19622569464627335, 0.22405915911387372, 0.22405915911387372, 0.19844779866042428, 0.22405915911387372, 0.22405915911387372, 0.22405915911387372, 0.22405915911387372, 0.22405915911387372, 0.19844779866042428, 0.22405915911387372, 0.19844779866042428, 0.19622569464627335, 0.22405915911387372, 0.19844779866042428, 0.22405915911387372, 0.19622569464627335, 0.22405915911387372, 0.19844779866042428, 0.22405915911387372, 0.19622569464627335, 0.22405915911387372, 0.19844779866042428, 0.22405915911387372, 0.19844779866042428, 0.22405915911387372, 0.22405915911387372, 0.22405915911387372, 0.19622569464627335, 0.22405915911387372, 0.19622569464627335, 0.22405915911387372, 0.19622569464627335, 0.22405915911387372, 0.22405915911387372, 0.22405915911387372, 0.19622569464627335, 0.22405915911387372, 0.19622569464627335, 0.19622569464627335, 0.22405915911387372, 0.22405915911387372, 0.22405915911387372, 0.22405915911387372, 0.22405915911387372, 0.19622569464627335, 0.22405915911387372, 0.19622569464627335, 0.22405915911387372, 0.19622569464627335, 0.19844779866042428, 0.19844779866042428, 0.22405915911387372, 0.22405915911387372, 0.22405915911387372, 0.22405915911387372, 0.22405915911387372, 0.19622569464627335, 0.19844779866042428, 0.22405915911387372, 0.22405915911387372, 0.22405915911387372, 0.19622569464627335, 0.22405915911387372, 0.22405915911387372, 0.19622569464627335, 0.22405915911387372, 0.19844779866042428, 0.19622569464627335, 0.19622569464627335, 0.22405915911387372, 0.22405915911387372, 0.19844779866042428, 0.19622569464627335, 0.19622569464627335, 0.22405915911387372, 0.19844779866042428, 0.19844779866042428, 0.22405915911387372, 0.22405915911387372, 0.22405915911387372, 0.22405915911387372, 0.22405915911387372, 0.19844779866042428, 0.22405915911387372, 0.19622569464627335, 0.19622569464627335, 0.19622569464627335, 0.22405915911387372, 0.22405915911387372, 0.22405915911387372, 0.19844779866042428, 0.19622569464627335, 0.22405915911387372, 0.19622569464627335, 0.22405915911387372, 0.22405915911387372, 0.19622569464627335, 0.19844779866042428, 0.19844779866042428, 0.19622569464627335, 0.19622569464627335, 0.22405915911387372, 0.19622569464627335, 0.19622569464627335, 0.19622569464627335, 0.22405915911387372, 0.09718131389306095, 0.22405915911387372, 0.19844779866042428, 0.22405915911387372, 0.22405915911387372, 0.19622569464627335, 0.22405915911387372, 0.19844779866042428, 0.22405915911387372, 0.22405915911387372, 0.19622569464627335, 0.22405915911387372, 0.19622569464627335, 0.22405915911387372, 0.22405915911387372, 0.19622569464627335, 0.22405915911387372, 0.22405915911387372, 0.19844779866042428, 0.19622569464627335, 0.22405915911387372, 0.19622569464627335, 0.19844779866042428, 0.22405915911387372, 0.22405915911387372, 0.19622569464627335, 0.19622569464627335, 0.19622569464627335, 0.22405915911387372, 0.19844779866042428, 0.22405915911387372, 0.22405915911387372, 0.22405915911387372, 0.19622569464627335, 0.22405915911387372, 0.19622569464627335, 0.22405915911387372, 0.22405915911387372, 0.22405915911387372, 0.19622569464627335, 0.22405915911387372, 0.19844779866042428, 0.22405915911387372, 0.19622569464627335, 0.19622569464627335, 0.19844779866042428, 0.22405915911387372, 0.22405915911387372, 0.19622569464627335, 0.22405915911387372, 0.19844779866042428, 0.22405915911387372, 0.22405915911387372, 0.22405915911387372, 0.22405915911387372, 0.19622569464627335, 0.22405915911387372, 0.22405915911387372, 0.22405915911387372, 0.19844779866042428, 0.22405915911387372, 0.22405915911387372, 0.22405915911387372, 0.22405915911387372, 0.19622569464627335, 0.19622569464627335, 0.19844779866042428, 0.22405915911387372, 0.19622569464627335, 0.22405915911387372, 0.19844779866042428, 0.19622569464627335, 0.22405915911387372, 0.22405915911387372, 0.22405915911387372, 0.22405915911387372, 0.19622569464627335, 0.22405915911387372, 0.22405915911387372, 0.19622569464627335, 0.19622569464627335, 0.22405915911387372, 0.19622569464627335, 0.22405915911387372, 0.19622569464627335, 0.22405915911387372, 0.19844779866042428, 0.22405915911387372, 0.19622569464627335, 0.19844779866042428, 0.22405915911387372, 0.19844779866042428, 0.19844779866042428, 0.19844779866042428, 0.22405915911387372, 0.19844779866042428, 0.19844779866042428, 0.22405915911387372, 0.19622569464627335, 0.19844779866042428, 0.19622569464627335, 0.19622569464627335, 0.22405915911387372, 0.22405915911387372, 0.22405915911387372, 0.19844779866042428, 0.22405915911387372, 0.19844779866042428, 0.19844779866042428, 0.22405915911387372, 0.19622569464627335, 0.19622569464627335, 0.22405915911387372, 0.22405915911387372, 0.19622569464627335, 0.22405915911387372, 0.19844779866042428, 0.19844779866042428, 0.22405915911387372, 0.22405915911387372, 0.19622569464627335, 0.19622569464627335, 0.22405915911387372, 0.19622569464627335, 0.22405915911387372, 0.19844779866042428, 0.22405915911387372, 0.22405915911387372, 0.22405915911387372, 0.22405915911387372, 0.22405915911387372, 0.22405915911387372, 0.19622569464627335, 0.19844779866042428, 0.19844779866042428, 0.22405915911387372, 0.22405915911387372, 0.22405915911387372, 0.22405915911387372, 0.19844779866042428, 0.22405915911387372, 0.22405915911387372, 0.19844779866042428, 0.22405915911387372, 0.22405915911387372, 0.22405915911387372, 0.22405915911387372, 0.22405915911387372, 0.22405915911387372, 0.22405915911387372, 0.22405915911387372, 0.19844779866042428, 0.22405915911387372, 0.19844779866042428, 0.19622569464627335, 0.22405915911387372, 0.22405915911387372, 0.19622569464627335, 0.19622569464627335, 0.22405915911387372, 0.19844779866042428, 0.22405915911387372, 0.22405915911387372, 0.22405915911387372, 0.19844779866042428, 0.22405915911387372, 0.22405915911387372, 0.22405915911387372, 0.19622569464627335, 0.22405915911387372, 0.19622569464627335, 0.19622569464627335, 0.22405915911387372, 0.19622569464627335, 0.22405915911387372, 0.22405915911387372, 0.19622569464627335, 0.19844779866042428, 0.22405915911387372, 0.19622569464627335, 0.19622569464627335, 0.22405915911387372, 0.22405915911387372, 0.19622569464627335, 0.22405915911387372, 0.19844779866042428, 0.22405915911387372, 0.22405915911387372, 0.22405915911387372, 0.22405915911387372, 0.22405915911387372, 0.22405915911387372, 0.22405915911387372, 0.19622569464627335, 0.19844779866042428, 0.22405915911387372, 0.22405915911387372, 0.22405915911387372, 0.22405915911387372, 0.19622569464627335, 0.22405915911387372, 0.016322890208888493, 0.19622569464627335, 0.19844779866042428, 0.22405915911387372, 0.19844779866042428, 0.19844779866042428, 0.19844779866042428, 0.19622569464627335, 0.19622569464627335, 0.19622569464627335, 0.22405915911387372, 0.22405915911387372, 0.19622569464627335, 0.22405915911387372, 0.22405915911387372, 0.22405915911387372, 0.22405915911387372, 0.22405915911387372, 0.22405915911387372, 0.22405915911387372, 0.22405915911387372, 0.19622569464627335, 0.22405915911387372, 0.19844779866042428, 0.22405915911387372, 0.22405915911387372, 0.22405915911387372, 0.22405915911387372, 0.22405915911387372, 0.19844779866042428, 0.22405915911387372, 0.22405915911387372, 0.22405915911387372, 0.19844779866042428, 0.22405915911387372, 0.19844779866042428, 0.22405915911387372, 0.22405915911387372, 0.22405915911387372, 0.22405915911387372, 0.22405915911387372, 0.19844779866042428, 0.22405915911387372, 0.19844779866042428, 0.19844779866042428, 0.22405915911387372, 0.19844779866042428, 0.22405915911387372, 0.22405915911387372, 0.19844779866042428, 0.19622569464627335, 0.22405915911387372, 0.22405915911387372, 0.22405915911387372, 0.19622569464627335, 0.22405915911387372, 0.22405915911387372, 0.19622569464627335, 0.19844779866042428, 0.22405915911387372, 0.22405915911387372, 0.19622569464627335, 0.22405915911387372, 0.19622569464627335, 0.22405915911387372, 0.22405915911387372, 0.19622569464627335, 0.19622569464627335, 0.22405915911387372, 0.22405915911387372]
[vanilla_v2] fixed HOF: {'hof_mode': 'fixed', 'n_input': 500, 'n_dedup_removed': 489, 'n_unique': 11, 'n_top': 11, 'n_signal_failed': 0, 'decorr_degenerate_pairs': 0, 'n_decorr_removed': 1, 'decorr_max_abs_corr_final': 0.9693037292184763}
                           formula  raw_fitness  validity_pass
         Max(Std($volume, 64), 30)     0.224059           True
         Max(Var($volume, 64), 30)     0.224059           True
Max(Max(Var($volume, 64), 30), 30)     0.198448           True
                  Std($volume, 64)     0.196226           True
                  Var($volume, 64)     0.196226           True
         Max(EMA($volume, 64), 30)     0.164698           True
       Max(Min($adjclose, 64), 30)     0.097181           True
            Max(Ref($high, 5), 30)     0.016323           True
                  Slope($open, 64)    -0.021746           True
         Max(Var($change, 64), 30)    -0.023933           True
[vanilla_v2] fit 3574.5s budget={'candidates_budget': 5000, 'total_evaluations': 5000, 'unique_evaluations': 912, 'memo_hits': 3878, 'wall_clock_seconds': 3574.507400006056, 'panel_setup_seconds': 67.02111824601889}
[vanilla_v2] outputs → /gpfs/home1/sku07891/00.hojin/AlphaEval/AlphaSearchBench/gplearn_asb/out/v2_csi800_fbfit_c2a3_lexicap_500x10_s0
C2A3_DONE rc=0
