C2A_CONFIG=configs/v2/c2a/p250_s0.yaml
[845392:MainThread](2026-08-19 18:45:11,682) INFO - qlib.Initialization - [config.py:415] - default_conf: client.
[845392:MainThread](2026-08-19 18:45:12,485) INFO - qlib.Initialization - [__init__.py:74] - qlib successfully initialized based on client settings.
[845392:MainThread](2026-08-19 18:45:12,485) INFO - qlib.Initialization - [__init__.py:76] - data_path={'__DEFAULT_FREQ': PosixPath('/gpfs/home1/sku07891/00.hojin/QuantaAlpha/data/qlib/cn_data')}
[vanilla_v2] market=csi800 window=2015-01-01..2021-12-31 budget=5000 pop=250 gens=20 fitness=fb_fitness seed=0
[vanilla_v2] panel ready 64.5s (universe_hash=132b21e88e0f7027)
/home1/sku07891/miniconda3/envs/AlphaEval38/lib/python3.8/site-packages/pandas/core/window/rolling.py:655: RuntimeWarning: All-NaN slice encountered
  return func(x, start, end, min_periods, *numba_args)
/home1/sku07891/miniconda3/envs/AlphaEval38/lib/python3.8/site-packages/pandas/core/window/rolling.py:655: RuntimeWarning: All-NaN slice encountered
  return func(x, start, end, min_periods, *numba_args)
/home1/sku07891/miniconda3/envs/AlphaEval38/lib/python3.8/site-packages/pandas/core/window/rolling.py:655: RuntimeWarning: All-NaN slice encountered
  return func(x, start, end, min_periods, *numba_args)
/gpfs/home1/sku07891/00.hojin/AlphaEval/AlphaSearchBench/alphasearchbench/data/qlib_provider.py:249: RuntimeWarning: overflow encountered in cast
  out = res.astype(np.float32)[s - off:e - off]
/home1/sku07891/miniconda3/envs/AlphaEval38/lib/python3.8/site-packages/pandas/core/window/rolling.py:655: RuntimeWarning: All-NaN slice encountered
  return func(x, start, end, min_periods, *numba_args)
/home1/sku07891/miniconda3/envs/AlphaEval38/lib/python3.8/site-packages/pandas/core/window/rolling.py:655: RuntimeWarning: All-NaN slice encountered
  return func(x, start, end, min_periods, *numba_args)
/home1/sku07891/miniconda3/envs/AlphaEval38/lib/python3.8/site-packages/pandas/core/window/rolling.py:655: RuntimeWarning: All-NaN slice encountered
  return func(x, start, end, min_periods, *numba_args)
/gpfs/home1/sku07891/00.hojin/AlphaEval/AlphaSearchBench/alphasearchbench/data/qlib_provider.py:249: RuntimeWarning: overflow encountered in cast
  out = res.astype(np.float32)[s - off:e - off]
/home1/sku07891/miniconda3/envs/AlphaEval38/lib/python3.8/site-packages/pandas/core/window/rolling.py:655: RuntimeWarning: All-NaN slice encountered
  return func(x, start, end, min_periods, *numba_args)
/gpfs/home1/sku07891/00.hojin/AlphaEval/AlphaSearchBench/alphasearchbench/data/qlib_provider.py:249: RuntimeWarning: overflow encountered in cast
  out = res.astype(np.float32)[s - off:e - off]
/home1/sku07891/miniconda3/envs/AlphaEval38/lib/python3.8/site-packages/pandas/core/window/rolling.py:655: RuntimeWarning: All-NaN slice encountered
  return func(x, start, end, min_periods, *numba_args)
/home1/sku07891/miniconda3/envs/AlphaEval38/lib/python3.8/site-packages/pandas/core/window/rolling.py:655: RuntimeWarning: All-NaN slice encountered
  return func(x, start, end, min_periods, *numba_args)
/home1/sku07891/miniconda3/envs/AlphaEval38/lib/python3.8/site-packages/pandas/core/window/rolling.py:655: RuntimeWarning: All-NaN slice encountered
  return func(x, start, end, min_periods, *numba_args)
/home1/sku07891/miniconda3/envs/AlphaEval38/lib/python3.8/site-packages/pandas/core/window/rolling.py:655: RuntimeWarning: All-NaN slice encountered
  return func(x, start, end, min_periods, *numba_args)
/gpfs/home1/sku07891/00.hojin/AlphaEval/AlphaSearchBench/alphasearchbench/data/qlib_provider.py:249: RuntimeWarning: overflow encountered in cast
  out = res.astype(np.float32)[s - off:e - off]
/home1/sku07891/miniconda3/envs/AlphaEval38/lib/python3.8/site-packages/pandas/core/window/rolling.py:655: RuntimeWarning: All-NaN slice encountered
  return func(x, start, end, min_periods, *numba_args)
/home1/sku07891/miniconda3/envs/AlphaEval38/lib/python3.8/site-packages/pandas/core/window/rolling.py:655: RuntimeWarning: All-NaN slice encountered
  return func(x, start, end, min_periods, *numba_args)
/home1/sku07891/miniconda3/envs/AlphaEval38/lib/python3.8/site-packages/pandas/core/window/rolling.py:655: RuntimeWarning: All-NaN slice encountered
  return func(x, start, end, min_periods, *numba_args)
/home1/sku07891/miniconda3/envs/AlphaEval38/lib/python3.8/site-packages/pandas/core/window/rolling.py:655: RuntimeWarning: All-NaN slice encountered
  return func(x, start, end, min_periods, *numba_args)
/home1/sku07891/miniconda3/envs/AlphaEval38/lib/python3.8/site-packages/pandas/core/window/rolling.py:655: RuntimeWarning: All-NaN slice encountered
  return func(x, start, end, min_periods, *numba_args)
/home1/sku07891/miniconda3/envs/AlphaEval38/lib/python3.8/site-packages/pandas/core/window/rolling.py:655: RuntimeWarning: All-NaN slice encountered
  return func(x, start, end, min_periods, *numba_args)
/home1/sku07891/miniconda3/envs/AlphaEval38/lib/python3.8/site-packages/pandas/core/window/rolling.py:655: RuntimeWarning: All-NaN slice encountered
  return func(x, start, end, min_periods, *numba_args)
/home1/sku07891/miniconda3/envs/AlphaEval38/lib/python3.8/site-packages/pandas/core/window/rolling.py:655: RuntimeWarning: All-NaN slice encountered
  return func(x, start, end, min_periods, *numba_args)
/home1/sku07891/miniconda3/envs/AlphaEval38/lib/python3.8/site-packages/pandas/core/window/rolling.py:655: RuntimeWarning: All-NaN slice encountered
  return func(x, start, end, min_periods, *numba_args)
/home1/sku07891/miniconda3/envs/AlphaEval38/lib/python3.8/site-packages/pandas/core/window/rolling.py:655: RuntimeWarning: All-NaN slice encountered
  return func(x, start, end, min_periods, *numba_args)
/gpfs/home1/sku07891/00.hojin/AlphaEval/AlphaSearchBench/alphasearchbench/data/qlib_provider.py:249: RuntimeWarning: overflow encountered in cast
  out = res.astype(np.float32)[s - off:e - off]
/home1/sku07891/miniconda3/envs/AlphaEval38/lib/python3.8/site-packages/pandas/core/window/rolling.py:655: RuntimeWarning: All-NaN slice encountered
  return func(x, start, end, min_periods, *numba_args)
/home1/sku07891/miniconda3/envs/AlphaEval38/lib/python3.8/site-packages/pandas/core/window/rolling.py:655: RuntimeWarning: All-NaN slice encountered
  return func(x, start, end, min_periods, *numba_args)
/gpfs/home1/sku07891/00.hojin/AlphaEval/AlphaSearchBench/alphasearchbench/data/qlib_provider.py:249: RuntimeWarning: overflow encountered in cast
  out = res.astype(np.float32)[s - off:e - off]
/home1/sku07891/miniconda3/envs/AlphaEval38/lib/python3.8/site-packages/pandas/core/window/rolling.py:655: RuntimeWarning: All-NaN slice encountered
  return func(x, start, end, min_periods, *numba_args)
/home1/sku07891/miniconda3/envs/AlphaEval38/lib/python3.8/site-packages/pandas/core/window/rolling.py:655: RuntimeWarning: All-NaN slice encountered
  return func(x, start, end, min_periods, *numba_args)
/home1/sku07891/miniconda3/envs/AlphaEval38/lib/python3.8/site-packages/pandas/core/window/rolling.py:655: RuntimeWarning: All-NaN slice encountered
  return func(x, start, end, min_periods, *numba_args)
/home1/sku07891/miniconda3/envs/AlphaEval38/lib/python3.8/site-packages/pandas/core/window/rolling.py:655: RuntimeWarning: All-NaN slice encountered
  return func(x, start, end, min_periods, *numba_args)
/home1/sku07891/miniconda3/envs/AlphaEval38/lib/python3.8/site-packages/pandas/core/window/rolling.py:655: RuntimeWarning: All-NaN slice encountered
  return func(x, start, end, min_periods, *numba_args)
/home1/sku07891/miniconda3/envs/AlphaEval38/lib/python3.8/site-packages/pandas/core/window/rolling.py:655: RuntimeWarning: All-NaN slice encountered
  return func(x, start, end, min_periods, *numba_args)
/home1/sku07891/miniconda3/envs/AlphaEval38/lib/python3.8/site-packages/pandas/core/window/rolling.py:655: RuntimeWarning: All-NaN slice encountered
  return func(x, start, end, min_periods, *numba_args)
/gpfs/home1/sku07891/00.hojin/AlphaEval/AlphaSearchBench/alphasearchbench/data/qlib_provider.py:278: RuntimeWarning: overflow encountered in cast
  return np.sign(self._eval(args[0], off, hi).astype(np.float32))
/gpfs/home1/sku07891/00.hojin/AlphaEval/AlphaSearchBench/alphasearchbench/data/qlib_provider.py:249: RuntimeWarning: overflow encountered in cast
  out = res.astype(np.float32)[s - off:e - off]
/home1/sku07891/miniconda3/envs/AlphaEval38/lib/python3.8/site-packages/pandas/core/window/rolling.py:655: RuntimeWarning: All-NaN slice encountered
  return func(x, start, end, min_periods, *numba_args)
/home1/sku07891/miniconda3/envs/AlphaEval38/lib/python3.8/site-packages/pandas/core/window/rolling.py:655: RuntimeWarning: All-NaN slice encountered
  return func(x, start, end, min_periods, *numba_args)
/home1/sku07891/miniconda3/envs/AlphaEval38/lib/python3.8/site-packages/pandas/core/window/rolling.py:655: RuntimeWarning: All-NaN slice encountered
  return func(x, start, end, min_periods, *numba_args)
/gpfs/home1/sku07891/00.hojin/AlphaEval/AlphaSearchBench/alphasearchbench/data/qlib_provider.py:249: RuntimeWarning: overflow encountered in cast
  out = res.astype(np.float32)[s - off:e - off]
/home1/sku07891/miniconda3/envs/AlphaEval38/lib/python3.8/site-packages/pandas/core/window/rolling.py:655: RuntimeWarning: All-NaN slice encountered
  return func(x, start, end, min_periods, *numba_args)
/home1/sku07891/miniconda3/envs/AlphaEval38/lib/python3.8/site-packages/pandas/core/window/rolling.py:655: RuntimeWarning: All-NaN slice encountered
  return func(x, start, end, min_periods, *numba_args)
/home1/sku07891/miniconda3/envs/AlphaEval38/lib/python3.8/site-packages/pandas/core/window/rolling.py:655: RuntimeWarning: All-NaN slice encountered
  return func(x, start, end, min_periods, *numba_args)
/home1/sku07891/miniconda3/envs/AlphaEval38/lib/python3.8/site-packages/pandas/core/window/rolling.py:655: RuntimeWarning: All-NaN slice encountered
  return func(x, start, end, min_periods, *numba_args)
/home1/sku07891/miniconda3/envs/AlphaEval38/lib/python3.8/site-packages/pandas/core/window/rolling.py:655: RuntimeWarning: All-NaN slice encountered
  return func(x, start, end, min_periods, *numba_args)
/home1/sku07891/miniconda3/envs/AlphaEval38/lib/python3.8/site-packages/pandas/core/window/rolling.py:655: RuntimeWarning: All-NaN slice encountered
  return func(x, start, end, min_periods, *numba_args)
/home1/sku07891/miniconda3/envs/AlphaEval38/lib/python3.8/site-packages/pandas/core/window/rolling.py:655: RuntimeWarning: All-NaN slice encountered
  return func(x, start, end, min_periods, *numba_args)
/home1/sku07891/miniconda3/envs/AlphaEval38/lib/python3.8/site-packages/pandas/core/window/rolling.py:655: RuntimeWarning: All-NaN slice encountered
  return func(x, start, end, min_periods, *numba_args)
/home1/sku07891/miniconda3/envs/AlphaEval38/lib/python3.8/site-packages/pandas/core/window/rolling.py:655: RuntimeWarning: All-NaN slice encountered
  return func(x, start, end, min_periods, *numba_args)
/home1/sku07891/miniconda3/envs/AlphaEval38/lib/python3.8/site-packages/pandas/core/window/rolling.py:655: RuntimeWarning: All-NaN slice encountered
  return func(x, start, end, min_periods, *numba_args)
/home1/sku07891/miniconda3/envs/AlphaEval38/lib/python3.8/site-packages/pandas/core/window/rolling.py:655: RuntimeWarning: All-NaN slice encountered
  return func(x, start, end, min_periods, *numba_args)
/gpfs/home1/sku07891/00.hojin/AlphaEval/AlphaSearchBench/alphasearchbench/data/qlib_provider.py:249: RuntimeWarning: overflow encountered in cast
  out = res.astype(np.float32)[s - off:e - off]
/home1/sku07891/miniconda3/envs/AlphaEval38/lib/python3.8/site-packages/pandas/core/window/rolling.py:655: RuntimeWarning: All-NaN slice encountered
  return func(x, start, end, min_periods, *numba_args)
/home1/sku07891/miniconda3/envs/AlphaEval38/lib/python3.8/site-packages/pandas/core/window/rolling.py:655: RuntimeWarning: All-NaN slice encountered
  return func(x, start, end, min_periods, *numba_args)
/home1/sku07891/miniconda3/envs/AlphaEval38/lib/python3.8/site-packages/pandas/core/window/rolling.py:655: RuntimeWarning: All-NaN slice encountered
  return func(x, start, end, min_periods, *numba_args)
/home1/sku07891/miniconda3/envs/AlphaEval38/lib/python3.8/site-packages/pandas/core/window/rolling.py:655: RuntimeWarning: All-NaN slice encountered
  return func(x, start, end, min_periods, *numba_args)
/home1/sku07891/miniconda3/envs/AlphaEval38/lib/python3.8/site-packages/pandas/core/window/rolling.py:655: RuntimeWarning: All-NaN slice encountered
  return func(x, start, end, min_periods, *numba_args)
/home1/sku07891/miniconda3/envs/AlphaEval38/lib/python3.8/site-packages/pandas/core/window/rolling.py:655: RuntimeWarning: All-NaN slice encountered
  return func(x, start, end, min_periods, *numba_args)
/home1/sku07891/miniconda3/envs/AlphaEval38/lib/python3.8/site-packages/pandas/core/window/rolling.py:655: RuntimeWarning: All-NaN slice encountered
  return func(x, start, end, min_periods, *numba_args)
/home1/sku07891/miniconda3/envs/AlphaEval38/lib/python3.8/site-packages/pandas/core/window/rolling.py:655: RuntimeWarning: All-NaN slice encountered
  return func(x, start, end, min_periods, *numba_args)
/home1/sku07891/miniconda3/envs/AlphaEval38/lib/python3.8/site-packages/pandas/core/window/rolling.py:655: RuntimeWarning: All-NaN slice encountered
  return func(x, start, end, min_periods, *numba_args)
Generation 0 starts.
final:  [0.056087939223938156, -0.07303378081464328, 0.001749840001978268, -0.004471944534426079, 5.3016121661689995e-05, -8.823723700807014e-05, 0.011844944810605093, 0.04930897984209081, 0.03656739182759286, 0.15476193733739213, -0.0069775018962759, -1000000.0, 0.019301613751219537, -0.03494053455995416, -0.10198704213596625, -0.11482048012765607, -0.03874296834306547, 0.017330155603616525, -0.0009239944456983117, -0.00046395909119333474, 0.02847309556184549, -0.2225657664348818, -1000000.0, -0.12512344094900482, -0.24693692770961384, 0.02854678282863226, -0.035682368986480216, -0.14912251287073372, 0.015263873615908204, -1000000.0, -0.031235611519746617, -1000000.0, -1000000.0, 0.19622569464627335, 0.01846846802149509, -0.0315556563050921, -0.003311587810429336, -0.14062717616110829, -0.033339145054323206, -0.01913530404445813, 0.07154804671390458, -0.025630066412926998, -0.012070229215065098, -0.08191526674897502, -1000000.0, 0.002429605022720293, -0.07208247379176785, -0.0007138481174349191, -0.16502255728445311, 0.0002894158997011677, 0.02169011137645304, -0.1191352592670822, -0.0024648756105838856, -0.0037348025325237666, 0.015864815405843117, -0.0022400958579335767, -0.03696931821314092, 0.015548537256588947, 0.01195094576849439, -0.05541585170236941, -0.009218436677907494, -0.009544698777970807, -0.12095822827227672, -0.18775422103264824, -1000000.0, -0.21706807882150073, 0.03297560026305401, 0.19798050610561857, 0.06262044899235504, -0.09910341977732745, -0.012982517258388795, 0.14258755949375887, -0.05099529223181992, -0.12281421081743531, 0.14314747849117682, -1000000.0, -0.037833588266094856, -0.000721030197018061, -6.988532036327257e-05, 0.011806173049411096, -1000000.0, 2.6070538204667132e-05, 0.007282241126841421, -0.000721030197018061, -0.014523442296665827, -1000000.0, 0.15625765370272976, -0.01629852126461949, 0.008611917156482577, 0.001156378160784412, -0.015417826282420562, -0.020523423089490733, -0.026081301611050628, 0.017249178145740618, 0.025577158346732347, -0.01267415401473451, -1000000.0, 0.02682112475814557, 0.011676365516043865, -0.002777191158816074, -0.002329872232738373, -0.0016352421394252065, -0.017746334781177354, -1000000.0, -0.26410697180194204, -0.0006051196776158607, -0.026353058620587885, -0.1079402142376075, 0.002738800549556865, -0.035375633765467034, 0.14054190299929376, 0.01471325950545376, -2.2597263050621296e-06, -0.019218488675069756, -0.0347118857354482, 0.03792567886122653, -0.035177396216966264, -2.850562270598883e-05, 0.05609720219786946, 0.0016233309870019768, -0.013212610280938746, -0.03789492909288556, -0.03135697588259387, 0.0018584219338527539, 0.01715133920790119, -1000000.0, -0.017220308266716198, 0.04821584342924405, -0.008796306479000449, -0.01731848694569397, 0.004074216042209064, 0.03206152113893343, -0.03957271019238695, -0.02033123257631329, -0.07840683538991297, -0.0030684344665872438, -1000000.0, -0.06120243553604004, -0.05408769234788995, 0.012043052690216292, -0.002742118495118546, -1000000.0, 0.017593461908287065, 0.017330155603616525, -0.13102891936819014, -0.031230967548524616, -0.02486517037757627, 0.03277805276652531, -0.008938286181757666, 0.14403649358929102, 0.09698124514932492, -0.025630066412926998, 0.0315048404232265, -0.0024408656455537385, -0.11427335998910725, 0.029483143290088987, -0.013806907101189024, 0.0001306181218878219, -0.027827226806238135, -0.06985958081312724, 0.0006130521023809697, 0.0005870692063818922, 0.13232917921966283, -0.04141804543061065, 0.04149835999423772, -0.1358703619268589, 0.0035302857545576743, 0.060807233471742606, -0.008523888336739633, 0.0042654530148339975, 0.016230265523425658, -0.005862733719760573, 0.0146978705567496, 0.02236602567249888, -0.010834225461353514, 0.00013856294001974665, 0.0005385664471022013, 0.028769112382236856, -0.1338392741621788, -0.021564872112193944, -0.01819954579572837, -0.030396386019739992, 0.022813914672566698, -0.0813879644840036, 0.019959213202009524, -0.046652565015020804, -0.022391940731226308, -1000000.0, -0.001654598215048492, -1000000.0, -1000000.0, -0.021104161144305144, -0.0028152476624132873, -0.003596039860029685, -0.018071082217200937, -0.058497607971545726, -0.07566724398274231, -0.010608272553810525, -0.054875385538844905, -0.0535546535427385, 0.02094253941569665, -1000000.0, 0.019627690680238157, -0.0071054481101744905, -0.05012928876107478, 0.01412996079951623, -0.007957589910860036, -0.04974402179668423, -0.001295328130851592, 0.0018431333021228702, -0.05783460548880764, -0.10870962347184729, 0.012987843564039562, -0.035375633765467034, -0.07553334934205214, -0.014623376333984302, 0.002515098527453109, -0.01598075870842903, -0.031259666443635536, -1000000.0, -0.018037170305184574, -0.027263932564637328, -0.026008063670989442, -0.05577948761429279, -1000000.0, 0.00424252117151715, -0.04743684355791165, 0.0009169536145349788, -0.06371819862660172, -0.014469764187226486, 0.004311543794440716, -0.013904097587572413, 0.024041305987133096, -0.1660530689058242, -0.19947810082233874, 0.15404414633732016, -0.014835854258300788, 0.030692423187313373, -0.003532514974231463, -0.01895218512924086, -0.08791913958463181, 0.01844187404294276, -0.0002067423750973529, -0.11612048029967191, -0.14178651353458582, -0.03516774517357763, -0.28922103631605267, -0.06972001656116636, 0.000930893554109723, -0.055270514448601246]
Generation 1 starts.
final:  [-0.03159088162878199, 0.13233237774170636, 0.0731025148797945, 0.09698124514932492, 0.007343358644737767, 0.14403649358929102, 0.060807233471742606, 0.1395108224305862, 0.09722153684013593, 0.14279902761077065, 0.15404414633732016, 0.13232917921966283, -0.09569336557060173, 0.04930897984209081, 0.02854678282863226, 0.1647210772148148, 0.025577158346732347, 0.15404414633732016, 0.0596506197986629, 0.06277697793958409, 0.16165379121419524, 0.08316649059920621, -0.018682882647589442, 0.02236602567249888, 0.13663349587392268, 0.14054190299929376, 0.029483143290088987, 0.15531560345692338, 0.14965897638635514, 0.07614378577396809, 0.07154804671390458, 0.15625765370272976, 0.011062102619106874, 0.006711427025155638, 0.19793943001261366, 0.12898416937682372, 0.05981946233743149, 0.13663349587392268, 0.15625765370272976, 0.006063678021765229, 0.14315759110191387, -0.0844306882170296, 0.021695598966513286, 0.043347174086556375, 0.14054190299929376, 0.05609720219786946, 0.19793943001261366, -1000000.0, 0.14060901500060835, 0.03277805276652531, 0.15404414633732016, 0.009012569930394416, 0.0014510148672705007, 0.1390407113460826, 0.03206152113893343, 0.15476193733739213, 0.15404414633732016, 0.15404414633732016, 0.0024108147244255337, -1000000.0, 0.04930897984209081, 0.13543887359297518, -0.02486517037757627, 0.18143920235858924, 0.07154804671390458, 0.007343358644737767, 0.16598356399019568, 0.14782981410455578, 0.025577158346732347, 0.04199569141416889, -0.013698640146461662, 0.01939524405573065, 0.030692423187313373, 0.14517924490049186, 0.14314747849117682, -0.008510083718423439, 0.15476193733739213, 0.09698124514932492, 0.09698124514932492, 0.07154804671390458, 0.1390407113460826, 0.14403649358929102, 0.015448105676336555, 0.1923075638812482, 0.04821584342924405, 0.08001037288937346, 0.19622569464627335, 0.09764617674056775, 0.15476193733739213, 0.15404414633732016, 0.030692423187313373, 0.007782725336294366, 0.025699517180199877, 0.14403649358929102, 0.19841587553424084, 0.14403649358929102, 0.14742261840726004, 0.01471325950545376, 0.09722153684013593, -0.06725975036155704, 0.0061520441204348224, 0.15425317074582626, 0.028769112382236856, -0.007165629513602367, 0.1405158934056718, 0.024041305987133096, -0.0844306882170296, 0.09954956909068267, -0.04092162200614693, 0.12898416937682372, 0.060807233471742606, 0.1390407113460826, 0.1332613356142125, 0.1387159463573683, 0.14314747849117682, 0.15476193733739213, 0.19622569464627335, 0.15625765370272976, 0.15476193733739213, 0.11167556133952053, 0.11511655980849957, 0.11740580975981582, 0.05609720219786946, 0.14048103021011898, 0.13818693314997452, 0.09698124514932492, 0.15404414633732016, 0.14403649358929102, 0.09646710388720509, 0.19622569464627335, 0.15625765370272976, 0.14403649358929102, 0.025699517180199877, 0.1387489102766228, -1000000.0, 0.09698124514932492, 0.04821584342924405, 0.029232916760704046, 0.19798050610561857, 0.19798050610561857, 0.13232917921966283, 0.15404414633732016, -0.00013662186810314473, 0.03297560026305401, 0.04930897984209081, 0.030692423187313373, 0.1390407113460826, 0.1453416218083266, 0.15404414633732016, -0.009983644571121655, 0.011062102619106874, 0.14314747849117682, 0.1209936962938404, -0.0844306882170296, 0.018384263476810405, 0.09698124514932492, 0.15404414633732016, 0.06262044899235504, 0.19622569464627335, 0.08050450570330281, 0.1390407113460826, 0.12594327566562644, -0.014692940549576088, 0.12291917806937143, 0.1371172083322044, 0.018384263476810405, 0.19622569464627335, 0.05639908107428366, 0.03656739182759286, 0.15625765370272976, 0.19494360692624504, 0.013444948481162506, 0.14517924490049186, -0.00620027519436954, 0.19494360692624504, 0.031450486775272735, 0.030692423187313373, 0.1359591488255519, 0.05727936790906173, 0.14403649358929102, 0.14314747849117682, 0.1563038977065216, -0.006811042035498827, 0.028769112382236856, 0.1371172083322044, 0.14403649358929102, 0.14517924490049186, 0.0070661743214558755, -0.05806375230442152, 0.03182751613851016, 0.19622569464627335, 0.19793943001261366, 0.09646710388720509, 0.0302656765399794, 0.1408444034167672, -0.0002788098679026681, 0.05285111673523634, 0.03015354128620281, 0.03179063000127334, 0.1342449814227514, 0.0996519122926023, 0.14917339903501936, 0.14258755949375887, -1000000.0, 0.15625765370272976, 0.09698124514932492, 0.15476193733739213, 0.14548382210101485, 0.03656739182759286, 0.19798050610561857, 0.14403649358929102, 0.007782725336294366, 0.15625765370272976, 0.14060901500060835, 0.14403649358929102, 0.03143750693460489, 0.15476193733739213, -0.049146015697180634, 0.07021508278845622, 0.15404414633732016, 0.04565036159913638, -1000000.0, 0.1395108224305862, 0.06262044899235504, 0.05609720219786946, 0.14403649358929102, -0.0009353409939287343, 0.10322908631955652, 0.03160664615083662, 0.15476193733739213, 0.056087939223938156, 0.12599750929978681, -0.017020750115257, 0.14054190299929376, 0.13232917921966283, 0.04149835999423772, 0.14134003384374313, 0.05244706926819731, 0.05639908107428366, 0.12898416937682372, 0.06262044899235504, 0.15625765370272976, 0.14258755949375887, 0.15476193733739213, -0.021470468003313793, 0.14403649358929102, 0.03656739182759286, 0.0038777099988524084, 0.19622569464627335, 0.03656739182759286]
Generation 2 starts.
final:  [-0.0016950787569078158, 0.19622569464627335, -0.028546912032758047, 0.06005816552597581, 0.19793943001261366, 0.19622569464627335, 0.018384263476810405, 0.1390407113460826, 0.19841587553424084, 0.1563038977065216, 0.15625765370272976, 0.13734351890234647, 0.19622569464627335, 0.19607256333063625, 0.1395108224305862, 0.0192458707163966, 0.19494360692624504, 0.18790467288986124, 0.19798050610561857, 0.17332289541171741, 0.19793943001261366, 0.1390407113460826, 0.19622569464627335, 0.018384263476810405, 0.19793943001261366, 0.19622569464627335, 0.014186656282206644, 0.20023042564014382, 0.16566556921755107, 0.1395108224305862, 0.19758547996691714, 0.1629590333880508, 0.018384263476810405, 0.16828153215032685, 0.19793943001261366, 0.15520266669427119, 0.1395108224305862, 0.1725438000276291, 0.19622569464627335, -0.005310648361805318, 0.16908686262750122, 0.14176231104021328, 0.1979967944740248, 0.15610178315666912, 0.15912328129524683, 0.017159407273291186, 0.1456419007043651, -0.0016950787569078158, 0.15625765370272976, 0.19793943001261366, 0.1395108224305862, 0.007782725336294366, 0.19622569464627335, 0.19494360692624504, 0.14416489758466491, 0.19841587553424084, 0.15404414633732016, 0.13663349587392268, 0.15625765370272976, 0.19619100778533194, 0.1359993457187671, 0.19793943001261366, 0.1728365830438839, 0.19622569464627335, 0.15625765370272976, 0.018384263476810405, 0.1569966643282916, 0.14517924490049186, -1000000.0, 0.19793943001261366, 0.19793943001261366, 0.17334413381157512, 0.018384263476810405, 0.19793943001261366, 0.17751408534598032, 0.1395108224305862, 0.15404414633732016, 0.19622569464627335, -0.009560983549428121, 0.13663349587392268, 0.16123991054072367, 0.19793943001261366, 0.19622569464627335, 0.1395108224305862, 0.15581707636243441, 0.19841587553424084, 0.15625765370272976, 0.12444189129181701, 0.19622569464627335, 0.15610178315666912, 0.15625765370272976, 0.19841587553424084, 0.0996519122926023, 0.16828153215032685, 0.1342449814227514, 0.12826991589294834, 0.07912541835575453, 0.19793943001261366, 0.15476193733739213, 0.018384263476810405, 0.19793943001261366, 0.19798050610561857, 0.19622569464627335, 0.14631479786095802, 0.19798050610561857, 0.0996519122926023, 0.15625765370272976, 0.15520266669427119, 0.14517924490049186, 0.19622569464627335, 0.10435439165697022, 0.19793943001261366, 0.18139902317472006, 0.19793943001261366, 0.19622569464627335, 0.15625765370272976, 0.14314747849117682, 0.0192458707163966, 0.15476193733739213, 0.10364276559224378, 0.15625765370272976, 0.11981494333710462, 0.19619100778533194, 0.13905962196771304, 0.19798050610561857, 0.1647210772148148, 0.19841587553424084, 0.19793943001261366, 0.12756872056065074, 0.16598356399019568, 0.19459526325312454, -0.01422623694630747, 0.15476193733739213, 0.19622569464627335, 0.19793943001261366, 0.006744026418224043, 0.19793943001261366, 0.19798050610561857, 0.19622569464627335, 0.12756872056065074, 0.19622569464627335, 0.15476193733739213, 0.19793943001261366, 0.19793943001261366, 0.13663349587392268, 0.15610178315666912, 0.16828153215032685, -0.03179222765594171, 0.19798050610561857, -0.11612048029967191, 0.19622569464627335, 0.19793943001261366, 0.15520266669427119, 0.1381482030737239, 0.1390407113460826, 0.018384263476810405, 0.16566556921755107, 0.15625765370272976, 0.16146282189121025, 0.11253271942531166, 0.19613298685485045, -0.028546912032758047, 0.15476193733739213, -0.1141835961935296, 0.13663349587392268, 0.15531560345692338, 0.16766887851361534, -0.0005788957602677632, 0.19622569464627335, 0.09722153684013593, 0.1450810980806518, 0.018384263476810405, 0.19607256333063625, 0.1629590333880508, 0.19622569464627335, 0.0996519122926023, 0.19622569464627335, 0.19622569464627335, 0.16444813556542612, 0.19622569464627335, 0.18653628145060291, 0.19622569464627335, 0.1641821901789778, 0.018384263476810405, 0.19622569464627335, 0.19793943001261366, 0.15476193733739213, 0.19622569464627335, 0.1487226716797766, 0.03436852159893426, 0.19622569464627335, 0.1395108224305862, 0.18117174131884217, 0.15625765370272976, 0.19622569464627335, 0.19622569464627335, 0.19162503111665777, 0.19622569464627335, -0.0001825272181344895, 0.19793943001261366, 0.12898416937682372, 0.1390407113460826, 0.19841587553424084, 0.19494360692624504, 0.15643757991514157, 0.1395108224305862, 0.013049295316800604, -0.03179222765594171, 0.007782725336294366, 0.15520266669427119, 0.16195386843885445, 0.19622569464627335, 0.1563038977065216, 0.13888784143987248, 0.15520266669427119, 0.1390407113460826, 0.14631479786095802, 0.15600536215946786, 0.15967812612487778, 0.09211400227888426, 0.15625765370272976, -0.01598075870842903, 0.19622569464627335, 0.2024430250084491, 0.19622569464627335, -1000000.0, 0.19622569464627335, 0.1395108224305862, 0.19622569464627335, 0.14188656626548593, 0.15476193733739213, 0.19622569464627335, 0.14631479786095802, 0.15610178315666912, 0.15530582552598735, 0.1629590333880508, 0.15625765370272976, 0.19793943001261366, 0.19622569464627335, 0.19622569464627335, 0.19793943001261366, 0.004088270829594357, 0.17332289541171741, 0.11253271942531166, 0.0996519122926023, 0.19622569464627335, 0.15520266669427119, 0.15476193733739213, 0.14314747849117682, 0.19798050610561857]
Generation 3 starts.
final:  [0.20954617247699778, 0.19841587553424084, 0.19841587553424084, 0.20023042564014382, 0.19622569464627335, 0.1395108224305862, 0.19841587553424084, 0.13598956633480505, -0.007461554977504952, 0.13732894637542062, 0.19798050610561857, 0.0996519122926023, -0.0001825272181344895, 0.15520266669427119, 0.2024430250084491, 0.20118365479137035, -1000000.0, 0.13663349587392268, 0.13963548740792853, 0.13046059981381625, 0.19622569464627335, 0.19793943001261366, 0.19622569464627335, 0.19622569464627335, 0.19841587553424084, 0.19793943001261366, -0.07810610120831296, 0.19793943001261366, 0.011364884987136628, 0.19841587553424084, 0.1395108224305862, -0.0001825272181344895, 0.011364884987136628, 0.17751408534598032, 0.18807934695398734, 0.011993863815985897, 0.19841587553424084, 0.19793943001261366, 0.13734351890234647, 0.13864646569725003, -0.0001825272181344895, 0.1961472221380008, 0.19841587553424084, 0.1390407113460826, 0.1606409640131721, 0.14358197694304062, 0.20023042564014382, 0.19841587553424084, 0.018384263476810405, -0.01598075870842903, 0.19901791546845227, -0.08610933251615692, -0.008170771155391304, 0.20023042564014382, 0.018384263476810405, 0.1395108224305862, 0.144571358919853, 0.12760941952693, 0.1381482030737239, 0.1395108224305862, 0.15481661831063376, 0.024937117408545886, 0.20023042564014382, 0.20023042564014382, 0.018384263476810405, 0.012294089832134394, 0.15927769839791794, 0.01838702451135521, 0.19841587553424084, 0.20118365479137035, 0.18790467288986124, 0.011993863815985897, 0.19841587553424084, 0.19901791546845227, 0.19841587553424084, 0.15967812612487778, 0.19901791546845227, 0.19622569464627335, 0.19841587553424084, 0.12720032027541328, 0.1386779464486081, 0.19841587553424084, 0.1611071209600475, 0.14324362662367054, 0.08894791252788739, 0.007782725336294366, 0.15967812612487778, 0.14885781527337277, 0.17751408534598032, 0.19793943001261366, 0.14492717225211452, 0.19841587553424084, 0.19399539869776056, 0.19793943001261366, 0.021680916338896447, 0.20023042564014382, 0.060410385751598794, 0.19793943001261366, 0.15476193733739213, 0.19798050610561857, 0.12760941952693, 0.1395108224305862, 0.18790467288986124, 0.19841587553424084, 0.19841587553424084, -0.009560983549428121, 0.018384263476810405, 0.19622569464627335, 0.20023042564014382, 0.19622569464627335, -0.05866418004886405, 0.1395108224305862, -0.0001825272181344895, 0.19622569464627335, -1000000.0, 0.1440134587947832, 0.19798050610561857, 0.1390407113460826, 0.19793943001261366, 0.1291756033548048, 0.14631479786095802, 0.15476193733739213, 0.19622569464627335, 0.1369131733218745, 0.09470935059175724, 0.018384263476810405, 0.14314747849117682, 0.19798050610561857, 0.007782725336294366, 0.19622569464627335, 0.20023042564014382, 0.19793943001261366, 0.19926112765982762, 0.19841587553424084, 0.16908686262750122, -0.0005463446168752778, 0.14288927635865775, 0.19793943001261366, 0.19793943001261366, 0.08894791252788739, 0.19622569464627335, 0.018384263476810405, 0.19841587553424084, 0.08894791252788739, 0.19901791546845227, 0.19616467479653865, 0.018384263476810405, 0.19901791546845227, 0.19793943001261366, 0.01573161294679675, 0.19793943001261366, 0.19841587553424084, 0.19793943001261366, 0.19841587553424084, 0.1722800884741094, 0.16696813372544295, 0.19622569464627335, 0.19798050610561857, 0.018384263476810405, 0.1395108224305862, 0.18790467288986124, 0.19793943001261366, -0.019995126151392227, 0.13051908968193354, 0.15530582552598735, 0.1390407113460826, 0.19841587553424084, 0.014276530537851224, -1000000.0, 0.19841587553424084, 0.15983280652715373, 0.19841587553424084, 0.19841587553424084, 0.19486293526519202, 0.19901791546845227, 0.19841587553424084, 0.19841587553424084, -3.19066988493132e-06, 0.20023042564014382, 0.19798050610561857, 0.19901791546845227, 0.19798050610561857, 0.2019870019372313, 0.19841587553424084, 0.14631479786095802, 0.19841587553424084, -0.0016950787569078158, 0.2024430250084491, 0.19841587553424084, 0.19841587553424084, 0.19901791546845227, 0.19793943001261366, 0.018384263476810405, 0.144571358919853, 0.060410385751598794, -0.0032323177567012214, -0.003998117062358346, 0.008615330319564555, 0.19798050610561857, 0.16687747989643573, 0.0175504503405413, 0.05357298264849374, 0.19616467479653865, 0.15005390262759954, 0.1390407113460826, 0.07547680822102064, -0.003255284390803653, -0.02335098749460441, 0.0175504503405413, 0.018384263476810405, 0.12979249648284336, 0.16431032612163626, 0.16077182341524474, -1000000.0, -1000000.0, 0.12826991589294834, 0.19793943001261366, 0.19841587553424084, 0.19841587553424084, 0.19622569464627335, 0.13734351890234647, -0.005251730111483351, 0.1395108224305862, 0.15005390262759954, -0.001615416102971356, 0.1390407113460826, 0.19841587553424084, 0.16298117480987992, 0.19841587553424084, 0.16050933629077746, 0.19793943001261366, 0.1913652720998771, 0.20118365479137035, 0.1433902246909589, -0.0016950787569078158, 0.19622569464627335, 0.2024430250084491, 0.1395108224305862, 0.19901791546845227, 0.16371880065387728, 0.1433902246909589, 0.13663349587392268, 0.13663349587392268, -0.019995126151392227, 0.14631479786095802, 0.011364884987136628, 0.12826991589294834, 0.19793943001261366, 0.19841587553424084, 0.19897113384174744]
Generation 4 starts.
final:  [-0.06264740873514552, 0.20023042564014382, 0.23015664747036713, 0.1386779464486081, 0.19841587553424084, 0.01838702451135521, 0.16356544890869187, -0.0001825272181344895, 0.19841587553424084, -0.004428066673347142, 0.23029414762241518, 0.1513747466600533, 0.012294089832134394, -0.0001825272181344895, 0.20118365479137035, 0.19486293526519202, -1000000.0, 0.2019870019372313, 0.20023042564014382, 0.20118365479137035, 0.20652876817752586, -0.1838555731134046, 0.1810815871103125, 0.16371880065387728, -0.015614785559307868, 0.19622569464627335, -0.00036729151595855155, 0.2019870019372313, 0.09133050607239512, 0.20023042564014382, -1000000.0, -1000000.0, 0.19841587553424084, 0.09470935059175724, 0.17266139277777348, -0.1838555731134046, 0.20023042564014382, 0.19622569464627335, 0.057830231513040786, 0.19622569464627335, 4.3574489252964924e-05, 0.19794209787275172, 0.19622569464627335, 0.2024430250084491, 0.19486293526519202, 0.16598101044250274, 0.20023042564014382, 0.23015664747036713, 0.19622569464627335, -0.003019553301749326, 0.20023042564014382, 0.20023042564014382, -0.013315379315415082, -0.06264740873514552, -0.04648488813480513, -1000000.0, 0.0011446288698620148, 0.03108900990743128, 0.19901791546845227, 0.22820642074503755, 0.20023042564014382, -0.0001825272181344895, 0.20652876817752586, -0.0769634034306234, 0.19399539869776056, 0.19901791546845227, 0.20118365479137035, 0.15927769839791794, 0.20567380464237886, 0.16696813372544295, -0.04648488813480513, 0.19901791546845227, 0.19622569464627335, 0.20916348108324875, -0.013315379315415082, 0.23029414762241518, -1000000.0, -0.014188214364614787, 0.00796884032995621, 0.15195879541483295, 0.2024430250084491, 0.20023042564014382, 0.09133050607239512, 0.1617594410456668, 0.1513747466600533, 0.19622569464627335, 0.23015664747036713, 0.20954617247699778, 0.19841587553424084, 0.19841587553424084, 0.23347732057437756, 0.2165899372282632, 0.20118365479137035, -0.004428066673347142, 0.19509546733186306, 0.19901791546845227, -1000000.0, 0.13423068653189918, -0.00010154692070990787, 0.2019870019372313, 0.19863738264778955, 0.19901791546845227, 0.1650970761776726, 0.09925973634230403, 0.20118365479137035, 0.20118365479137035, 0.15164021134912897, 0.15585680883491873, 0.16696813372544295, 0.09470935059175724, 0.19882893163701393, -1000000.0, 0.15857369634130744, 0.20321966154077664, 0.030621122200460104, 0.19841587553424084, 0.13820263753161136, -0.014188214364614787, 0.20023042564014382, 0.19901791546845227, -0.0001825272181344895, 0.20321966154077664, -1000000.0, 0.014244384751988928, -0.0016950787569078158, 0.20023042564014382, 0.19841587553424084, 0.22551902715807026, 0.20916348108324875, -0.0001825272181344895, 0.19901791546845227, -0.05576873439216071, -0.0001825272181344895, 0.19841587553424084, 0.20023042564014382, 0.20118365479137035, -0.0001825272181344895, 0.20972804713202356, 0.19798050610561857, 0.018384263476810405, -0.0001825272181344895, 0.22574720719285507, -0.014188214364614787, 0.19841587553424084, 0.200242158039005, 0.09133050607239512, -0.001311229167880629, 0.20023042564014382, 0.2024430250084491, 0.13790565289634574, 0.1395108224305862, 0.15967812612487778, -0.014188214364614787, 0.16332573372310324, 0.20023042564014382, 0.19841587553424084, -0.0006265155344830839, 0.18529144277568374, 0.19793943001261366, 0.15476193733739213, 0.16431032612163626, 0.20636646344288512, -0.05866418004886405, 0.16356544890869187, -0.001311229167880629, 0.201213006096784, 0.20023042564014382, 0.19841587553424084, 0.19622569464627335, -1000000.0, 0.20652876817752586, -0.05230782766695547, 0.09925973634230403, 0.20652876817752586, 0.2019870019372313, 0.23236950998872713, 0.20954617247699778, -0.004428066673347142, 0.22820642074503755, 0.15585680883491873, 0.20954617247699778, 0.20546720063939428, 0.12910554923960735, 0.201213006096784, 0.2024430250084491, 0.19897113384174744, 0.200242158039005, 0.14909339144872116, 0.13216642736927445, 0.19841587553424084, -0.0005532161635708783, -0.05866418004886405, -0.00032121632016962224, 0.20791328579549212, 0.19622569464627335, 0.19901791546845227, 0.19622569464627335, 0.19841587553424084, 0.18269676260155987, 0.200242158039005, 0.19841587553424084, -1000000.0, -0.06865106239476602, 0.16828153215032685, 0.19841587553424084, 0.200242158039005, 0.20023042564014382, 0.05612361422284311, -0.014188214364614787, 0.16908686262750122, 0.16991408905522606, 0.15371012322082886, 0.20118365479137035, 0.20118365479137035, 0.1369131733218745, 0.20652876817752586, 0.20954617247699778, -0.0034303967367830916, 0.19901791546845227, 0.20652876817752586, 0.1693219643791156, 0.19841587553424084, 0.2024430250084491, 0.2019870019372313, 0.014267517719112508, 0.20023042564014382, 0.19399539869776056, 0.14172914886235213, 0.23029414762241518, 0.20023042564014382, 0.22645186589805863, 0.20954617247699778, -1000000.0, -0.05230782766695547, 0.1560521281477225, 0.16696813372544295, 0.19901791546845227, 0.19125329419930368, 0.01492792161952981, -1000000.0, 0.13790565289634574, 0.09470935059175724, 0.19841587553424084, 0.20118365479137035, 0.13216642736927445, 0.13790565289634574, 0.20911163768847074, 0.20023042564014382, 0.1560521281477225, 0.22551902715807026]
Generation 5 starts.
final:  [0.23015664747036713, 0.2100847628886529, 0.20048820730660014, -0.017802044067620374, -0.0015789262318846387, 0.1430112336228448, 0.23015664747036713, 0.22781495798631182, 0.0003495076529385672, -0.03369612291924578, 0.19901791546845227, 0.22986569683122837, -0.025603458410897728, 0.20333857284466, 0.22551902715807026, 0.23015664747036713, 0.23029414762241518, 0.23029414762241518, 0.23347732057437756, 0.20118365479137035, 0.23347732057437756, 0.2309530385891542, 0.20084966973461915, 0.20250029328837774, 0.06690495961617454, 0.20916348108324875, 0.19830940593977747, 0.2128595009204465, 0.19901791546845227, -0.0001825272181344895, -0.02219633376507737, 0.1851324660638768, -0.0001825272181344895, 0.20972804713202356, 0.23041086724290044, 0.23029414762241518, 0.18400090153788232, 0.23029414762241518, 0.19525669426735162, 0.2090542555186192, 0.19841587553424084, 0.23029414762241518, 0.22847135977268943, -1000000.0, 0.22804575524501763, 0.20652876817752586, 0.19622569464627335, -0.0001825272181344895, 0.23511941627235708, 0.22645186589805863, 0.22847135977268943, 0.20972804713202356, -0.002059992939366618, 0.19525669426735162, 0.21103596489243867, 0.19901791546845227, 0.2160184029422081, 0.23347732057437756, 0.17721173460736586, 0.1913652720998771, 0.23015664747036713, 0.20652876817752586, -0.040772195330063855, 0.19280536620917793, 0.19841587553424084, 0.20147874344498098, -1000000.0, 0.18269676260155987, 0.2128595009204465, -0.0001825272181344895, 0.19622569464627335, -0.05370322565287246, 0.1395108224305862, 0.19901791546845227, 0.15005390262759954, 0.0754857004872218, -0.06395035103284669, 0.20105814001242495, 0.2287264079968524, -0.00032347621616200345, 0.22820642074503755, 0.22551902715807026, 0.19486293526519202, 0.22820642074503755, 0.19630101894970167, -0.017887313140034854, 0.19486293526519202, 0.2026337728921446, 0.23015664747036713, -0.06971279910428924, -0.013685157150704286, 0.23347732057437756, 0.2183534118709658, 0.20954617247699778, -0.029952676604309877, -0.03624858148792733, 0.20916348108324875, 0.20118365479137035, 0.20023042564014382, 0.23605686543042545, 0.20023042564014382, 0.012451006302501573, -0.0001825272181344895, 0.22820642074503755, -1000000.0, -0.014188214364614787, 0.011993863815985897, 0.208647021371572, 0.2165899372282632, 0.2019870019372313, 0.23029414762241518, 0.030621122200460104, 0.009404692642396236, 0.23015664747036713, 0.19794209787275172, 0.09812285163387556, 0.20791328579549212, 0.20652876817752586, -0.05230782766695547, -0.02824459805895365, 0.20911163768847074, 0.20118365479137035, 0.19805880003223253, 0.19818397281883843, -0.0013641637243957956, 0.23347732057437756, -0.0001825272181344895, 0.24105143703542217, 0.2302017592306599, 0.23029414762241518, 0.22973448330074456, -0.001311229167880629, 0.2128595009204465, 0.21149822004935237, -0.012779397443371294, -0.0015789262318846387, 0.19841587553424084, 0.23029414762241518, 0.2019870019372313, 0.23605686543042545, 0.22645186589805863, 0.20652876817752586, 0.049802730371914475, 0.20954617247699778, 0.12826991589294834, 0.19486293526519202, 0.23236950998872713, 0.05404354956694141, 0.15005390262759954, -0.017802044067620374, 0.014536433505893485, 0.20023042564014382, 0.22986569683122837, 0.19486293526519202, 0.21103596489243867, 0.20916348108324875, 0.054988600569071164, -0.013942133112875192, 0.011993863815985897, -0.0001825272181344895, 0.2302017592306599, 0.20023042564014382, 0.16917342291306245, 0.23347732057437756, 0.23236950998872713, 0.23015664747036713, 0.00781669500565019, 0.2165899372282632, 0.22848132154402206, -0.05230782766695547, -0.0804000654391922, 0.23029414762241518, 0.2128595009204465, 0.20023042564014382, 0.19901791546845227, 0.22986569683122837, 0.22551902715807026, -0.025433132658162688, 0.19486293526519202, 0.2019870019372313, -8.494214871078423e-06, 0.16687940667127574, 0.014147667832792763, 0.014266735150910762, 0.20916348108324875, 0.208647021371572, 0.21322005464049273, 0.2322186696295941, 0.20023042564014382, 0.15285413354120492, 0.20118365479137035, 0.18985983655432379, 0.23236950998872713, 0.011993863815985897, 0.23015664747036713, 0.20954617247699778, 0.23347732057437756, 0.14992734891838305, 0.19622569464627335, 0.19622569464627335, -0.014188214364614787, 0.23029414762241518, 0.1430112336228448, 0.20916348108324875, 0.20118365479137035, 0.19901791546845227, 0.23236950998872713, 0.19525669426735162, -0.003019553301749326, 0.2019870019372313, 0.23347732057437756, 0.19623331886097684, 0.00010637508166132187, 0.22804575524501763, 0.20911163768847074, 0.23236950998872713, 0.23573213435274934, 0.1937326585980232, 0.1937326585980232, 0.19622569464627335, -0.013315379315415082, -0.004709792522568426, 0.20333857284466, -0.05818914090846342, 0.19525669426735162, -0.015088143915681132, -0.001311229167880629, 0.01521673415276339, 0.19794209787275172, 0.23236950998872713, 0.20023042564014382, 0.2317802595403765, 0.1430112336228448, 0.19841587553424084, 0.23029414762241518, 0.23347732057437756, 0.21103596489243867, 0.006446524879598237, 0.20916348108324875, 0.06028680017732043, 4.3574489252964924e-05, 0.2128595009204465, 0.20118365479137035, -0.006115963482979354, 0.23329613661586435, -0.016279327231836907, 0.23015664747036713, 0.2290787179423403, 0.0003281254267486931, 0.20118365479137035]
Generation 6 starts.
final:  [-0.00032347621616200345, 0.22161589815065358, -1000000.0, -0.016279327231836907, 0.006446524879598237, 0.23015664747036713, 0.23029414762241518, -0.017802044067620374, 0.22895946730110375, 0.19357907566007979, 0.19622569464627335, 0.05094116221943079, 0.20023042564014382, -0.0769634034306234, 0.0023790261018965062, 0.23347732057437756, 0.23347732057437756, 0.23236950998872713, 0.19852967610152342, 0.1942593270531876, -0.010559703444504572, 0.18374736537993133, 0.23236950998872713, 0.23347732057437756, 0.23347732057437756, 0.2347259105688466, 0.23041086724290044, 0.13171994173958898, 0.23236950998872713, 0.19830940593977747, 0.19901791546845227, 0.23015664747036713, 0.23347732057437756, 4.3574489252964924e-05, 0.19830940593977747, 0.23347732057437756, 0.23029414762241518, -0.007155461377610239, 0.24105143703542217, 0.194393495201792, -0.013685157150704286, 0.19841587553424084, 0.01492792161952981, 0.2309530385891542, 0.19830940593977747, 0.19901791546845227, 0.23347732057437756, -0.0027146732317223955, -0.0001825272181344895, 0.1851289803361171, 0.20118365479137035, 0.20118365479137035, 0.23236950998872713, 0.19901791546845227, 0.023603259245869323, 0.21471805972082772, -0.20339841620950705, 0.2128595009204465, -0.05866418004886405, 0.20652876817752586, 0.23029414762241518, 0.23236950998872713, 0.2128595009204465, 0.21136743250976311, 0.19901791546845227, 0.20118365479137035, 0.011993863815985897, 0.23029414762241518, 0.19502431107947127, 0.24105143703542217, -0.20361577856798949, 0.19489932242693678, 0.2317802595403765, 0.2128595009204465, 0.19830940593977747, 0.19901791546845227, -0.0769634034306234, -0.02824459805895365, 0.23015664747036713, 0.23347732057437756, 0.21103596489243867, 0.23029414762241518, 0.22011840579201503, -0.011628831164350383, -0.021001603773168415, 0.23029414762241518, 0.1990179676305505, 0.19486293526519202, 0.23347732057437756, -0.00031955250135645935, 0.23347732057437756, 0.19901791546845227, -0.0004286903154063498, 0.20298277547035765, 0.20916348108324875, 0.23015664747036713, 0.24105143703542217, 0.2317802595403765, 0.20321966154077664, 0.19830940593977747, 0.014266735150910762, 0.21471805972082772, 0.0008935065913326347, 0.18221833941251772, 0.2159642932978379, 0.23347732057437756, -0.01535505985761664, 0.1907915864710442, 0.1990179676305505, 0.19248558364936386, -0.04254666056024771, 0.22284827646637298, -0.0037089287091810644, 0.006446524879598237, -0.01535505985761664, -0.013685157150704286, 0.23277110146394184, 0.19841587553424084, 0.2128595009204465, 0.23236950998872713, 0.20023042564014382, 0.006446524879598237, 0.23236950998872713, -1000000.0, 0.23605686543042545, 0.18839484460559638, 0.20118365479137035, 0.21718504713793213, -0.007178948752887885, 0.24105143703542217, 0.24105143703542217, 0.19901791546845227, 0.23427196108083712, 0.018135923496421926, 0.19622569464627335, 0.2128595009204465, 0.23236950998872713, -0.0001825272181344895, 0.19622569464627335, 0.19846124471285337, -0.00035514522743210783, 0.2128595009204465, 0.23605686543042545, 0.19525669426735162, 0.23015664747036713, 0.19622569464627335, -0.007293494293055851, -0.001311229167880629, 0.1851289803361171, -0.00032347621616200345, 0.23347732057437756, 0.014266735150910762, 0.19830940593977747, 0.18692029137274885, 0.022453502207877153, 0.193660701088839, 0.20118365479137035, -0.05866418004886405, -0.003255284390803653, -0.017802044067620374, 0.09765049846788344, 0.2165408403964173, 0.19486293526519202, 0.0016847659811939505, 0.23029414762241518, 0.23511941627235708, -0.0010001262296781062, 0.006446524879598237, -1000000.0, 0.20118365479137035, 0.23236950998872713, 0.23029414762241518, -0.048931153551877035, 0.23236950998872713, -0.017403204580843327, 0.19836045827993048, 0.021246531717573677, 0.0038761496735195394, 0.23347732057437756, 0.23015664747036713, 0.23029414762241518, 0.014267517719112508, 0.0005313514248676284, 0.21647645024778323, 0.23347732057437756, 0.23347732057437756, 0.23347732057437756, 0.19453303870456357, 0.23029414762241518, -0.010559703444504572, 0.23015664747036713, 0.194393495201792, 0.24105143703542217, -0.013315379315415082, 0.18662813136024478, 0.20133038056527328, 0.21471805972082772, 0.21103596489243867, 0.18015263807121612, 0.01130841926559064, 0.23511941627235708, 0.24105143703542217, 0.17721173460736586, 0.0023790261018965062, -0.0027146732317223955, 0.18206958203181703, 0.23029414762241518, 0.23347732057437756, 0.23347732057437756, -0.031000079209452185, 0.18960800688720442, 0.1877956669483019, -0.010559703444504572, 0.20023042564014382, 0.23236950998872713, 0.23477133886286589, -0.048931153551877035, -0.0027350420593316173, 0.23029414762241518, 0.23236950998872713, 0.23347732057437756, 0.19901791546845227, 0.2317802595403765, 0.21103596489243867, 0.1877956669483019, 0.2128595009204465, 0.10975083523620516, 0.18379432772911364, -0.0001825272181344895, 0.23029414762241518, 0.23015664747036713, -0.0001825272181344895, 0.20118365479137035, 0.0003495076529385672, 0.20118365479137035, -0.016279327231836907, 0.1877956669483019, 0.20023042564014382, 0.1989965210483623, 0.23236950998872713, -0.0001825272181344895, 0.23605686543042545, -0.013685157150704286, 0.17490909293984566, -0.002521034477355309, 0.23347732057437756, 0.19901791546845227, -0.020495448480557153, 0.23347732057437756, 0.0013834027979454577]
Generation 7 starts.
final:  [0.19336990938979357, 0.18797449902045907, -1000000.0, -0.003019553301749326, 0.23277110146394184, 0.03287409683755488, 0.24105143703542217, 0.19830940593977747, 0.19841587553424084, 0.2167612544190232, 0.0019049763243678833, -0.015374084018223832, 0.23605686543042545, -0.015374084018223832, 0.2167612544190232, -0.0028439438239198874, 0.20374350353636128, 0.23015664747036713, -0.0001825272181344895, 0.24105143703542217, -0.007911775983323724, 0.01130841926559064, 0.19427128058838175, 0.24206220012864002, 0.22011840579201503, 0.18849387457634148, 0.23427196108083712, 0.03540348025419978, 0.23347732057437756, 0.22011840579201503, 0.07531033667168036, 0.21471805972082772, 0.19830940593977747, 0.23347732057437756, -0.02528842186090667, 0.19622569464627335, -0.04254666056024771, 0.18379432772911364, 0.23015664747036713, -0.05866418004886405, 0.24105143703542217, 0.24105143703542217, -0.01192181173284689, 0.028520472553468276, 0.18206958203181703, 0.23236950998872713, -0.026274026870178647, 0.20972804713202356, 0.23321970874370865, 0.23347732057437756, 0.23145125737938965, 0.2128595009204465, 0.23236950998872713, 0.2017173371319355, 0.19852967610152342, 0.21469474013906747, -0.0004286903154063498, 0.18797449902045907, 0.23236950998872713, 0.23236950998872713, 0.21322005464049273, 0.23605686543042545, 0.23605686543042545, -0.06264740873514552, -0.007341675225452303, 0.0005470411821294121, 0.20954617247699778, -0.017802044067620374, 0.24105143703542217, 0.2128595009204465, 0.22011840579201503, 0.19901791546845227, 0.19427128058838175, 0.0025581801139202324, 0.23347732057437756, 0.0003495076529385672, -0.0001825272181344895, 0.16046145654741434, 4.3574489252964924e-05, -0.0027146732317223955, 0.21469474013906747, 0.2167612544190232, -0.031000079209452185, -0.20339841620950705, 0.22401825970925596, 0.23029414762241518, 0.18168424573426498, 0.23605686543042545, 0.2347259105688466, 0.21463947083730708, 0.21322005464049273, 0.24105143703542217, 0.24105143703542217, -0.0003823955023081614, 0.24105143703542217, 0.197937751289383, 0.2321488456826383, 0.20298277547035765, 0.2309530385891542, -0.0769634034306234, 0.1989305562928315, -0.003019553301749326, -0.025513254918668342, 0.2167612544190232, 0.20118365479137035, 0.2167612544190232, 0.23605686543042545, -0.008090046544298395, 0.018135923496421926, 0.24105143703542217, 0.23427196108083712, 0.1390407113460826, 0.23347732057437756, 0.2397728542460087, 0.0023790261018965062, -0.00032347621616200345, 0.2167612544190232, -0.003019553301749326, 0.23605686543042545, 0.20118365479137035, 0.23605686543042545, 0.24105143703542217, 0.24105143703542217, -0.0004286903154063498, 0.24105143703542217, 0.20298277547035765, 0.005711468954826947, 0.23894907725661355, 0.20972804713202356, 0.23852889461057705, 0.24105143703542217, 0.2167612544190232, -0.007293494293055851, -0.007293494293055851, 0.23511941627235708, 0.2167612544190232, 0.23853070001807178, 0.20954617247699778, 0.18856373994694173, 0.23511941627235708, 0.23347732057437756, -0.003019553301749326, 0.003845779010339843, 0.19622569464627335, -0.013315379315415082, 0.23347732057437756, 0.22011840579201503, 0.21410357218692122, 0.24105143703542217, 0.24206220012864002, 0.18841819949986202, 0.23236950998872713, 0.19977693963966164, 0.19901791546845227, 0.21471805972082772, -0.001322818974198822, -0.001311229167880629, 0.24105143703542217, 0.24105143703542217, 0.2143996936414498, 0.23347732057437756, -0.003019553301749326, -0.01192181173284689, -0.00032347621616200345, 0.20972804713202356, 0.19486293526519202, -0.0033065587323652503, 0.23347732057437756, -0.0037089287091810644, 0.19901791546845227, 0.20023042564014382, -0.0001825272181344895, -1000000.0, 0.23236950998872713, 0.23511941627235708, -0.013685157150704286, 0.18268980195752843, 0.23347732057437756, -0.20339841620950705, 0.20161879497912832, 0.19841587553424084, -0.00032347621616200345, 0.2011168133600417, 0.2014303351710018, 0.24105143703542217, 0.20972804713202356, -0.0027146732317223955, -0.003019553301749326, 0.24105143703542217, 0.24105143703542217, 0.23511941627235708, 0.21463947083730708, -0.013685157150704286, 0.23511941627235708, -0.00032347621616200345, 0.18374736537993133, -0.004428066673347142, 0.21209608495931054, 0.19830940593977747, 0.19622569464627335, 0.18531692720567128, 0.23221123185028322, -1000000.0, -0.0004286903154063498, 0.24105143703542217, -0.20361577856798949, -0.010559703444504572, 0.194393495201792, 0.23015664747036713, 0.005580281449664222, 0.19901791546845227, 0.20916348108324875, -0.0027350420593316173, -0.007293494293055851, 0.24105143703542217, 0.23605686543042545, 0.2167612544190232, 0.22011840579201503, 0.16046145654741434, 0.24105143703542217, -0.05866418004886405, -1000000.0, 0.193660701088839, -0.015374084018223832, 0.20298277547035765, 0.24105143703542217, 0.19830940593977747, 0.23029414762241518, 0.09242978718273596, 0.0008935065913326347, -0.07800817991884286, 0.19841587553424084, -0.0001825272181344895, 0.21868765909279395, 0.20954617247699778, 0.23347732057437756, -0.20361577856798949, 0.23605686543042545, 0.23511941627235708, -0.003019553301749326, 0.23236950998872713, -0.007155461377610239, 0.23347732057437756, -0.0001825272181344895, 0.2167612544190232, 0.2128595009204465, 0.21322005464049273, 0.0023790261018965062, 0.24105143703542217, 0.24206220012864002]
Generation 8 starts.
final:  [0.16733576188387841, 0.24105143703542217, -0.015374084018223832, -0.07800817991884286, -0.008090046544298395, 0.24105143703542217, -0.07800817991884286, -0.00032347621616200345, 0.20298277547035765, -0.06971279910428924, 0.24105143703542217, 0.24105143703542217, 0.19901791546845227, -0.007341675225452303, 0.13916405432141551, -0.04278897683389234, 0.22011840579201503, 0.1990179676305505, 0.19841587553424084, -0.001880616314681503, 0.24105143703542217, 0.23187785429405505, 0.1989965210483623, 0.24105143703542217, 0.22011840579201503, 0.07830711801573416, 0.19841587553424084, 0.23852889461057705, 0.24105143703542217, 0.20972804713202356, 0.21322005464049273, 0.0002817977936183698, 0.24105143703542217, 0.20298277547035765, 0.2167612544190232, 0.23943740212551692, 0.23605686543042545, 0.21322005464049273, -0.003019553301749326, 0.22011840579201503, 0.2397728542460087, 0.21322005464049273, 0.24105143703542217, 0.13916405432141551, 0.2167612544190232, 0.23236950998872713, -0.010559703444504572, 0.24105143703542217, -0.010559703444504572, 0.2167612544190232, 0.24105143703542217, 0.21322005464049273, -1000000.0, -0.007293494293055851, 0.2167612544190232, 0.21322005464049273, 0.24206220012864002, 0.24105143703542217, 0.24105143703542217, 0.20298277547035765, -0.003019553301749326, 0.19841587553424084, 0.015249954684370544, -1000000.0, -0.0004286903154063498, -0.20361577856798949, -0.0037089287091810644, -0.010559703444504572, 0.21645692719038503, 0.19427128058838175, -0.003019553301749326, -0.003019553301749326, 0.24206220012864002, 0.2028102217924258, -1000000.0, 0.24206220012864002, 0.23236950998872713, 0.10348555328320369, 0.24206220012864002, 0.0025625195204324073, -0.007293494293055851, 0.006446524879598237, 0.24206220012864002, 0.1938924506844916, 0.23015664747036713, 0.21322005464049273, 0.24105143703542217, 0.21471805972082772, 0.24105143703542217, 0.24206220012864002, -0.07800817991884286, 0.18797449902045907, -1000000.0, 0.23858969539468783, -0.0037089287091810644, 0.23573213435274934, 0.2167612544190232, 0.22011840579201503, 0.19427128058838175, 0.24105143703542217, -0.0037089287091810644, 0.24206220012864002, -1000000.0, -0.07800817991884286, 0.24206220012864002, -0.02528842186090667, 0.16046145654741434, 0.20118365479137035, -0.07800817991884286, 0.22011840579201503, 0.24105143703542217, 0.19841587553424084, -0.008090046544298395, 0.20298277547035765, 0.24206220012864002, 0.0025625195204324073, 0.24105143703542217, -1000000.0, 0.24105143703542217, 0.2032080349455993, 0.24206220012864002, 0.24206220012864002, 0.24105143703542217, 0.24105143703542217, 0.24105143703542217, 0.19248558364936386, -0.0037089287091810644, 0.13916405432141551, -0.007341675225452303, -0.05866418004886405, 0.23894907725661355, 0.0025625195204324073, -0.008090046544298395, 0.20972804713202356, 0.24206220012864002, -0.010559703444504572, 0.17462996712802037, -0.007293494293055851, -0.00032347621616200345, 0.24105143703542217, 0.13916405432141551, -0.05866418004886405, -0.001880616314681503, 0.2028102217924258, 0.18841819949986202, 0.0025625195204324073, 0.24105143703542217, 0.23853070001807178, 0.2284391819738712, 0.22011840579201503, 0.19841587553424084, 0.2167612544190232, -0.20339841620950705, 0.19622569464627335, -0.07800817991884286, -0.022331475320254125, 0.194393495201792, -1000000.0, 0.24105143703542217, 0.24206220012864002, -0.022331475320254125, 0.22011840579201503, -0.015374084018223832, 0.23605686543042545, -0.007293494293055851, -0.008090046544298395, 0.24105143703542217, 0.24105143703542217, 0.18797449902045907, 0.20972804713202356, 0.23236950998872713, 0.24105143703542217, -0.05866418004886405, 0.23015664747036713, 0.24206220012864002, 0.24105143703542217, 0.20023042564014382, 0.20972804713202356, 0.24105143703542217, -0.007293494293055851, 0.2032080349455993, 0.041941978267495385, 0.21471805972082772, 0.20298277547035765, 0.2167612544190232, 0.16382838761844531, 0.0051969498749718694, -0.007293494293055851, -0.008090046544298395, -0.007293494293055851, -0.07800817991884286, -0.010559703444504572, -0.008090046544298395, -0.007155461377610239, 0.24105143703542217, 0.21322005464049273, 0.24206220012864002, 0.24105143703542217, 0.19901791546845227, 0.24206220012864002, 0.21322005464049273, 0.20298277547035765, -0.002536100740533559, 0.24206220012864002, 0.0025625195204324073, 0.24105143703542217, 0.2167612544190232, 0.19901791546845227, 0.006446524879598237, 0.2167612544190232, 0.24206220012864002, 0.20972804713202356, -1000000.0, 0.1989965210483623, -0.015374084018223832, 0.20972804713202356, -0.011108154217519976, 0.2167612544190232, 0.20217232947432545, -0.007293494293055851, 0.19427128058838175, -0.003019553301749326, 0.015249954684370544, 0.24105143703542217, 0.24105143703542217, -0.05866418004886405, -0.001880616314681503, -0.022331475320254125, -0.0037089287091810644, 0.2167612544190232, -0.022331475320254125, 0.23852889461057705, 0.19901791546845227, 0.24206220012864002, -0.015282979729472195, 0.21322005464049273, 0.23015664747036713, 0.2167612544190232, -0.008090046544298395, -1000000.0, 0.19622569464627335, 0.13916405432141551, 0.059845627115387386, 0.23605686543042545, -0.03032207024632073, 0.1989305562928315, 0.24105143703542217, 0.24105143703542217, -0.010559703444504572, -0.010559703444504572]
Generation 9 starts.
final:  [0.19901791546845227, 0.16733576188387841, 0.24206220012864002, -0.05866418004886405, 0.24206220012864002, -0.00032347621616200345, 0.19901791546845227, 0.24206220012864002, 0.24206220012864002, 0.24105143703542217, 0.19901791546845227, -0.20361577856798949, 0.24206220012864002, -1000000.0, -0.07800817991884286, 0.006446524879598237, 0.24206220012864002, 0.20972804713202356, 0.24206220012864002, 0.24206220012864002, -0.07800817991884286, 0.24105143703542217, -0.007341675225452303, 0.2167612544190232, 0.24206220012864002, -0.20339841620950705, -0.00393752409418268, 0.24105143703542217, 0.20972804713202356, 0.24105143703542217, 0.24206220012864002, 0.24206220012864002, 0.07830711801573416, -0.013685157150704286, 0.17566406994507547, -0.007341675225452303, -0.05866418004886405, 0.2167612544190232, 0.21322005464049273, 0.23015664747036713, 0.16046145654741434, 0.24206220012864002, -0.07830879561491941, 0.18737085662825528, 0.2028102217924258, 0.07830711801573416, 0.194393495201792, -0.003019553301749326, 0.17566406994507547, -0.05866418004886405, 0.23573213435274934, 0.24206220012864002, -0.007341675225452303, 0.24206220012864002, -1000000.0, 0.18849387457634148, -0.008090046544298395, 0.24206220012864002, 0.24206220012864002, 0.24105143703542217, 0.194393495201792, 0.015249954684370544, 0.24206220012864002, -0.20339841620950705, -0.02528842186090667, 0.23573213435274934, 0.23015664747036713, 0.20972804713202356, 0.24206220012864002, 0.23573213435274934, -0.013685157150704286, 0.24206220012864002, -0.022331475320254125, 0.23053621949442946, 0.12648616246277378, 0.24206220012864002, 0.21322005464049273, 0.20298277547035765, 0.24206220012864002, 0.24110571775171213, 0.24206220012864002, -0.007341675225452303, 0.24206220012864002, 0.2167612544190232, 0.16733576188387841, 0.19841587553424084, -0.20361577856798949, 0.218317954360071, -0.008090046544298395, 0.24206220012864002, -0.0037089287091810644, -0.05866418004886405, 0.20298277547035765, 0.2167612544190232, 0.24206220012864002, 0.24206220012864002, 0.23015664747036713, -0.007341675225452303, -0.022331475320254125, -0.20361577856798949, 0.23573213435274934, 0.2167612544190232, 0.24206220012864002, -0.008090046544298395, 0.24206220012864002, -1000000.0, 0.006446524879598237, 0.24206220012864002, 0.20161879497912832, -0.07800817991884286, 0.12648616246277378, 0.0025625195204324073, 0.24206220012864002, 0.12648616246277378, 0.24206220012864002, 0.24206220012864002, -0.003019553301749326, -0.003019553301749326, 0.24105143703542217, 0.2167612544190232, 0.218317954360071, 0.07830711801573416, 0.24206220012864002, 0.23946102012567544, 0.16046145654741434, -0.008090046544298395, 0.21322005464049273, -0.013685157150704286, -0.20361577856798949, 0.20298277547035765, 0.23573213435274934, -0.20339841620950705, 0.16733576188387841, 0.22011840579201503, 0.23236950998872713, -0.007341675225452303, 0.19427128058838175, 0.23573213435274934, -0.022331475320254125, -0.02528842186090667, 0.20972804713202356, 0.194393495201792, 0.07830711801573416, 0.218317954360071, 0.18737085662825528, 0.20972804713202356, 0.21322005464049273, 0.22011840579201503, 0.24206220012864002, 0.2397728542460087, -0.022331475320254125, -0.013685157150704286, -0.015374084018223832, 0.24206220012864002, 0.24206220012864002, 0.24105143703542217, 0.24105143703542217, 0.24105143703542217, 0.2167612544190232, -0.02528842186090667, 0.24206220012864002, 0.24206220012864002, -0.013685157150704286, 0.24206220012864002, 0.24105143703542217, 0.2167612544190232, 0.24110571775171213, 0.23236950998872713, 0.20972804713202356, 0.24105143703542217, -0.022331475320254125, -0.003019553301749326, 0.24206220012864002, 0.24206220012864002, 0.19622569464627335, 0.1989965210483623, -0.010559703444504572, 0.20298277547035765, 0.20972804713202356, -0.008090046544298395, -1000000.0, 0.20972804713202356, -0.05866418004886405, 0.23015664747036713, -0.007293494293055851, -0.015374084018223832, -0.05866418004886405, -0.20339841620950705, 0.21322005464049273, -1000000.0, 0.17566406994507547, -0.00032347621616200345, -0.20361577856798949, 0.23573213435274934, -0.022331475320254125, 0.006446524879598237, -0.0037089287091810644, 0.19901791546845227, 0.2028102217924258, 0.12648616246277378, 0.23015664747036713, 0.24206220012864002, 0.24206220012864002, 0.24110571775171213, -0.00032347621616200345, 0.21322005464049273, 0.12648616246277378, -1000000.0, -0.008090046544298395, 0.20972804713202356, 0.24206220012864002, 0.17566406994507547, 0.19901791546845227, -0.003019553301749326, -1000000.0, -1000000.0, 0.17566406994507547, 0.20972804713202356, 0.218317954360071, 0.24206220012864002, 0.17566406994507547, 0.24206220012864002, 0.24105143703542217, 0.24105143703542217, 0.24105143703542217, -0.07800817991884286, 0.12648616246277378, -0.20361577856798949, 0.19841587553424084, 0.21322005464049273, 0.21322005464049273, 0.24206220012864002, 0.24206220012864002, 0.19901791546845227, 0.24105143703542217, 0.24105143703542217, 0.20298277547035765, 0.24206220012864002, 0.21645692719038503, -0.07800817991884286, 0.23015664747036713, 0.21322005464049273, 0.16046145654741434, 0.20298277547035765, 0.24206220012864002, 0.0025625195204324073, 0.24105143703542217, -0.007341675225452303, 0.2028102217924258, -0.007341675225452303]
Generation 10 starts.
final:  [-0.010129393643734195, 0.24206220012864002, 0.19901791546845227, 0.23015664747036713, 0.22011840579201503, 0.20298277547035765, 0.23015664747036713, 0.18737085662825528, 0.24206220012864002, -0.20361577856798949, 0.21322005464049273, -0.007341675225452303, -0.003019553301749326, 0.19841587553424084, 0.22011840579201503, 0.24206220012864002, 0.218317954360071, 0.21322005464049273, -0.007341675225452303, -0.003019553301749326, -0.013685157150704286, 0.2167612544190232, 0.24206220012864002, 0.20972804713202356, 0.2167612544190232, -0.003019553301749326, 0.006446524879598237, 0.24206220012864002, 0.20298277547035765, 0.21322005464049273, 0.24206220012864002, -1000000.0, 0.006446524879598237, -1000000.0, 0.24105143703542217, -0.003019553301749326, 0.24105143703542217, 0.2301494025285982, -0.02528842186090667, 0.2167612544190232, 0.19901791546845227, -0.008090046544298395, 0.18737085662825528, 0.24206220012864002, 0.24206220012864002, 0.24105143703542217, -0.008090046544298395, 0.24206220012864002, 0.20972804713202356, -0.05866418004886405, -0.007341675225452303, 0.24206220012864002, -0.007341675225452303, 0.24206220012864002, 0.24206220012864002, -1000000.0, 0.21322005464049273, 0.12648616246277378, 0.16733576188387841, 0.24206220012864002, -0.20361577856798949, -0.003019553301749326, -0.0037089287091810644, 0.19901791546845227, -0.013685157150704286, 0.07830711801573416, 0.24105143703542217, 0.22011840579201503, -0.022331475320254125, 0.19841587553424084, 0.24206220012864002, -0.003019553301749326, 0.23573213435274934, -0.008090046544298395, 0.22011840579201503, 0.24105143703542217, -0.05866418004886405, 0.006446524879598237, 0.24206220012864002, 0.24206220012864002, 0.24206220012864002, -0.007341675225452303, 0.24105143703542217, 0.07830711801573416, 0.218317954360071, 0.21322005464049273, -1000000.0, 0.24206220012864002, 0.07830711801573416, 0.218317954360071, 0.24105143703542217, 0.2028102217924258, 0.19901791546845227, 0.24105143703542217, 0.24206220012864002, 0.24206220012864002, 0.24206220012864002, 0.24206220012864002, 0.24206220012864002, 0.24206220012864002, 0.19622569464627335, 0.24110571775171213, 0.24105143703542217, 0.24206220012864002, 0.20972804713202356, 0.24206220012864002, 0.056228675637359074, -0.0037089287091810644, 0.24206220012864002, -0.022331475320254125, 0.21322005464049273, 0.21322005464049273, 0.24206220012864002, 0.20972804713202356, 0.24206220012864002, 0.24206220012864002, -0.02528842186090667, 0.18737085662825528, 0.19841587553424084, 0.18737085662825528, 0.23015664747036713, -0.20361577856798949, -0.20361577856798949, 0.24206220012864002, 0.21322005464049273, -0.007341675225452303, -1000000.0, -0.015374084018223832, 0.24206220012864002, 0.24206220012864002, -0.013685157150704286, -0.20361577856798949, 0.24105143703542217, 0.24105143703542217, 0.21322005464049273, 0.12648616246277378, 0.24206220012864002, 0.19622569464627335, -1000000.0, 0.22011840579201503, -1000000.0, 0.24206220012864002, 0.24206220012864002, -0.20361577856798949, 0.24110571775171213, 0.24110571775171213, -0.20361577856798949, 0.24105143703542217, 0.19901791546845227, 0.24206220012864002, 0.24206220012864002, -0.0037089287091810644, 0.24206220012864002, -0.003019553301749326, 0.24206220012864002, 0.2167612544190232, 0.24206220012864002, 0.20298277547035765, 0.21322005464049273, 0.21322005464049273, 0.23015664747036713, 0.24206220012864002, 0.24110571775171213, 0.24206220012864002, 0.24206220012864002, 0.24206220012864002, 0.24206220012864002, -0.013685157150704286, 0.24105143703542217, 0.24206220012864002, 0.24206220012864002, 0.24206220012864002, 0.218317954360071, 0.23015664747036713, 0.21322005464049273, 0.24105143703542217, 0.17566406994507547, 0.218317954360071, -0.20361577856798949, 0.24105143703542217, -0.07800817991884286, 0.24206220012864002, -0.05866418004886405, -0.008090046544298395, -1000000.0, -0.02528842186090667, 0.20972804713202356, -0.02528842186090667, 0.23573213435274934, -1000000.0, 0.24206220012864002, 0.24206220012864002, 0.24206220012864002, 0.24105143703542217, 0.21322005464049273, -1000000.0, 0.07830711801573416, 0.20972804713202356, -1000000.0, 0.24206220012864002, 0.19841587553424084, 0.023064445452418824, 0.24206220012864002, -0.20361577856798949, 0.22011840579201503, 0.24206220012864002, -0.20361577856798949, 0.21322005464049273, -0.015374084018223832, 0.2167612544190232, -0.05866418004886405, -0.07800817991884286, 0.24206220012864002, 0.218317954360071, 0.18737085662825528, 0.24206220012864002, -0.015374084018223832, 0.07830711801573416, 0.19901791546845227, 0.24105143703542217, -0.05866418004886405, 0.21322005464049273, 0.24105143703542217, 0.18737085662825528, -0.02528842186090667, 0.23573213435274934, 0.2167612544190232, 0.24110571775171213, 0.20972804713202356, 0.19622569464627335, 0.18737085662825528, 0.19622569464627335, 0.24206220012864002, 0.17566406994507547, 0.24206220012864002, 0.24206220012864002, 0.24206220012864002, -0.008090046544298395, 0.218317954360071, -0.003019553301749326, -0.07800817991884286, -0.022331475320254125, -0.02528842186090667, -0.20361577856798949, -0.003019553301749326, -0.02528842186090667, -0.007341675225452303, 0.18737085662825528, 0.24206220012864002, 0.24110571775171213]
Generation 11 starts.
final:  [-0.20361577856798949, 0.24206220012864002, 0.19841587553424084, 0.24110571775171213, -1000000.0, 0.24206220012864002, 0.24206220012864002, 0.218317954360071, 0.24105143703542217, 0.24206220012864002, 0.002422292520895263, 0.0025625195204324073, 0.12648616246277378, 0.24206220012864002, -0.07800817991884286, 0.17566406994507547, 0.24105143703542217, 0.07830711801573416, -0.003019553301749326, 0.20972804713202356, 0.2167612544190232, -0.006190139930126488, 0.20972804713202356, 0.24206220012864002, 0.24206220012864002, 0.24206220012864002, 0.2028102217924258, -0.02528842186090667, 0.24206220012864002, -0.02528842186090667, -0.003019553301749326, -0.008090046544298395, 0.19841587553424084, -0.013685157150704286, 0.24206220012864002, 0.24206220012864002, -0.003019553301749326, 0.19622569464627335, 0.23015664747036713, 0.0025625195204324073, 0.218317954360071, 0.20972804713202356, 0.22011840579201503, 0.218317954360071, 0.12648616246277378, 0.24206220012864002, 0.24206220012864002, -0.022331475320254125, 0.17566406994507547, 0.12648616246277378, 0.07830711801573416, 0.19622569464627335, 0.006446524879598237, 0.006446524879598237, 0.24206220012864002, 0.20972804713202356, 0.22011840579201503, 0.218317954360071, 0.006446524879598237, 0.24206220012864002, -0.003019553301749326, 0.12648616246277378, -1000000.0, 0.23573213435274934, 0.2167612544190232, -0.022331475320254125, 0.218317954360071, -0.003019553301749326, 0.24206220012864002, -0.07800817991884286, 0.24206220012864002, 0.22011840579201503, -0.02528842186090667, -0.015374084018223832, 0.2028102217924258, -0.003019553301749326, 0.19841587553424084, 0.20972804713202356, 0.24206220012864002, -0.007341675225452303, -0.20361577856798949, 0.19901791546845227, -0.015374084018223832, 0.24206220012864002, 0.24105143703542217, -0.015374084018223832, 0.24206220012864002, 0.07830711801573416, 0.19622569464627335, 0.24206220012864002, 0.24110571775171213, -0.20361577856798949, 0.24206220012864002, -1000000.0, 0.23573213435274934, -0.008090046544298395, 0.06970394120739706, 0.24206220012864002, -0.008090046544298395, 0.24206220012864002, 0.17566406994507547, -0.007341675225452303, 0.19901791546845227, 0.218317954360071, 0.23015664747036713, 0.21322005464049273, 0.24105143703542217, 0.2028102217924258, 0.24206220012864002, -0.002115685944058602, 0.24206220012864002, -0.015374084018223832, -0.20361577856798949, 0.20972804713202356, -0.07800817991884286, 0.19901791546845227, 0.21322005464049273, 0.006446524879598237, 0.24110571775171213, 0.24206220012864002, -0.015374084018223832, 0.24206220012864002, 0.24206220012864002, 0.24206220012864002, 0.24110571775171213, 0.24206220012864002, 0.22011840579201503, -0.003192795570892585, 0.23573213435274934, 0.20972804713202356, 0.24105143703542217, 0.16733576188387841, -0.07800817991884286, -0.007341675225452303, 0.24105143703542217, 0.21322005464049273, 0.1844933582815692, -0.008090046544298395, 0.21322005464049273, 0.20972804713202356, -0.07800817991884286, 0.24206220012864002, 0.19622569464627335, 0.19901791546845227, 0.24206220012864002, 0.19901791546845227, 0.24206220012864002, 0.21322005464049273, 0.21322005464049273, 0.2167612544190232, -0.003019553301749326, 0.218317954360071, -1000000.0, 0.24105143703542217, -0.07800817991884286, 0.24206220012864002, 0.21322005464049273, 0.24206220012864002, 0.24206220012864002, 0.19841587553424084, -0.007341675225452303, 0.218317954360071, -0.20361577856798949, 0.19622569464627335, 0.24206220012864002, 0.17566406994507547, 0.24105143703542217, 0.24206220012864002, -0.003019553301749326, 0.0025625195204324073, -0.0037089287091810644, -0.008090046544298395, -0.007341675225452303, 0.24105143703542217, 0.18737085662825528, 0.24105143703542217, 0.24110571775171213, 0.23015664747036713, 0.21322005464049273, 0.21322005464049273, 0.24206220012864002, 0.21322005464049273, 0.0025625195204324073, 0.24206220012864002, 0.20972804713202356, 0.21322005464049273, 0.0025625195204324073, 0.056228675637359074, 0.21322005464049273, 0.24105143703542217, 0.24206220012864002, 0.19901791546845227, 0.24206220012864002, 0.24206220012864002, 0.22011840579201503, 0.24206220012864002, 0.07830711801573416, 0.0025625195204324073, 0.21322005464049273, -0.05866418004886405, 0.21322005464049273, -1000000.0, 0.19841587553424084, -0.0037089287091810644, 0.2167612544190232, 0.24206220012864002, -0.007341675225452303, 0.24206220012864002, -0.003019553301749326, 0.19901791546845227, 0.24105143703542217, -0.008090046544298395, 0.20972804713202356, 0.24206220012864002, 0.16733576188387841, 0.2167612544190232, -0.003019553301749326, 0.06970394120739706, 0.12648616246277378, -0.05866418004886405, -0.20361577856798949, 0.24105143703542217, -0.015374084018223832, 0.24110571775171213, 0.19841587553424084, 0.19901791546845227, 0.24206220012864002, 0.24206220012864002, -0.003019553301749326, 0.21322005464049273, 0.24206220012864002, 0.24206220012864002, 0.24105143703542217, 0.24206220012864002, 0.24206220012864002, 0.16733576188387841, -1000000.0, 0.2167612544190232, 0.2167612544190232, -0.07800817991884286, 0.23015664747036713, 0.24105143703542217, 0.24206220012864002, 0.22011840579201503, 0.24206220012864002, 0.19622569464627335, 0.21322005464049273, 0.12648616246277378, 0.006446524879598237, 0.24206220012864002]
Generation 12 starts.
final:  [0.24206220012864002, 0.24206220012864002, 0.24206220012864002, 0.21322005464049273, 0.006446524879598237, 0.24105143703542217, -0.0965878736756148, -0.008090046544298395, 0.24206220012864002, 0.24206220012864002, 0.2167612544190232, 0.19622569464627335, -0.05866418004886405, 0.07830711801573416, 0.24206220012864002, 0.12648616246277378, 0.24110571775171213, -0.003019553301749326, 0.24206220012864002, 0.24206220012864002, 0.07830711801573416, 0.06970394120739706, 0.2028102217924258, -0.007341675225452303, -0.20361577856798949, -0.0037089287091810644, 0.17566406994507547, -0.07800817991884286, 0.24206220012864002, 0.07830711801573416, 0.24206220012864002, -0.008090046544298395, -0.05866418004886405, -0.07800817991884286, 0.218317954360071, 0.21322005464049273, -1000000.0, 0.22011840579201503, 0.20972804713202356, -0.07800817991884286, -0.013685157150704286, 0.24206220012864002, -0.05866418004886405, -0.015374084018223832, 0.24206220012864002, 0.218317954360071, -0.05866418004886405, -0.007341675225452303, 0.20972804713202356, 0.21322005464049273, 0.24206220012864002, -0.07800817991884286, 0.17566406994507547, 0.24110571775171213, 0.24206220012864002, 0.19901791546845227, 0.24206220012864002, 0.006446524879598237, 0.19841587553424084, 0.22011840579201503, -0.0004428517843875229, 0.24206220012864002, 0.24206220012864002, -0.003019553301749326, 0.24206220012864002, -0.003019553301749326, 0.24105143703542217, 0.20972804713202356, 0.24110571775171213, 0.24110571775171213, 0.16733576188387841, -0.20361577856798949, 0.24206220012864002, 0.24206220012864002, 0.12648616246277378, 0.24105143703542217, 0.17566406994507547, 0.24206220012864002, 0.24105143703542217, -1000000.0, 0.24206220012864002, 0.24206220012864002, -0.007341675225452303, 0.2167612544190232, -1000000.0, 0.19841587553424084, 0.0025625195204324073, 0.24206220012864002, 0.20972804713202356, -1000000.0, -0.07800817991884286, 0.19841587553424084, 0.24110571775171213, 0.24206220012864002, 0.16733576188387841, -0.028222760875460665, -0.022331475320254125, 0.22011840579201503, 0.21322005464049273, -0.0037089287091810644, 0.20972804713202356, 0.24206220012864002, 0.21322005464049273, -0.003019553301749326, 0.24206220012864002, 0.24206220012864002, 0.06307718966179787, 0.21322005464049273, -0.003019553301749326, 0.24206220012864002, -0.0031846934111590453, -0.013685157150704286, 0.24206220012864002, 0.2028102217924258, 0.2167612544190232, 0.22011840579201503, 0.24206220012864002, 0.07830711801573416, 0.21322005464049273, 0.2028102217924258, 0.0025625195204324073, 0.07830711801573416, 0.24206220012864002, -0.07800817991884286, -1000000.0, 0.21322005464049273, 0.24206220012864002, 0.17566406994507547, 0.2167612544190232, 0.006446524879598237, -0.0037089287091810644, 0.19890849830245275, 0.22011840579201503, 0.24105143703542217, 0.21322005464049273, -0.022331475320254125, -0.20361577856798949, 0.2028102217924258, 0.19841587553424084, 0.24206220012864002, -0.003019553301749326, 0.21322005464049273, 0.24206220012864002, 0.21322005464049273, 0.20298277547035765, 0.24206220012864002, 0.20298277547035765, -1000000.0, 0.24206220012864002, -0.003019553301749326, 0.2028102217924258, 0.24206220012864002, 0.2167612544190232, 0.2167612544190232, 0.24206220012864002, -0.013685157150704286, -0.015374084018223832, 0.2167612544190232, 0.23015664747036713, -0.003019553301749326, 0.18737085662825528, 0.24206220012864002, -1000000.0, 0.02333807804088087, 0.21322005464049273, 0.24206220012864002, 0.056228675637359074, 0.24105143703542217, 0.24206220012864002, 0.23015664747036713, -0.05866418004886405, 0.24206220012864002, 0.24206220012864002, -0.07800817991884286, 0.20972804713202356, 0.24105143703542217, -0.008090046544298395, 0.24206220012864002, 0.218317954360071, 0.20972804713202356, 0.02333807804088087, 0.19901791546845227, 0.23015664747036713, 0.24206220012864002, 0.21322005464049273, -0.008090046544298395, 0.21322005464049273, 0.19841587553424084, 0.24206220012864002, -0.007341675225452303, 0.24206220012864002, 0.24206220012864002, 0.19622569464627335, -0.003019553301749326, 0.24206220012864002, -0.003019553301749326, 0.17566406994507547, 0.17566406994507547, 0.16733576188387841, 0.24206220012864002, 0.24206220012864002, -1000000.0, 0.24206220012864002, 0.2028102217924258, 0.21322005464049273, 0.17566406994507547, -0.003019553301749326, 0.24206220012864002, 0.2028102217924258, 0.24206220012864002, 0.17566406994507547, 0.18737085662825528, 0.24206220012864002, -1000000.0, 0.24206220012864002, -0.0037089287091810644, 0.0025625195204324073, -0.20361577856798949, -0.003019553301749326, 0.24206220012864002, 0.24105143703542217, 0.24206220012864002, 0.006446524879598237, 0.19622569464627335, 0.24206220012864002, -0.20361577856798949, -0.05866418004886405, 0.24206220012864002, 0.17566406994507547, -0.20361577856798949, 0.21322005464049273, 0.20972804713202356, 0.19622569464627335, 0.24206220012864002, 0.24105143703542217, 0.19901791546845227, 0.24206220012864002, 0.2167612544190232, -0.003019553301749326, -1000000.0, 0.19841587553424084, 0.24206220012864002, 0.24206220012864002, 0.23015664747036713, 0.19901791546845227, 0.12648616246277378, 0.23573213435274934, -0.015374084018223832, 0.24105143703542217, -0.20361577856798949]
Generation 13 starts.
final:  [0.23015664747036713, -0.20361577856798949, 0.24110571775171213, 0.07830711801573416, 0.06970394120739706, -0.008090046544298395, 0.2167612544190232, -1000000.0, 0.0025625195204324073, 0.21322005464049273, 0.2028102217924258, 0.24206220012864002, -0.0037089287091810644, 0.21322005464049273, -0.022331475320254125, 0.21322005464049273, -0.07800817991884286, 0.21322005464049273, -0.07800817991884286, 0.24206220012864002, 0.0025625195204324073, -0.05866418004886405, 0.24206220012864002, 0.17566406994507547, 0.02333807804088087, 0.2028102217924258, 0.24206220012864002, 0.20972804713202356, -0.015374084018223832, 0.24206220012864002, -0.0031616398742378847, 0.22011840579201503, -0.20361577856798949, 0.24206220012864002, 0.24105143703542217, 0.21322005464049273, 0.12648616246277378, 0.17566406994507547, 0.24105143703542217, 0.21322005464049273, 0.19622569464627335, 0.22011840579201503, 0.006446524879598237, 0.20972804713202356, 0.06699507306897098, 0.0025625195204324073, 0.23015664747036713, 0.24206220012864002, 0.16733576188387841, 0.24206220012864002, 0.2167612544190232, 0.24206220012864002, 0.24206220012864002, 0.22011840579201503, 0.24105143703542217, -0.003019553301749326, -0.07800817991884286, 0.24110571775171213, -1000000.0, -0.003019553301749326, 0.07830711801573416, -0.07800817991884286, 0.24206220012864002, 0.19622569464627335, 0.24206220012864002, 0.18737085662825528, 0.21322005464049273, 0.24206220012864002, 0.24105143703542217, 0.24206220012864002, 0.24206220012864002, 0.19841587553424084, -0.013685157150704286, -0.003019553301749326, -0.015374084018223832, -0.007341675225452303, -0.02528842186090667, 0.24206220012864002, 0.24206220012864002, 0.19622569464627335, 0.2167612544190232, 0.2028102217924258, -0.003019553301749326, -0.07800817991884286, 0.16733576188387841, 0.24206220012864002, 0.19622569464627335, 0.24206220012864002, 0.19622569464627335, -1000000.0, 0.24206220012864002, 0.2167612544190232, 0.24206220012864002, 0.24206220012864002, -0.02528842186090667, 0.13737152361384586, -0.02528842186090667, 0.24206220012864002, 0.2167612544190232, 0.24206220012864002, -0.02528842186090667, 0.24206220012864002, 0.19622569464627335, -0.003019553301749326, 0.19841587553424084, -0.05866418004886405, 0.24206220012864002, 0.21322005464049273, 0.006446524879598237, 0.24206220012864002, -0.008090046544298395, 0.24105143703542217, 0.0025625195204324073, -0.013685157150704286, 0.1844933582815692, 0.24110571775171213, 0.24206220012864002, 0.0025625195204324073, 0.20972804713202356, 0.24206220012864002, -0.008090046544298395, -0.022331475320254125, -0.007341675225452303, 0.24206220012864002, 0.0025625195204324073, 0.0025625195204324073, 0.24206220012864002, 0.18737085662825528, 0.19901791546845227, 0.17566406994507547, 0.23573213435274934, 0.16733576188387841, 0.218317954360071, 0.218317954360071, 0.20291060362710653, 0.2167612544190232, 0.24105143703542217, 0.20972804713202356, 0.24105143703542217, -0.007341675225452303, 0.2167612544190232, 0.23573213435274934, 0.19841587553424084, -0.20361577856798949, -0.022331475320254125, 0.19901791546845227, 0.17566406994507547, -0.007341675225452303, -0.008090046544298395, -0.02528842186090667, -0.02528842186090667, 0.24206220012864002, 0.24206220012864002, 0.20972804713202356, -1000000.0, 0.22011840579201503, -0.003019553301749326, -0.07800817991884286, 0.24206220012864002, -1000000.0, 0.0025625195204324073, 0.0025625195204324073, -0.07800817991884286, 0.24206220012864002, 0.24206220012864002, 0.218317954360071, 0.24105143703542217, 0.21322005464049273, 0.24206220012864002, 0.24206220012864002, -0.20361577856798949, 0.006446524879598237, 0.21322005464049273, 0.24206220012864002, 0.17566406994507547, 0.19622569464627335, 0.07570249177317283, 0.24105143703542217, 0.006446524879598237, -0.028222760875460665, -0.003019553301749326, 0.24206220012864002, -1000000.0, 0.24206220012864002, 0.24105143703542217, -0.028235668688185108, -0.013685157150704286, -1000000.0, 0.24206220012864002, 0.22011840579201503, 0.19622569464627335, 0.20972804713202356, 0.24206220012864002, 0.21322005464049273, 0.23015664747036713, 0.24206220012864002, 0.21322005464049273, 0.218317954360071, 0.2028102217924258, 0.19841587553424084, -1000000.0, -0.20361577856798949, 0.21322005464049273, 0.24206220012864002, -1000000.0, -0.05866418004886405, 0.24206220012864002, 0.24206220012864002, 0.2028102217924258, 0.24206220012864002, 0.22011840579201503, 0.20298277547035765, -0.003019553301749326, 0.07835141463015907, -0.013685157150704286, 0.17566406994507547, 0.24206220012864002, 0.24206220012864002, -0.003019553301749326, 0.07835141463015907, 0.006446524879598237, 0.21322005464049273, 0.24105143703542217, 0.21322005464049273, -0.007341675225452303, 0.24206220012864002, 0.24206220012864002, 0.2167612544190232, -0.022331475320254125, 0.22011840579201503, 0.24105143703542217, -0.003019553301749326, 0.21533503319571948, 0.2028102217924258, 0.24105143703542217, -0.02528842186090667, 0.006446524879598237, 0.21322005464049273, 0.24206220012864002, 0.06097088243804036, 0.24206220012864002, 0.19841587553424084, 0.19901791546845227, 0.19841587553424084, 0.16733576188387841, 0.24206220012864002, -0.008090046544298395, -0.0004428517843875229, 0.09860452624037205, 0.20972804713202356]
Generation 14 starts.
final:  [-0.05866418004886405, -0.007341675225452303, 0.24206220012864002, -0.015374084018223832, 0.0025625195204324073, -0.07800817991884286, 0.24206220012864002, 0.20972804713202356, 0.2167612544190232, 0.24206220012864002, -0.013685157150704286, 0.20972804713202356, -0.07800817991884286, -0.007341675225452303, 0.16733576188387841, 0.0025625195204324073, 0.24206220012864002, 0.17566406994507547, 0.16733576188387841, -0.015374084018223832, 0.20972804713202356, 0.218317954360071, -0.20361577856798949, 0.20972804713202356, 0.24206220012864002, -0.003019553301749326, 0.2167612544190232, 0.21322005464049273, 0.22011840579201503, 0.24206220012864002, 0.218317954360071, 0.0025625195204324073, 0.24105143703542217, -0.07800817991884286, 0.24206220012864002, 0.20972804713202356, 0.24206220012864002, -0.05866418004886405, 0.006446524879598237, -0.07800817991884286, 0.20298277547035765, 0.20972804713202356, -0.20361577856798949, 0.23015664747036713, 0.24110571775171213, -0.003019553301749326, -1000000.0, 0.24206220012864002, 0.19901791546845227, 0.24105143703542217, 0.24206220012864002, -0.006190139930126488, 0.24206220012864002, 0.24206220012864002, 0.056228675637359074, 0.07846487628724513, 0.218317954360071, 0.24206220012864002, -0.003019553301749326, 0.023543188659126014, -0.02528842186090667, 0.24206220012864002, 0.24206220012864002, 0.218317954360071, 0.24105143703542217, 0.24206220012864002, 0.24206220012864002, 0.2167612544190232, 0.24206220012864002, 0.23573213435274934, -0.008090046544298395, 0.24206220012864002, 0.0025625195204324073, -0.003019553301749326, 0.21322005464049273, 0.16733576188387841, 0.19622569464627335, 0.24206220012864002, 0.20972804713202356, 0.1844933582815692, 0.21322005464049273, 0.24206220012864002, 0.22011840579201503, 0.22011840579201503, 0.22011840579201503, -0.003019553301749326, -0.015374084018223832, 0.23573213435274934, 0.2167612544190232, -0.006190139930126488, 0.22011840579201503, -0.003019553301749326, -0.20361577856798949, 0.24206220012864002, 0.16733576188387841, 0.24206220012864002, 0.20972804713202356, 0.06307718966179787, -0.003019553301749326, 0.21322005464049273, 0.21322005464049273, -0.008090046544298395, 0.23573213435274934, -0.05866418004886405, -0.015374084018223832, 0.24206220012864002, 0.21322005464049273, 0.24110571775171213, 0.13737152361384586, 0.24206220012864002, 0.20972804713202356, 0.24206220012864002, 0.23573213435274934, 0.24206220012864002, 0.22011840579201503, 0.1886317828306423, -0.02528842186090667, 0.2028102217924258, 0.16733576188387841, 0.16733576188387841, 0.23303214685912707, -0.003019553301749326, 0.24206220012864002, 0.24206220012864002, -0.07800817991884286, 0.12648616246277378, 0.24110571775171213, -0.015374084018223832, 0.06970394120739706, 0.24206220012864002, 0.24206220012864002, 0.19901791546845227, -0.008090046544298395, 0.24105143703542217, 0.24110571775171213, 0.24206220012864002, 0.2028102217924258, 0.19841587553424084, 0.24206220012864002, 0.2167612544190232, 0.24206220012864002, 0.24105143703542217, 0.2167612544190232, 0.24105143703542217, -0.003019553301749326, 0.24206220012864002, 0.18737085662825528, -0.022331475320254125, 0.21322005464049273, 0.24206220012864002, -0.07800817991884286, 0.20291060362710653, 0.23015664747036713, 0.19901791546845227, -0.015374084018223832, 0.24206220012864002, 0.07830711801573416, -0.006190139930126488, 0.17566406994507547, 0.13737152361384586, 0.24206220012864002, 0.20972804713202356, 0.24206220012864002, 0.2167612544190232, 0.2167612544190232, 0.24206220012864002, 0.218317954360071, 0.2167612544190232, 0.24206220012864002, 0.23573213435274934, 0.16733576188387841, -0.007341675225452303, -0.007341675225452303, 0.17566406994507547, -0.0031616398742378847, 0.24105143703542217, 0.16733576188387841, -0.015374084018223832, 0.23015664747036713, -0.20361577856798949, 0.19901791546845227, 0.24105143703542217, 0.2167612544190232, 0.02333807804088087, 0.20298277547035765, -0.20361577856798949, -0.022331475320254125, -0.008090046544298395, 0.07830711801573416, 0.24206220012864002, 0.24110571775171213, 0.24105143703542217, 0.19622569464627335, -1000000.0, -0.003019553301749326, 0.218317954360071, 0.24206220012864002, 0.24206220012864002, 0.22011840579201503, 0.24105143703542217, 0.1372693885935456, 0.24206220012864002, 0.19841587553424084, 0.24206220012864002, 0.19841587553424084, 0.24206220012864002, -0.003019553301749326, 0.24206220012864002, -0.02528842186090667, 0.24206220012864002, 0.20972804713202356, -0.11995902631916508, 0.24105143703542217, 0.24206220012864002, 0.24110571775171213, 0.19841587553424084, 0.24206220012864002, 0.20972804713202356, 0.21322005464049273, 0.24110571775171213, 0.006446524879598237, -1000000.0, 0.24206220012864002, 0.24206220012864002, -0.07800817991884286, 0.18737085662825528, -0.003019553301749326, 0.24206220012864002, 0.0025625195204324073, -0.05866418004886405, 0.24206220012864002, 0.17566406994507547, 0.0025625195204324073, 0.24206220012864002, 0.24105143703542217, -0.022331475320254125, 0.24206220012864002, 0.17566406994507547, 0.006446524879598237, 0.24206220012864002, -0.07800817991884286, 0.24105143703542217, 0.21322005464049273, -0.022331475320254125, 0.21322005464049273, 0.24206220012864002, 0.24206220012864002, 0.218317954360071, -0.02528842186090667, 0.06970394120739706]
Generation 15 starts.
final:  [0.24206220012864002, 0.24206220012864002, 0.20298277547035765, 0.24206220012864002, 0.24206220012864002, 0.24206220012864002, 0.24206220012864002, 0.24206220012864002, -0.07800817991884286, 0.07830711801573416, 0.12648616246277378, 0.21322005464049273, 0.19901791546845227, -0.003019553301749326, -0.20361577856798949, 0.24206220012864002, 0.1844933582815692, -0.022331475320254125, -1000000.0, -0.0004428517843875229, 0.21322005464049273, 0.19901791546845227, 0.24206220012864002, 0.2167612544190232, -0.013685157150704286, 0.20972804713202356, 0.20972804713202356, 0.24206220012864002, 0.218317954360071, 0.24206220012864002, 0.22011840579201503, -0.07800817991884286, 0.24206220012864002, -0.07800817991884286, 0.24105143703542217, 0.23015664747036713, 0.24206220012864002, -0.015374084018223832, 0.23015664747036713, -0.028494452140161605, -0.007018497066117824, 0.20972804713202356, 0.24206220012864002, -0.003019553301749326, 0.24206220012864002, 0.17566406994507547, 0.0233408489753813, -0.028235668688185108, -0.022331475320254125, -0.003019553301749326, 0.21322005464049273, 0.24206220012864002, 0.23015664747036713, 0.24206220012864002, 0.24206220012864002, 0.24206220012864002, 0.24206220012864002, -0.0037089287091810644, 0.24206220012864002, -0.003019553301749326, 0.24105143703542217, 0.23573213435274934, -0.006190139930126488, -0.003019553301749326, 0.24206220012864002, 0.24206220012864002, -0.05866418004886405, -0.003019553301749326, 0.24206220012864002, 0.09860452624037205, -0.0037089287091810644, 0.06970394120739706, 0.17566406994507547, -0.028494452140161605, 0.21322005464049273, 0.07830711801573416, -0.013685157150704286, 0.24105143703542217, 0.24206220012864002, -0.003019553301749326, -1000000.0, 0.2028102217924258, 0.18737085662825528, 0.24206220012864002, 0.24206220012864002, -0.003019553301749326, 0.24206220012864002, -0.07800817991884286, 0.24206220012864002, -0.05866418004886405, -0.003019553301749326, -0.05866418004886405, -0.02528842186090667, -0.0037089287091810644, -0.008090046544298395, 0.24206220012864002, 0.24206220012864002, 0.20972804713202356, 0.24105143703542217, 0.09863255629442394, -1000000.0, 0.24206220012864002, -0.028222760875460665, -0.008090046544298395, 0.2167612544190232, -0.003019553301749326, -0.02528842186090667, 0.24206220012864002, 0.24206220012864002, -0.022331475320254125, 0.21322005464049273, 0.21322005464049273, 0.23015664747036713, 0.20972804713202356, 0.18737085662825528, 0.24105143703542217, 0.24206220012864002, -0.02528842186090667, -0.015374084018223832, 0.24206220012864002, 0.20972804713202356, 0.24206220012864002, -1000000.0, 0.24206220012864002, 0.24206220012864002, 0.19901791546845227, 0.23015664747036713, 0.14586325943432832, 0.23573213435274934, 0.24206220012864002, 0.006446524879598237, 0.24206220012864002, 0.13737152361384586, -0.013685157150704286, 0.24206220012864002, 0.24105143703542217, 0.24206220012864002, 0.20972804713202356, 0.24110571775171213, 0.24105143703542217, 0.24206220012864002, -0.015374084018223832, 0.22011840579201503, -0.015374084018223832, -0.003019553301749326, 0.24206220012864002, 0.23015664747036713, 0.18737085662825528, 0.2167612544190232, 0.018339567787212258, 0.2028102217924258, 0.24206220012864002, -0.022331475320254125, -0.008090046544298395, 0.24206220012864002, 0.24206220012864002, 0.24206220012864002, -1000000.0, 0.24105143703542217, 0.24206220012864002, 0.24206220012864002, -0.003019553301749326, 0.18442573194348047, 0.21322005464049273, 0.24206220012864002, 0.07830711801573416, 0.24206220012864002, 0.20972804713202356, 0.23015664747036713, 0.24206220012864002, 0.20972804713202356, -1000000.0, 0.0025625195204324073, -0.07800817991884286, 0.19622569464627335, 0.0025625195204324073, 0.22011840579201503, 0.006446524879598237, 0.19841587553424084, -0.008090046544298395, 0.17566406994507547, 0.24206220012864002, 0.19622569464627335, 0.20972804713202356, 0.07835141463015907, -0.007341675225452303, -0.0037089287091810644, 0.2028102217924258, -1000000.0, 0.20972804713202356, 0.23573213435274934, 0.24105143703542217, 0.24206220012864002, 0.19901791546845227, 0.03415299098869218, -0.008090046544298395, 0.2028102217924258, 0.19622569464627335, -0.003019553301749326, 0.24206220012864002, 0.24206220012864002, -0.006190139930126488, 0.19841587553424084, 0.24206220012864002, 0.22011840579201503, 0.24105143703542217, 0.13737152361384586, -0.003019553301749326, 0.24206220012864002, 0.19841587553424084, 0.19622569464627335, 0.24206220012864002, 0.24206220012864002, -0.007341675225452303, 0.24206220012864002, 0.19901791546845227, 0.24206220012864002, 0.0697406117380449, 0.24206220012864002, -0.20361577856798949, 0.19622569464627335, 0.006446524879598237, -0.015374084018223832, 0.20025654214814775, 0.2167612544190232, 0.24206220012864002, 0.20298277547035765, -0.05866418004886405, 0.2028102217924258, -0.0037089287091810644, 0.24206220012864002, -0.0965878736756148, 0.008379869112573775, 0.24206220012864002, -0.07800817991884286, 0.1308967231304507, -0.20361577856798949, 0.21322005464049273, 0.21322005464049273, 0.19841587553424084, 0.218317954360071, 0.19901791546845227, -0.05866418004886405, 0.06970394120739706, 0.16733576188387841, 0.22011840579201503, 0.21320963088034228, 0.16733576188387841, 0.16733576188387841, -0.0031616398742378847]
Generation 16 starts.
final:  [0.24105143703542217, 0.24206220012864002, 0.24206220012864002, 0.19901791546845227, 0.218317954360071, 0.24105143703542217, 0.22011840579201503, 0.218317954360071, 0.24206220012864002, 0.2167612544190232, 0.24206220012864002, -0.003019553301749326, 0.24105143703542217, -0.003019553301749326, 0.21322005464049273, 0.22011840579201503, 0.19901791546845227, 0.06307718966179787, -0.003019553301749326, 0.24206220012864002, -0.05866418004886405, 0.24206220012864002, 0.24206220012864002, -0.008090046544298395, 0.24105143703542217, 0.006620270263975754, -0.013685157150704286, 0.1372693885935456, 0.23573213435274934, 0.24206220012864002, -0.006190139930126488, 0.17566406994507547, -0.007341675225452303, 0.24206220012864002, -1000000.0, -0.0037089287091810644, 0.24110571775171213, -0.007341675225452303, 0.24206220012864002, -0.003019553301749326, -0.20361577856798949, -0.0037089287091810644, 0.023320623177409166, -0.05866418004886405, 0.07846487628724513, 0.2028102217924258, 0.20972804713202356, 0.24110571775171213, 0.20298277547035765, -0.20361577856798949, -0.05866418004886405, 0.002368868958204943, -0.20361577856798949, 0.24206220012864002, 0.24206220012864002, 0.18737085662825528, -0.028222760875460665, -0.028222760875460665, -0.20361577856798949, 0.1844933582815692, -0.003019553301749326, 0.09860452624037205, 0.24206220012864002, -0.20361577856798949, 0.19901791546845227, 0.000218782000476692, 0.17566406994507547, 0.056228675637359074, -0.013685157150704286, 0.2167612544190232, 0.19622569464627335, 0.2167612544190232, -0.0037089287091810644, 0.218317954360071, 0.24110571775171213, 0.24206220012864002, 0.07830711801573416, 0.24110571775171213, -0.05866418004886405, 0.218317954360071, 0.19294632340461332, 0.17566406994507547, 0.24206220012864002, 0.19901791546845227, -1000000.0, 0.24105143703542217, 0.24206220012864002, 0.19622569464627335, 0.06130907748126509, 0.24206220012864002, 0.24206220012864002, 0.21322005464049273, 0.24206220012864002, 0.24206220012864002, 0.24105143703542217, -0.007341675225452303, 0.19901791546845227, -0.003019553301749326, 0.24206220012864002, 0.24206220012864002, 0.13737152361384586, 0.21322005464049273, 0.24206220012864002, 0.17566406994507547, 0.20298277547035765, 0.20298277547035765, -0.20361577856798949, 0.24105143703542217, 0.24206220012864002, 0.24206220012864002, 0.00015577333262441507, 0.24206220012864002, -0.003019553301749326, 0.24105143703542217, 0.21322005464049273, -0.028441860421424464, -0.008090046544298395, 0.17566406994507547, 0.1844933582815692, -0.015374084018223832, 0.20972804713202356, -0.05866418004886405, 0.24206220012864002, 0.24124949474614607, -0.028222760875460665, 0.22307770213509104, 0.24206220012864002, 0.24206220012864002, 0.24124949474614607, 0.24206220012864002, -0.003019553301749326, 0.24206220012864002, 0.18737085662825528, -0.003019553301749326, 0.13737152361384586, -0.003019553301749326, 0.23573213435274934, 0.24206220012864002, 0.21322005464049273, 0.23573213435274934, -0.003019553301749326, 0.24206220012864002, 0.21322005464049273, 0.2167612544190232, -0.20361577856798949, 0.2167612544190232, -0.07800817991884286, 0.20972804713202356, 0.24206220012864002, 0.23573213435274934, 0.24206220012864002, -0.003022782529429042, 0.25830297809265723, 0.24206220012864002, -0.003019553301749326, -0.07800817991884286, 0.06970394120739706, 0.24206220012864002, 0.24206220012864002, 0.12648616246277378, 0.24105143703542217, 0.24206220012864002, -0.028222760875460665, 0.23015664747036713, 0.24206220012864002, -0.007341675225452303, 0.21322005464049273, -0.20361577856798949, -0.022331475320254125, 0.06970394120739706, 0.003772357562455535, 0.06970394120739706, 0.003772357562455535, 0.16733576188387841, 0.19901791546845227, 0.21322005464049273, 0.24206220012864002, -0.003019553301749326, 0.2167612544190232, 0.2028102217924258, 0.20972804713202356, 0.24105143703542217, -0.013685157150704286, -0.008090046544298395, 0.19841587553424084, 0.24206220012864002, -0.05866418004886405, 0.13737152361384586, -0.05866418004886405, 0.21322005464049273, 0.19622569464627335, 0.21322005464049273, 0.12648616246277378, -0.05866418004886405, 0.18737085662825528, 0.24206220012864002, 0.12648616246277378, 0.20972804713202356, 0.12648616246277378, 0.22011840579201503, 0.2167612544190232, 0.218317954360071, 0.24105143703542217, -0.20361577856798949, 0.23015664747036713, 0.23015664747036713, -0.008090046544298395, 0.19622569464627335, 0.18737085662825528, -0.022331475320254125, -0.008090046544298395, 0.24105143703542217, 0.09860452624037205, 0.0025625195204324073, -0.0036314371973640547, 0.19622569464627335, -0.05866418004886405, 0.23573213435274934, 0.24105143703542217, 0.21322005464049273, 0.24206220012864002, -0.20361577856798949, 0.24206220012864002, 0.00015577333262441507, -1000000.0, 0.24206220012864002, -0.015374084018223832, -0.015374084018223832, 0.24206220012864002, 0.21322005464049273, 0.24206220012864002, 0.22011840579201503, -0.20361577856798949, 0.24206220012864002, -0.02528842186090667, -0.013685157150704286, 0.24206220012864002, -0.003019553301749326, 0.19901791546845227, 0.2167612544190232, -1000000.0, -0.007341675225452303, -0.013685157150704286, -0.07800817991884286, 0.24105143703542217, -0.05866418004886405, 0.21322005464049273, -0.07800817991884286, 0.09860452624037205, 0.2167612544190232]
Generation 17 starts.
final:  [0.17566406994507547, 0.24206220012864002, 0.09863255629442394, 0.21322005464049273, -0.008090046544298395, 0.21322005464049273, 0.24206220012864002, -0.013685157150704286, -0.05866418004886405, 0.23015664747036713, -0.022331475320254125, 0.23573213435274934, 0.2167612544190232, 0.24206220012864002, -0.004526928766656588, 0.22011840579201503, 0.19901791546845227, 0.25830297809265723, 0.06970394120739706, 0.24206220012864002, 0.24206220012864002, 0.09860452624037205, -0.008090046544298395, 0.09863255629442394, 0.24206220012864002, 0.23015664747036713, 0.08259605907293913, 0.24206220012864002, -0.028441860421424464, -0.007018497066117824, 0.07146945802121023, 0.19901791546845227, 0.09863255629442394, -0.003019553301749326, -0.05866418004886405, -0.20361577856798949, 0.24105143703542217, 0.24206220012864002, 0.23410379573162596, 0.0233408489753813, 0.24206220012864002, 0.09740868071227436, 0.17566406994507547, 0.24206220012864002, 0.21322005464049273, -0.07800817991884286, -0.006189676026615227, 0.1605108987408716, -0.003019553301749326, 0.07146945802121023, 0.2028102217924258, 0.24206220012864002, 0.24105143703542217, 0.02333807804088087, 0.07146945802121023, -0.03567658325750256, 0.24206220012864002, 0.24206220012864002, 0.24206220012864002, 0.24206220012864002, -0.028222760875460665, -0.20361577856798949, -0.003019553301749326, 0.056228675637359074, -0.028494452140161605, 0.24206220012864002, 0.2028102217924258, 0.24206220012864002, -0.0038602566732169495, -0.0038602566732169495, 0.20972804713202356, -0.022331475320254125, 0.17566406994507547, 0.24206220012864002, 0.24206220012864002, 0.25830297809265723, 0.24206220012864002, 0.24206220012864002, -0.003022782529429042, 0.20972804713202356, 0.218317954360071, 0.2167612544190232, -0.003022782529429042, 0.24105143703542217, 0.24206220012864002, 0.0025625195204324073, 0.24105143703542217, 0.2584558320855164, -1000000.0, -0.008090046544298395, 0.07702858770357857, 0.25830297809265723, 0.24206220012864002, 0.06307718966179787, -0.002115685944058602, 0.2167612544190232, 0.24206220012864002, 0.0233408489753813, -1000000.0, 0.24206220012864002, 0.24206220012864002, -0.003019553301749326, -0.07800817991884286, 0.24206220012864002, 0.22011840579201503, -0.05866418004886405, -0.02528842186090667, -0.006190139930126488, -0.20361577856798949, 0.24206220012864002, 0.24206220012864002, -0.008090046544298395, 0.25830500986054533, 0.24105143703542217, -0.003019553301749326, 0.18954965215023628, 0.24206220012864002, 0.07830711801573416, 0.24206220012864002, 0.24206220012864002, 0.21322005464049273, -0.20361577856798949, 0.24206220012864002, 0.21322005464049273, 0.24206220012864002, 0.00015577333262441507, 0.2582545549887272, -1000000.0, -0.007341675225452303, 0.24206220012864002, -0.20361577856798949, 0.24206220012864002, 0.0698009576015532, 0.25830297809265723, 0.25830297809265723, -0.008090046544298395, 0.24105143703542217, 0.006446524879598237, -0.0016268001915051113, 0.22011840579201503, -0.015374084018223832, 0.18442573194348047, 0.0697406117380449, 0.23015664747036713, -0.07800817991884286, 0.20972804713202356, -0.015374084018223832, 0.06709856569131213, 0.2584558320855164, 0.24206220012864002, 0.24206220012864002, 0.02333807804088087, -0.015374084018223832, 0.24105143703542217, 0.24206220012864002, 0.22011840579201503, 0.2414755016154838, -0.007341675225452303, 0.24206220012864002, 0.06699507306897098, 0.24206220012864002, -0.003019553301749326, 0.24105143703542217, 0.24206220012864002, 0.20972804713202356, 0.2581312307160838, 0.18737085662825528, 0.19841587553424084, 0.1372693885935456, 0.21322005464049273, -0.0965878736756148, 0.24206220012864002, -0.07800817991884286, 0.24110571775171213, 0.20298277547035765, -0.003192795570892585, 0.20972804713202356, 0.24206220012864002, 0.07830711801573416, 0.24206220012864002, 0.21758092400523796, 0.23573213435274934, 0.23573213435274934, 0.24206220012864002, -0.002115685944058602, 0.218317954360071, 0.25830297809265723, -0.02528842186090667, -0.20361577856798949, 0.21322005464049273, 0.22011840579201503, 0.09860452624037205, -0.003019553301749326, 0.21322005464049273, 0.22584926247642179, -0.003019553301749326, 0.0737477422599333, 0.24206220012864002, 0.19622569464627335, -0.20361577856798949, 0.24105143703542217, 0.13737152361384586, 0.24206220012864002, 0.00015577333262441507, 0.22011840579201503, 0.006446524879598237, 0.24206220012864002, 0.20972804713202356, -0.013685157150704286, 0.18737085662825528, 0.23573213435274934, 0.218317954360071, -0.05866418004886405, -0.003019553301749326, 0.07146945802121023, -0.003019553301749326, 0.2167612544190232, 0.19622569464627335, 0.24206220012864002, 0.24206220012864002, 0.24206220012864002, -0.028222760875460665, -0.028235668688185108, -0.022331475320254125, -0.022331475320254125, -0.007341675225452303, 0.06307718966179787, 0.24206220012864002, 0.24206220012864002, 0.002348690145966693, 0.1844516789972221, 0.0040562768573261555, 0.23573213435274934, 0.0714027398297714, 0.2167612544190232, -0.003019553301749326, 0.25830297809265723, 0.0697406117380449, 0.18737085662825528, 0.0025625195204324073, -0.007341675225452303, 0.24206220012864002, 0.06307718966179787, 0.24105143703542217, 0.24206220012864002, 0.24206220012864002, 0.19901791546845227, 0.24206220012864002, 0.24206220012864002, -0.008090046544298395]
Generation 18 starts.
final:  [0.2581312307160838, 0.13629447004145845, 0.025817290990806104, -0.20361577856798949, 0.22584926247642179, 0.19622569464627335, 0.19901791546845227, 0.12648616246277378, 0.25830500986054533, 0.18737085662825528, 0.07146945802121023, 0.25871014028505845, 0.25830500986054533, 0.2604566543726766, 0.09612564405344715, 0.07835141463015907, 0.07146945802121023, -0.01192181173284689, 0.24206220012864002, -0.003019553301749326, -0.20361577856798949, -0.05866418004886405, 0.2584558320855164, 0.2591547627901901, -0.003022782529429042, 0.24105143703542217, 0.25830297809265723, -0.08638382507803738, 0.24206220012864002, 0.20793225189709558, 0.006999075256966407, 0.21322005464049273, -0.012741513582763622, 0.07146945802121023, 0.1605108987408716, 0.02717188725474684, 0.002348690145966693, 0.24206220012864002, -0.05866418004886405, -0.20361577856798949, -0.022331475320254125, 0.13629447004145845, 0.017154337604794165, 0.0653103642307994, 0.24206220012864002, 0.002837917933422847, 0.24206220012864002, -0.05866418004886405, 0.07146945802121023, 0.2167612544190232, 0.07146945802121023, 0.24206220012864002, -0.08638382507803738, 0.20972804713202356, 0.25813284453709434, 0.07146945802121023, 0.24206220012864002, 0.24421423032264483, 0.19622569464627335, 0.11532984638273101, 0.25830500986054533, 0.2582545549887272, 0.15402166991875882, -0.02279039024197353, 0.0584141027613137, 0.1906511143911628, -0.013685157150704286, 0.2582545549887272, 0.062297814662163956, 0.2581784885358918, 0.2597744486687806, 0.24206220012864002, 0.2584558320855164, -0.028222760875460665, 0.24206220012864002, 0.0697406117380449, 0.14200621376047953, 0.07146945802121023, -0.003028244678021104, 0.20793225189709558, 0.006999075256966407, 0.2167612544190232, 0.07146945802121023, 0.13629447004145845, 0.0653103642307994, 0.07340315892629512, 0.07146945802121023, -0.006110109735569653, 0.13629447004145845, -0.07800817991884286, 0.22936057839237428, 0.024364448508025313, 0.19841587553424084, 0.13629447004145845, 0.025817290990806104, 0.24997358895431784, 0.08259605907293913, 0.17566406994507547, -0.0024876929359859655, 0.24206220012864002, 0.0584141027613137, 0.09740868071227436, 0.20791435414707402, -0.01273306095058553, 0.23015664747036713, 0.24206220012864002, 0.19622569464627335, 0.20793225189709558, 0.00015577333262441507, 0.07146945802121023, 0.19841587553424084, -0.20361577856798949, 0.22011840579201503, 0.22011840579201503, 0.2292059067217337, 0.24206220012864002, 0.25830297809265723, -0.013685157150704286, 0.24206220012864002, 0.25813284453709434, 0.24206220012864002, 0.19841587553424084, -0.08638382507803738, 0.22936057839237428, 0.23573213435274934, 0.07146945802121023, 0.09732353307759364, 0.18737085662825528, 0.24110571775171213, -1000000.0, 0.22945802728304482, 0.25830297809265723, 0.25830297809265723, 0.0025625195204324073, 0.24105143703542217, 0.2581312307160838, 0.24206220012864002, 0.24206220012864002, 0.0653103642307994, 0.24206220012864002, 0.025833352000889768, -0.003019553301749326, 0.09731681223570869, 0.20972804713202356, 0.13737152361384586, 0.24206220012864002, 0.24206220012864002, 0.25813284453709434, 0.260487975067441, 0.24071687810283485, 0.2597744486687806, 0.25830297809265723, 0.24206220012864002, 0.002837917933422847, 0.25830500986054533, 0.18442573194348047, 0.24421423032264483, 0.24206220012864002, 0.24206220012864002, 0.24206220012864002, -0.027654450647238014, -0.022331475320254125, 0.07146945802121023, 0.24110571775171213, 0.09731681223570869, 0.25830500986054533, 0.22584926247642179, 0.13629447004145845, 0.2584558320855164, 0.08732094404675815, 0.19622569464627335, 0.07146945802121023, 0.013242622351593646, -0.0037089287091810644, 0.218317954360071, -0.01192181173284689, -0.022331475320254125, 0.24206220012864002, 0.08275738941262421, 0.24105143703542217, -0.011953952864287333, 0.21322005464049273, 0.25830297809265723, 0.25830297809265723, 0.20793225189709558, -0.003019553301749326, 0.25830297809265723, -0.08051903031103538, -0.20361577856798949, -0.01273306095058553, 0.09740868071227436, -0.0008240215902805116, 0.13386431597852008, 0.25830297809265723, -0.03567658325750256, 0.20793225189709558, -0.004526928766656588, 0.07340315892629512, 0.0037043041976685016, -0.03032207024632073, -0.003192795570892585, 0.25856429925651675, 0.002837917933422847, 0.22017383704372745, 0.24206220012864002, 0.21322005464049273, 0.25830297809265723, -0.003019553301749326, 0.14876870042542015, 0.000218782000476692, 0.006999075256966407, -0.20361577856798949, -0.002115685944058602, 0.24105143703542217, 0.2167612544190232, 0.25830297809265723, 0.13274938096477235, 0.19622569464627335, -0.007341675225452303, 0.11703057901651345, -0.02352954425187384, -0.015374084018223832, 0.22017383704372745, -0.05866418004886405, 0.2208940265869983, 0.20392282853937518, 0.13629447004145845, 0.23573213435274934, 0.24206220012864002, 0.23149682298399651, -0.007341675225452303, 0.11703057901651345, 0.09740868071227436, -0.0965878736756148, 0.0714027398297714, 0.06970394120739706, 0.25830297809265723, 0.19901791546845227, -0.003019553301749326, 0.13629447004145845, -0.028235668688185108, -1000000.0, 0.20791435414707402, 0.24206220012864002, 0.25830500986054533, 0.2582545549887272, 0.18954965215023628, 0.025817290990806104, 0.020402112277242, -0.02528842186090667]
Generation 19 starts.
final:  [-1000000.0, -0.003019553301749326, 0.023936631572959062, 0.22923201751478764, 0.0954906985880603, 0.2292059067217337, 0.2582892087856971, 0.07146945802121023, 0.14186559325969628, 0.25830297809265723, 0.2584558320855164, 0.25856429925651675, 0.2582545549887272, -0.2217289217857159, 0.09728097074945224, 0.25830297809265723, 0.24206220012864002, 0.09728097074945224, 0.09997223422319633, 0.006999075256966407, 0.19841587553424084, 0.23573213435274934, 0.09219259381548085, 0.20990659540744547, -0.015006310590178453, 0.24105143703542217, 0.25830500986054533, 0.19396795384187135, 0.2604566543726766, 0.003772357562455535, 0.2477873786991956, -0.003019553301749326, 0.25830297809265723, 0.2584558320855164, 0.19622569464627335, 0.25856429925651675, 0.06560047160513884, 0.2597744486687806, -0.019253173499913363, 0.18975620414298158, 0.20526347763488342, -1000000.0, -0.023688759901197346, 0.19622569464627335, 0.0714027398297714, 0.20906266586324507, 0.19901791546845227, 0.23236950998872713, 0.10697247023179778, 0.023936631572959062, -1000000.0, -0.003019553301749326, 0.24105143703542217, 0.25856429925651675, 0.25871014028505845, 0.11703057901651345, 0.2604566543726766, 0.0584141027613137, 0.07146945802121023, 0.07146945802121023, 0.11478231129387051, 0.13004151497030716, 0.25830297809265723, 0.13629447004145845, 0.2584558320855164, 0.0208682683195833, 0.2079579973296448, 0.11703057901651345, 0.04395048708458044, 0.2145586929298251, 0.09240820262836746, -0.07440604028701828, 0.06528051268202383, -0.02352954425187384, 0.07004245996062892, -0.018229772787555595, 0.25871014028505845, 0.07146945802121023, 0.25813284453709434, 0.07146945802121023, 0.25830500986054533, 0.10645899878082564, 0.24206220012864002, 0.09728097074945224, 0.11478231129387051, 0.2079579973296448, 0.25856429925651675, -0.04086166127724227, 0.13386431597852008, 0.2582545549887272, 0.20526347763488342, 0.2591547627901901, 0.0002001280107081822, 0.02039269179136069, 0.25830500986054533, 0.0974191813673943, 0.23236950998872713, 0.0653103642307994, 0.25830500986054533, 0.07146945802121023, 0.25884997141481714, 0.07572128833046834, 0.02470373479881865, 0.2397728542460087, -0.06273102599404598, 0.24206220012864002, 0.10903936151944998, -0.028235668688185108, 0.25830500986054533, 0.0974191813673943, 0.25830297809265723, 0.2591547627901901, 0.06490047180524773, 0.13004151497030716, 0.19264197810801376, -0.22172853932517453, 0.02793837364202357, 0.25830297809265723, 0.07146945802121023, 0.2581784885358918, -0.003019553301749326, -0.029801018081990836, 0.2592177786767396, 0.005259399815685433, 0.1438005332527285, 0.20526347763488342, 0.14318363728147018, 0.25830297809265723, 0.10903936151944998, 0.07146945802121023, -0.003028244678021104, 0.2582545549887272, 0.0023790261018965062, 0.07146945802121023, 0.2584558320855164, 0.06528051268202383, 0.03561200646392737, 0.23405092617035855, 0.09997223422319633, 0.064987747310313, 0.25830500986054533, 0.24110571775171213, 0.02035457120449499, 0.06825236501121987, 0.25830297809265723, 0.02083358550550835, 0.2597744486687806, 0.23573213435274934, -0.028222760875460665, 0.07146945802121023, 0.25830500986054533, 0.25118952691608615, -0.08638382507803738, -0.2217289217857159, 0.0974191813673943, -0.08638382507803738, 0.012548936904309554, -0.028235668688185108, -0.20339841620950705, 0.260487975067441, 0.2604566543726766, 0.10607902830508328, -0.08638382507803738, 0.24206220012864002, 0.19841587553424084, 0.18260688007942436, 0.25830500986054533, 0.23547481059435868, -0.2217289217857159, 0.24105143703542217, 0.0974191813673943, 0.022117961178723576, 0.0326937076839441, 0.10958678034815957, 0.20526347763488342, 0.260487975067441, 0.02083358550550835, 0.19841587553424084, 0.09740868071227436, 0.20526347763488342, 0.22743406355150866, 0.06719578837307279, -0.015633403781948337, 0.24105143703542217, -0.019253173499913363, -0.06108744158122146, 0.2397728542460087, 0.07146945802121023, 0.20972804713202356, -0.0031616398742378847, 0.18442573194348047, 0.25871014028505845, 0.24105143703542217, -0.20339841620950705, 0.07146945802121023, 0.2585959665204013, 0.25830297809265723, -0.2217289217857159, 0.0697406117380449, -0.00686581622989044, 0.25856429925651675, 0.25813284453709434, 0.19841587553424084, 0.25830297809265723, 0.20814320201235256, -0.20339841620950705, 0.2584558320855164, 0.06524711117103403, -0.028079613682623582, 0.22017383704372745, 0.24206220012864002, 0.0737477422599333, 0.11210316498962548, 0.01600861760997333, 0.2292059067217337, -0.0596199230000777, 0.09219259381548085, 0.06524711117103403, -0.06273102599404598, -0.20361577856798949, 0.00772806611905071, 0.13004151497030716, 0.2397728542460087, 0.1001453588310168, 0.09142710452613252, 0.22508098026775517, 0.25856429925651675, 0.2604566543726766, -0.0008240215902805116, 0.19622569464627335, -0.08638382507803738, 0.2597744486687806, 0.006999075256966407, 0.1844933582815692, 0.20526347763488342, 0.258187153501511, 0.09728097074945224, -0.003019553301749326, 0.25830500986054533, 0.02035457120449499, 0.1844507450015954, 0.13629447004145845, 0.18442573194348047, -0.037786919546607636, -0.20361577856798949, 0.04395048708458044, 0.23405092617035855, 0.1295619653605143, 0.25830297809265723, 0.10444178233872554]
[vanilla_v2] fixed HOF: {'hof_mode': 'fixed', 'n_input': 250, 'n_dedup_removed': 83, 'n_unique': 167, 'n_top': 50, 'n_signal_failed': 0, 'decorr_degenerate_pairs': 0, 'n_decorr_removed': 40, 'decorr_max_abs_corr_final': 0.9477962480126623}
                                                     formula  raw_fitness  validity_pass
Sub(Sub(Max(Max(Max(Std($volume, 64), 64), 64), 64), Med(...     0.260488           True
Sub(Max(Max(Max(Max(Std($volume, 64), 64), 64), 64), 64),...     0.260457           True
Sub(Sub(Max(Max(Max(Std($volume, 64), 64), 64), 64), Med(...     0.258187           True
Sub(Sub(Sub(Sub(Max(Max(Max(Std($volume, 64), 64), 30), 6...     0.251190           True
Sub(Sub(Sub(Max(Max(Max(Std($volume, 64), 64), 64), 64), ...     0.242062           True
Sub(Sub(Max(Max(Max(Sub(Max(Max(Max(Std($volume, 64), 64)...     0.235475           True
Sub(Sub(Sub(Max(Sub(Max(Max(Max(Max(Std($volume, 64), 64)...     0.225081           True
Sub(Sub(Sub(Std($volume, 64), Med(Log($change), 64)), Med...     0.220174           True
Sub(Sub(Max(Max(Std($volume, 64), 64), 64), Med(Med(Log($...     0.209907           True
Sub(Sub(Max(Std($volume, 64), 64), Med(Log($change), 64))...     0.209728           True
[vanilla_v2] fit 9985.2s budget={'candidates_budget': 5000, 'total_evaluations': 5000, 'unique_evaluations': 1367, 'memo_hits': 3361, 'wall_clock_seconds': 9985.22212954238, 'panel_setup_seconds': 64.46111859194934}
[vanilla_v2] outputs → /gpfs/home1/sku07891/00.hojin/AlphaEval/AlphaSearchBench/gplearn_asb/out/v2_csi800_fbfit_c2a_250x20_s0
C2A_DONE rc=0
