C2A3_CONFIG=configs/v2/c2a3/capreg_500x10_s0.yaml
[2301330:MainThread](2026-08-20 09:32:41,973) INFO - qlib.Initialization - [config.py:415] - default_conf: client.
[2301330:MainThread](2026-08-20 09:32:43,223) INFO - qlib.Initialization - [__init__.py:74] - qlib successfully initialized based on client settings.
[2301330:MainThread](2026-08-20 09:32:43,224) INFO - qlib.Initialization - [__init__.py:76] - data_path={'__DEFAULT_FREQ': PosixPath('/gpfs/home1/sku07891/00.hojin/QuantaAlpha/data/qlib/cn_data')}
[vanilla_v2] market=csi800 window=2015-01-01..2021-12-31 budget=5000 pop=500 gens=10 fitness=fb_fitness seed=0
[vanilla_v2] panel ready 71.0s (universe_hash=132b21e88e0f7027)
/home1/sku07891/miniconda3/envs/AlphaEval38/lib/python3.8/site-packages/pandas/core/window/rolling.py:655: RuntimeWarning: All-NaN slice encountered
  return func(x, start, end, min_periods, *numba_args)
/home1/sku07891/miniconda3/envs/AlphaEval38/lib/python3.8/site-packages/pandas/core/window/rolling.py:655: RuntimeWarning: All-NaN slice encountered
  return func(x, start, end, min_periods, *numba_args)
/home1/sku07891/miniconda3/envs/AlphaEval38/lib/python3.8/site-packages/pandas/core/window/rolling.py:655: RuntimeWarning: All-NaN slice encountered
  return func(x, start, end, min_periods, *numba_args)
/gpfs/home1/sku07891/00.hojin/AlphaEval/AlphaSearchBench/alphasearchbench/data/qlib_provider.py:249: RuntimeWarning: overflow encountered in cast
  out = res.astype(np.float32)[s - off:e - off]
/home1/sku07891/miniconda3/envs/AlphaEval38/lib/python3.8/site-packages/pandas/core/window/rolling.py:655: RuntimeWarning: All-NaN slice encountered
  return func(x, start, end, min_periods, *numba_args)
/home1/sku07891/miniconda3/envs/AlphaEval38/lib/python3.8/site-packages/pandas/core/window/rolling.py:655: RuntimeWarning: All-NaN slice encountered
  return func(x, start, end, min_periods, *numba_args)
/home1/sku07891/miniconda3/envs/AlphaEval38/lib/python3.8/site-packages/pandas/core/window/rolling.py:655: RuntimeWarning: All-NaN slice encountered
  return func(x, start, end, min_periods, *numba_args)
/gpfs/home1/sku07891/00.hojin/AlphaEval/AlphaSearchBench/alphasearchbench/data/qlib_provider.py:249: RuntimeWarning: overflow encountered in cast
  out = res.astype(np.float32)[s - off:e - off]
/home1/sku07891/miniconda3/envs/AlphaEval38/lib/python3.8/site-packages/pandas/core/window/rolling.py:655: RuntimeWarning: All-NaN slice encountered
  return func(x, start, end, min_periods, *numba_args)
/gpfs/home1/sku07891/00.hojin/AlphaEval/AlphaSearchBench/alphasearchbench/data/qlib_provider.py:249: RuntimeWarning: overflow encountered in cast
  out = res.astype(np.float32)[s - off:e - off]
/home1/sku07891/miniconda3/envs/AlphaEval38/lib/python3.8/site-packages/pandas/core/window/rolling.py:655: RuntimeWarning: All-NaN slice encountered
  return func(x, start, end, min_periods, *numba_args)
/home1/sku07891/miniconda3/envs/AlphaEval38/lib/python3.8/site-packages/pandas/core/window/rolling.py:655: RuntimeWarning: All-NaN slice encountered
  return func(x, start, end, min_periods, *numba_args)
/home1/sku07891/miniconda3/envs/AlphaEval38/lib/python3.8/site-packages/pandas/core/window/rolling.py:655: RuntimeWarning: All-NaN slice encountered
  return func(x, start, end, min_periods, *numba_args)
/home1/sku07891/miniconda3/envs/AlphaEval38/lib/python3.8/site-packages/pandas/core/window/rolling.py:655: RuntimeWarning: All-NaN slice encountered
  return func(x, start, end, min_periods, *numba_args)
/gpfs/home1/sku07891/00.hojin/AlphaEval/AlphaSearchBench/alphasearchbench/data/qlib_provider.py:249: RuntimeWarning: overflow encountered in cast
  out = res.astype(np.float32)[s - off:e - off]
/home1/sku07891/miniconda3/envs/AlphaEval38/lib/python3.8/site-packages/pandas/core/window/rolling.py:655: RuntimeWarning: All-NaN slice encountered
  return func(x, start, end, min_periods, *numba_args)
/home1/sku07891/miniconda3/envs/AlphaEval38/lib/python3.8/site-packages/pandas/core/window/rolling.py:655: RuntimeWarning: All-NaN slice encountered
  return func(x, start, end, min_periods, *numba_args)
/home1/sku07891/miniconda3/envs/AlphaEval38/lib/python3.8/site-packages/pandas/core/window/rolling.py:655: RuntimeWarning: All-NaN slice encountered
  return func(x, start, end, min_periods, *numba_args)
/home1/sku07891/miniconda3/envs/AlphaEval38/lib/python3.8/site-packages/pandas/core/window/rolling.py:655: RuntimeWarning: All-NaN slice encountered
  return func(x, start, end, min_periods, *numba_args)
/home1/sku07891/miniconda3/envs/AlphaEval38/lib/python3.8/site-packages/pandas/core/window/rolling.py:655: RuntimeWarning: All-NaN slice encountered
  return func(x, start, end, min_periods, *numba_args)
/home1/sku07891/miniconda3/envs/AlphaEval38/lib/python3.8/site-packages/pandas/core/window/rolling.py:655: RuntimeWarning: All-NaN slice encountered
  return func(x, start, end, min_periods, *numba_args)
/home1/sku07891/miniconda3/envs/AlphaEval38/lib/python3.8/site-packages/pandas/core/window/rolling.py:655: RuntimeWarning: All-NaN slice encountered
  return func(x, start, end, min_periods, *numba_args)
/home1/sku07891/miniconda3/envs/AlphaEval38/lib/python3.8/site-packages/pandas/core/window/rolling.py:655: RuntimeWarning: All-NaN slice encountered
  return func(x, start, end, min_periods, *numba_args)
/home1/sku07891/miniconda3/envs/AlphaEval38/lib/python3.8/site-packages/pandas/core/window/rolling.py:655: RuntimeWarning: All-NaN slice encountered
  return func(x, start, end, min_periods, *numba_args)
/home1/sku07891/miniconda3/envs/AlphaEval38/lib/python3.8/site-packages/pandas/core/window/rolling.py:655: RuntimeWarning: All-NaN slice encountered
  return func(x, start, end, min_periods, *numba_args)
/gpfs/home1/sku07891/00.hojin/AlphaEval/AlphaSearchBench/alphasearchbench/data/qlib_provider.py:249: RuntimeWarning: overflow encountered in cast
  out = res.astype(np.float32)[s - off:e - off]
/home1/sku07891/miniconda3/envs/AlphaEval38/lib/python3.8/site-packages/pandas/core/window/rolling.py:655: RuntimeWarning: All-NaN slice encountered
  return func(x, start, end, min_periods, *numba_args)
/home1/sku07891/miniconda3/envs/AlphaEval38/lib/python3.8/site-packages/pandas/core/window/rolling.py:655: RuntimeWarning: All-NaN slice encountered
  return func(x, start, end, min_periods, *numba_args)
/gpfs/home1/sku07891/00.hojin/AlphaEval/AlphaSearchBench/alphasearchbench/data/qlib_provider.py:249: RuntimeWarning: overflow encountered in cast
  out = res.astype(np.float32)[s - off:e - off]
/home1/sku07891/miniconda3/envs/AlphaEval38/lib/python3.8/site-packages/pandas/core/window/rolling.py:655: RuntimeWarning: All-NaN slice encountered
  return func(x, start, end, min_periods, *numba_args)
/home1/sku07891/miniconda3/envs/AlphaEval38/lib/python3.8/site-packages/pandas/core/window/rolling.py:655: RuntimeWarning: All-NaN slice encountered
  return func(x, start, end, min_periods, *numba_args)
/home1/sku07891/miniconda3/envs/AlphaEval38/lib/python3.8/site-packages/pandas/core/window/rolling.py:655: RuntimeWarning: All-NaN slice encountered
  return func(x, start, end, min_periods, *numba_args)
/home1/sku07891/miniconda3/envs/AlphaEval38/lib/python3.8/site-packages/pandas/core/window/rolling.py:655: RuntimeWarning: All-NaN slice encountered
  return func(x, start, end, min_periods, *numba_args)
/home1/sku07891/miniconda3/envs/AlphaEval38/lib/python3.8/site-packages/pandas/core/window/rolling.py:655: RuntimeWarning: All-NaN slice encountered
  return func(x, start, end, min_periods, *numba_args)
/home1/sku07891/miniconda3/envs/AlphaEval38/lib/python3.8/site-packages/pandas/core/window/rolling.py:655: RuntimeWarning: All-NaN slice encountered
  return func(x, start, end, min_periods, *numba_args)
/home1/sku07891/miniconda3/envs/AlphaEval38/lib/python3.8/site-packages/pandas/core/window/rolling.py:655: RuntimeWarning: All-NaN slice encountered
  return func(x, start, end, min_periods, *numba_args)
/gpfs/home1/sku07891/00.hojin/AlphaEval/AlphaSearchBench/alphasearchbench/data/qlib_provider.py:278: RuntimeWarning: overflow encountered in cast
  return np.sign(self._eval(args[0], off, hi).astype(np.float32))
/gpfs/home1/sku07891/00.hojin/AlphaEval/AlphaSearchBench/alphasearchbench/data/qlib_provider.py:249: RuntimeWarning: overflow encountered in cast
  out = res.astype(np.float32)[s - off:e - off]
/home1/sku07891/miniconda3/envs/AlphaEval38/lib/python3.8/site-packages/pandas/core/window/rolling.py:655: RuntimeWarning: All-NaN slice encountered
  return func(x, start, end, min_periods, *numba_args)
/home1/sku07891/miniconda3/envs/AlphaEval38/lib/python3.8/site-packages/pandas/core/window/rolling.py:655: RuntimeWarning: All-NaN slice encountered
  return func(x, start, end, min_periods, *numba_args)
/home1/sku07891/miniconda3/envs/AlphaEval38/lib/python3.8/site-packages/pandas/core/window/rolling.py:655: RuntimeWarning: All-NaN slice encountered
  return func(x, start, end, min_periods, *numba_args)
/gpfs/home1/sku07891/00.hojin/AlphaEval/AlphaSearchBench/alphasearchbench/data/qlib_provider.py:249: RuntimeWarning: overflow encountered in cast
  out = res.astype(np.float32)[s - off:e - off]
/home1/sku07891/miniconda3/envs/AlphaEval38/lib/python3.8/site-packages/pandas/core/window/rolling.py:655: RuntimeWarning: All-NaN slice encountered
  return func(x, start, end, min_periods, *numba_args)
/home1/sku07891/miniconda3/envs/AlphaEval38/lib/python3.8/site-packages/pandas/core/window/rolling.py:655: RuntimeWarning: All-NaN slice encountered
  return func(x, start, end, min_periods, *numba_args)
/home1/sku07891/miniconda3/envs/AlphaEval38/lib/python3.8/site-packages/pandas/core/window/rolling.py:655: RuntimeWarning: All-NaN slice encountered
  return func(x, start, end, min_periods, *numba_args)
/home1/sku07891/miniconda3/envs/AlphaEval38/lib/python3.8/site-packages/pandas/core/window/rolling.py:655: RuntimeWarning: All-NaN slice encountered
  return func(x, start, end, min_periods, *numba_args)
/home1/sku07891/miniconda3/envs/AlphaEval38/lib/python3.8/site-packages/pandas/core/window/rolling.py:655: RuntimeWarning: All-NaN slice encountered
  return func(x, start, end, min_periods, *numba_args)
/home1/sku07891/miniconda3/envs/AlphaEval38/lib/python3.8/site-packages/pandas/core/window/rolling.py:655: RuntimeWarning: All-NaN slice encountered
  return func(x, start, end, min_periods, *numba_args)
/home1/sku07891/miniconda3/envs/AlphaEval38/lib/python3.8/site-packages/pandas/core/window/rolling.py:655: RuntimeWarning: All-NaN slice encountered
  return func(x, start, end, min_periods, *numba_args)
/home1/sku07891/miniconda3/envs/AlphaEval38/lib/python3.8/site-packages/pandas/core/window/rolling.py:655: RuntimeWarning: All-NaN slice encountered
  return func(x, start, end, min_periods, *numba_args)
/home1/sku07891/miniconda3/envs/AlphaEval38/lib/python3.8/site-packages/pandas/core/window/rolling.py:655: RuntimeWarning: All-NaN slice encountered
  return func(x, start, end, min_periods, *numba_args)
/home1/sku07891/miniconda3/envs/AlphaEval38/lib/python3.8/site-packages/pandas/core/window/rolling.py:655: RuntimeWarning: All-NaN slice encountered
  return func(x, start, end, min_periods, *numba_args)
/gpfs/home1/sku07891/00.hojin/AlphaEval/AlphaSearchBench/alphasearchbench/data/qlib_provider.py:249: RuntimeWarning: overflow encountered in cast
  out = res.astype(np.float32)[s - off:e - off]
/home1/sku07891/miniconda3/envs/AlphaEval38/lib/python3.8/site-packages/pandas/core/window/rolling.py:655: RuntimeWarning: All-NaN slice encountered
  return func(x, start, end, min_periods, *numba_args)
/home1/sku07891/miniconda3/envs/AlphaEval38/lib/python3.8/site-packages/pandas/core/window/rolling.py:655: RuntimeWarning: All-NaN slice encountered
  return func(x, start, end, min_periods, *numba_args)
/gpfs/home1/sku07891/00.hojin/AlphaEval/AlphaSearchBench/alphasearchbench/data/qlib_provider.py:249: RuntimeWarning: overflow encountered in cast
  out = res.astype(np.float32)[s - off:e - off]
/home1/sku07891/miniconda3/envs/AlphaEval38/lib/python3.8/site-packages/pandas/core/window/rolling.py:655: RuntimeWarning: All-NaN slice encountered
  return func(x, start, end, min_periods, *numba_args)
/home1/sku07891/miniconda3/envs/AlphaEval38/lib/python3.8/site-packages/pandas/core/window/rolling.py:655: RuntimeWarning: All-NaN slice encountered
  return func(x, start, end, min_periods, *numba_args)
/home1/sku07891/miniconda3/envs/AlphaEval38/lib/python3.8/site-packages/pandas/core/window/rolling.py:655: RuntimeWarning: All-NaN slice encountered
  return func(x, start, end, min_periods, *numba_args)
/home1/sku07891/miniconda3/envs/AlphaEval38/lib/python3.8/site-packages/pandas/core/window/rolling.py:655: RuntimeWarning: All-NaN slice encountered
  return func(x, start, end, min_periods, *numba_args)
/home1/sku07891/miniconda3/envs/AlphaEval38/lib/python3.8/site-packages/pandas/core/window/rolling.py:655: RuntimeWarning: All-NaN slice encountered
  return func(x, start, end, min_periods, *numba_args)
/home1/sku07891/miniconda3/envs/AlphaEval38/lib/python3.8/site-packages/pandas/core/window/rolling.py:655: RuntimeWarning: All-NaN slice encountered
  return func(x, start, end, min_periods, *numba_args)
/home1/sku07891/miniconda3/envs/AlphaEval38/lib/python3.8/site-packages/pandas/core/window/rolling.py:655: RuntimeWarning: All-NaN slice encountered
  return func(x, start, end, min_periods, *numba_args)
/home1/sku07891/miniconda3/envs/AlphaEval38/lib/python3.8/site-packages/pandas/core/window/rolling.py:655: RuntimeWarning: All-NaN slice encountered
  return func(x, start, end, min_periods, *numba_args)
/home1/sku07891/miniconda3/envs/AlphaEval38/lib/python3.8/site-packages/pandas/core/window/rolling.py:655: RuntimeWarning: All-NaN slice encountered
  return func(x, start, end, min_periods, *numba_args)
/home1/sku07891/miniconda3/envs/AlphaEval38/lib/python3.8/site-packages/pandas/core/window/rolling.py:655: RuntimeWarning: All-NaN slice encountered
  return func(x, start, end, min_periods, *numba_args)
/home1/sku07891/miniconda3/envs/AlphaEval38/lib/python3.8/site-packages/pandas/core/window/rolling.py:655: RuntimeWarning: All-NaN slice encountered
  return func(x, start, end, min_periods, *numba_args)
/home1/sku07891/miniconda3/envs/AlphaEval38/lib/python3.8/site-packages/pandas/core/window/rolling.py:655: RuntimeWarning: All-NaN slice encountered
  return func(x, start, end, min_periods, *numba_args)
/home1/sku07891/miniconda3/envs/AlphaEval38/lib/python3.8/site-packages/pandas/core/window/rolling.py:655: RuntimeWarning: All-NaN slice encountered
  return func(x, start, end, min_periods, *numba_args)
/home1/sku07891/miniconda3/envs/AlphaEval38/lib/python3.8/site-packages/pandas/core/window/rolling.py:655: RuntimeWarning: All-NaN slice encountered
  return func(x, start, end, min_periods, *numba_args)
/home1/sku07891/miniconda3/envs/AlphaEval38/lib/python3.8/site-packages/pandas/core/window/rolling.py:655: RuntimeWarning: All-NaN slice encountered
  return func(x, start, end, min_periods, *numba_args)
/home1/sku07891/miniconda3/envs/AlphaEval38/lib/python3.8/site-packages/pandas/core/window/rolling.py:655: RuntimeWarning: All-NaN slice encountered
  return func(x, start, end, min_periods, *numba_args)
/home1/sku07891/miniconda3/envs/AlphaEval38/lib/python3.8/site-packages/pandas/core/window/rolling.py:655: RuntimeWarning: All-NaN slice encountered
  return func(x, start, end, min_periods, *numba_args)
/home1/sku07891/miniconda3/envs/AlphaEval38/lib/python3.8/site-packages/pandas/core/window/rolling.py:655: RuntimeWarning: All-NaN slice encountered
  return func(x, start, end, min_periods, *numba_args)
/home1/sku07891/miniconda3/envs/AlphaEval38/lib/python3.8/site-packages/pandas/core/window/rolling.py:655: RuntimeWarning: All-NaN slice encountered
  return func(x, start, end, min_periods, *numba_args)
/home1/sku07891/miniconda3/envs/AlphaEval38/lib/python3.8/site-packages/pandas/core/window/rolling.py:655: RuntimeWarning: All-NaN slice encountered
  return func(x, start, end, min_periods, *numba_args)
/home1/sku07891/miniconda3/envs/AlphaEval38/lib/python3.8/site-packages/pandas/core/window/rolling.py:655: RuntimeWarning: All-NaN slice encountered
  return func(x, start, end, min_periods, *numba_args)
/gpfs/home1/sku07891/00.hojin/AlphaEval/AlphaSearchBench/alphasearchbench/data/qlib_provider.py:249: RuntimeWarning: overflow encountered in cast
  out = res.astype(np.float32)[s - off:e - off]
/home1/sku07891/miniconda3/envs/AlphaEval38/lib/python3.8/site-packages/pandas/core/window/rolling.py:655: RuntimeWarning: All-NaN slice encountered
  return func(x, start, end, min_periods, *numba_args)
/home1/sku07891/miniconda3/envs/AlphaEval38/lib/python3.8/site-packages/pandas/core/window/rolling.py:655: RuntimeWarning: All-NaN slice encountered
  return func(x, start, end, min_periods, *numba_args)
/home1/sku07891/miniconda3/envs/AlphaEval38/lib/python3.8/site-packages/pandas/core/window/rolling.py:655: RuntimeWarning: All-NaN slice encountered
  return func(x, start, end, min_periods, *numba_args)
/home1/sku07891/miniconda3/envs/AlphaEval38/lib/python3.8/site-packages/pandas/core/window/rolling.py:655: RuntimeWarning: All-NaN slice encountered
  return func(x, start, end, min_periods, *numba_args)
/home1/sku07891/miniconda3/envs/AlphaEval38/lib/python3.8/site-packages/pandas/core/window/rolling.py:655: RuntimeWarning: All-NaN slice encountered
  return func(x, start, end, min_periods, *numba_args)
/home1/sku07891/miniconda3/envs/AlphaEval38/lib/python3.8/site-packages/pandas/core/window/rolling.py:655: RuntimeWarning: All-NaN slice encountered
  return func(x, start, end, min_periods, *numba_args)
/home1/sku07891/miniconda3/envs/AlphaEval38/lib/python3.8/site-packages/pandas/core/window/rolling.py:655: RuntimeWarning: All-NaN slice encountered
  return func(x, start, end, min_periods, *numba_args)
/home1/sku07891/miniconda3/envs/AlphaEval38/lib/python3.8/site-packages/pandas/core/window/rolling.py:655: RuntimeWarning: All-NaN slice encountered
  return func(x, start, end, min_periods, *numba_args)
/home1/sku07891/miniconda3/envs/AlphaEval38/lib/python3.8/site-packages/pandas/core/window/rolling.py:655: RuntimeWarning: All-NaN slice encountered
  return func(x, start, end, min_periods, *numba_args)
/home1/sku07891/miniconda3/envs/AlphaEval38/lib/python3.8/site-packages/pandas/core/window/rolling.py:655: RuntimeWarning: All-NaN slice encountered
  return func(x, start, end, min_periods, *numba_args)
/home1/sku07891/miniconda3/envs/AlphaEval38/lib/python3.8/site-packages/pandas/core/window/rolling.py:655: RuntimeWarning: All-NaN slice encountered
  return func(x, start, end, min_periods, *numba_args)
/home1/sku07891/miniconda3/envs/AlphaEval38/lib/python3.8/site-packages/pandas/core/window/rolling.py:655: RuntimeWarning: All-NaN slice encountered
  return func(x, start, end, min_periods, *numba_args)
/home1/sku07891/miniconda3/envs/AlphaEval38/lib/python3.8/site-packages/pandas/core/window/rolling.py:655: RuntimeWarning: All-NaN slice encountered
  return func(x, start, end, min_periods, *numba_args)
/home1/sku07891/miniconda3/envs/AlphaEval38/lib/python3.8/site-packages/pandas/core/window/rolling.py:655: RuntimeWarning: All-NaN slice encountered
  return func(x, start, end, min_periods, *numba_args)
/home1/sku07891/miniconda3/envs/AlphaEval38/lib/python3.8/site-packages/pandas/core/window/rolling.py:655: RuntimeWarning: All-NaN slice encountered
  return func(x, start, end, min_periods, *numba_args)
/home1/sku07891/miniconda3/envs/AlphaEval38/lib/python3.8/site-packages/pandas/core/window/rolling.py:655: RuntimeWarning: All-NaN slice encountered
  return func(x, start, end, min_periods, *numba_args)
/home1/sku07891/miniconda3/envs/AlphaEval38/lib/python3.8/site-packages/pandas/core/window/rolling.py:655: RuntimeWarning: All-NaN slice encountered
  return func(x, start, end, min_periods, *numba_args)
/home1/sku07891/miniconda3/envs/AlphaEval38/lib/python3.8/site-packages/pandas/core/window/rolling.py:655: RuntimeWarning: All-NaN slice encountered
  return func(x, start, end, min_periods, *numba_args)
/home1/sku07891/miniconda3/envs/AlphaEval38/lib/python3.8/site-packages/pandas/core/window/rolling.py:655: RuntimeWarning: All-NaN slice encountered
  return func(x, start, end, min_periods, *numba_args)
/home1/sku07891/miniconda3/envs/AlphaEval38/lib/python3.8/site-packages/pandas/core/window/rolling.py:655: RuntimeWarning: All-NaN slice encountered
  return func(x, start, end, min_periods, *numba_args)
/home1/sku07891/miniconda3/envs/AlphaEval38/lib/python3.8/site-packages/pandas/core/window/rolling.py:655: RuntimeWarning: All-NaN slice encountered
  return func(x, start, end, min_periods, *numba_args)
/home1/sku07891/miniconda3/envs/AlphaEval38/lib/python3.8/site-packages/pandas/core/window/rolling.py:655: RuntimeWarning: All-NaN slice encountered
  return func(x, start, end, min_periods, *numba_args)
/home1/sku07891/miniconda3/envs/AlphaEval38/lib/python3.8/site-packages/pandas/core/window/rolling.py:655: RuntimeWarning: All-NaN slice encountered
  return func(x, start, end, min_periods, *numba_args)
/home1/sku07891/miniconda3/envs/AlphaEval38/lib/python3.8/site-packages/pandas/core/window/rolling.py:655: RuntimeWarning: All-NaN slice encountered
  return func(x, start, end, min_periods, *numba_args)
/gpfs/home1/sku07891/00.hojin/AlphaEval/AlphaSearchBench/alphasearchbench/data/qlib_provider.py:249: RuntimeWarning: overflow encountered in cast
  out = res.astype(np.float32)[s - off:e - off]
/home1/sku07891/miniconda3/envs/AlphaEval38/lib/python3.8/site-packages/pandas/core/window/rolling.py:655: RuntimeWarning: All-NaN slice encountered
  return func(x, start, end, min_periods, *numba_args)
/home1/sku07891/miniconda3/envs/AlphaEval38/lib/python3.8/site-packages/pandas/core/window/rolling.py:655: RuntimeWarning: All-NaN slice encountered
  return func(x, start, end, min_periods, *numba_args)
/home1/sku07891/miniconda3/envs/AlphaEval38/lib/python3.8/site-packages/pandas/core/window/rolling.py:655: RuntimeWarning: All-NaN slice encountered
  return func(x, start, end, min_periods, *numba_args)
/home1/sku07891/miniconda3/envs/AlphaEval38/lib/python3.8/site-packages/pandas/core/window/rolling.py:655: RuntimeWarning: All-NaN slice encountered
  return func(x, start, end, min_periods, *numba_args)
/gpfs/home1/sku07891/00.hojin/AlphaEval/AlphaSearchBench/alphasearchbench/data/qlib_provider.py:249: RuntimeWarning: overflow encountered in cast
  out = res.astype(np.float32)[s - off:e - off]
/gpfs/home1/sku07891/00.hojin/AlphaEval/AlphaSearchBench/alphasearchbench/data/qlib_provider.py:249: RuntimeWarning: overflow encountered in cast
  out = res.astype(np.float32)[s - off:e - off]
/gpfs/home1/sku07891/00.hojin/AlphaEval/AlphaSearchBench/alphasearchbench/data/qlib_provider.py:249: RuntimeWarning: overflow encountered in cast
  out = res.astype(np.float32)[s - off:e - off]
/gpfs/home1/sku07891/00.hojin/AlphaEval/AlphaSearchBench/alphasearchbench/data/qlib_provider.py:249: RuntimeWarning: overflow encountered in cast
  out = res.astype(np.float32)[s - off:e - off]
/gpfs/home1/sku07891/00.hojin/AlphaEval/AlphaSearchBench/alphasearchbench/data/qlib_provider.py:249: RuntimeWarning: overflow encountered in cast
  out = res.astype(np.float32)[s - off:e - off]
/gpfs/home1/sku07891/00.hojin/AlphaEval/AlphaSearchBench/alphasearchbench/data/qlib_provider.py:249: RuntimeWarning: overflow encountered in cast
  out = res.astype(np.float32)[s - off:e - off]
/gpfs/home1/sku07891/00.hojin/AlphaEval/AlphaSearchBench/alphasearchbench/data/qlib_provider.py:249: RuntimeWarning: overflow encountered in cast
  out = res.astype(np.float32)[s - off:e - off]
/home1/sku07891/miniconda3/envs/AlphaEval38/lib/python3.8/site-packages/pandas/core/window/rolling.py:655: RuntimeWarning: All-NaN slice encountered
  return func(x, start, end, min_periods, *numba_args)
/gpfs/home1/sku07891/00.hojin/AlphaEval/AlphaSearchBench/alphasearchbench/data/qlib_provider.py:249: RuntimeWarning: overflow encountered in cast
  out = res.astype(np.float32)[s - off:e - off]
/home1/sku07891/miniconda3/envs/AlphaEval38/lib/python3.8/site-packages/pandas/core/window/rolling.py:655: RuntimeWarning: All-NaN slice encountered
  return func(x, start, end, min_periods, *numba_args)
/home1/sku07891/miniconda3/envs/AlphaEval38/lib/python3.8/site-packages/pandas/core/window/rolling.py:655: RuntimeWarning: All-NaN slice encountered
  return func(x, start, end, min_periods, *numba_args)
/gpfs/home1/sku07891/00.hojin/AlphaEval/AlphaSearchBench/alphasearchbench/data/qlib_provider.py:249: RuntimeWarning: overflow encountered in cast
  out = res.astype(np.float32)[s - off:e - off]
/gpfs/home1/sku07891/00.hojin/AlphaEval/AlphaSearchBench/alphasearchbench/data/qlib_provider.py:249: RuntimeWarning: overflow encountered in cast
  out = res.astype(np.float32)[s - off:e - off]
/gpfs/home1/sku07891/00.hojin/AlphaEval/AlphaSearchBench/alphasearchbench/data/qlib_provider.py:249: RuntimeWarning: overflow encountered in cast
  out = res.astype(np.float32)[s - off:e - off]
/gpfs/home1/sku07891/00.hojin/AlphaEval/AlphaSearchBench/alphasearchbench/data/qlib_provider.py:249: RuntimeWarning: overflow encountered in cast
  out = res.astype(np.float32)[s - off:e - off]
/gpfs/home1/sku07891/00.hojin/AlphaEval/AlphaSearchBench/alphasearchbench/data/qlib_provider.py:249: RuntimeWarning: overflow encountered in cast
  out = res.astype(np.float32)[s - off:e - off]
/gpfs/home1/sku07891/00.hojin/AlphaEval/AlphaSearchBench/alphasearchbench/data/qlib_provider.py:249: RuntimeWarning: overflow encountered in cast
  out = res.astype(np.float32)[s - off:e - off]
/gpfs/home1/sku07891/00.hojin/AlphaEval/AlphaSearchBench/alphasearchbench/data/qlib_provider.py:249: RuntimeWarning: overflow encountered in cast
  out = res.astype(np.float32)[s - off:e - off]
/gpfs/home1/sku07891/00.hojin/AlphaEval/AlphaSearchBench/alphasearchbench/data/qlib_provider.py:249: RuntimeWarning: overflow encountered in cast
  out = res.astype(np.float32)[s - off:e - off]
/gpfs/home1/sku07891/00.hojin/AlphaEval/AlphaSearchBench/alphasearchbench/data/qlib_provider.py:249: RuntimeWarning: overflow encountered in cast
  out = res.astype(np.float32)[s - off:e - off]
/home1/sku07891/miniconda3/envs/AlphaEval38/lib/python3.8/site-packages/pandas/core/window/rolling.py:655: RuntimeWarning: All-NaN slice encountered
  return func(x, start, end, min_periods, *numba_args)
/gpfs/home1/sku07891/00.hojin/AlphaEval/AlphaSearchBench/alphasearchbench/data/qlib_provider.py:249: RuntimeWarning: overflow encountered in cast
  out = res.astype(np.float32)[s - off:e - off]
/gpfs/home1/sku07891/00.hojin/AlphaEval/AlphaSearchBench/alphasearchbench/data/qlib_provider.py:249: RuntimeWarning: overflow encountered in cast
  out = res.astype(np.float32)[s - off:e - off]
/gpfs/home1/sku07891/00.hojin/AlphaEval/AlphaSearchBench/alphasearchbench/data/qlib_provider.py:249: RuntimeWarning: overflow encountered in cast
  out = res.astype(np.float32)[s - off:e - off]
/gpfs/home1/sku07891/00.hojin/AlphaEval/AlphaSearchBench/alphasearchbench/data/qlib_provider.py:249: RuntimeWarning: overflow encountered in cast
  out = res.astype(np.float32)[s - off:e - off]
/gpfs/home1/sku07891/00.hojin/AlphaEval/AlphaSearchBench/alphasearchbench/data/qlib_provider.py:249: RuntimeWarning: overflow encountered in cast
  out = res.astype(np.float32)[s - off:e - off]
/gpfs/home1/sku07891/00.hojin/AlphaEval/AlphaSearchBench/alphasearchbench/data/qlib_provider.py:249: RuntimeWarning: overflow encountered in cast
  out = res.astype(np.float32)[s - off:e - off]
/gpfs/home1/sku07891/00.hojin/AlphaEval/AlphaSearchBench/alphasearchbench/data/qlib_provider.py:249: RuntimeWarning: overflow encountered in cast
  out = res.astype(np.float32)[s - off:e - off]
/gpfs/home1/sku07891/00.hojin/AlphaEval/AlphaSearchBench/alphasearchbench/data/qlib_provider.py:249: RuntimeWarning: overflow encountered in cast
  out = res.astype(np.float32)[s - off:e - off]
/gpfs/home1/sku07891/00.hojin/AlphaEval/AlphaSearchBench/alphasearchbench/data/qlib_provider.py:249: RuntimeWarning: overflow encountered in cast
  out = res.astype(np.float32)[s - off:e - off]
/gpfs/home1/sku07891/00.hojin/AlphaEval/AlphaSearchBench/alphasearchbench/data/qlib_provider.py:249: RuntimeWarning: overflow encountered in cast
  out = res.astype(np.float32)[s - off:e - off]
/gpfs/home1/sku07891/00.hojin/AlphaEval/AlphaSearchBench/alphasearchbench/data/qlib_provider.py:249: RuntimeWarning: overflow encountered in cast
  out = res.astype(np.float32)[s - off:e - off]
/gpfs/home1/sku07891/00.hojin/AlphaEval/AlphaSearchBench/alphasearchbench/data/qlib_provider.py:249: RuntimeWarning: overflow encountered in cast
  out = res.astype(np.float32)[s - off:e - off]
/gpfs/home1/sku07891/00.hojin/AlphaEval/AlphaSearchBench/alphasearchbench/data/qlib_provider.py:249: RuntimeWarning: overflow encountered in cast
  out = res.astype(np.float32)[s - off:e - off]
/gpfs/home1/sku07891/00.hojin/AlphaEval/AlphaSearchBench/alphasearchbench/data/qlib_provider.py:249: RuntimeWarning: overflow encountered in cast
  out = res.astype(np.float32)[s - off:e - off]
/gpfs/home1/sku07891/00.hojin/AlphaEval/AlphaSearchBench/alphasearchbench/data/qlib_provider.py:249: RuntimeWarning: overflow encountered in cast
  out = res.astype(np.float32)[s - off:e - off]
/gpfs/home1/sku07891/00.hojin/AlphaEval/AlphaSearchBench/alphasearchbench/data/qlib_provider.py:249: RuntimeWarning: overflow encountered in cast
  out = res.astype(np.float32)[s - off:e - off]
/gpfs/home1/sku07891/00.hojin/AlphaEval/AlphaSearchBench/alphasearchbench/data/qlib_provider.py:249: RuntimeWarning: overflow encountered in cast
  out = res.astype(np.float32)[s - off:e - off]
/gpfs/home1/sku07891/00.hojin/AlphaEval/AlphaSearchBench/alphasearchbench/data/qlib_provider.py:249: RuntimeWarning: overflow encountered in cast
  out = res.astype(np.float32)[s - off:e - off]
/gpfs/home1/sku07891/00.hojin/AlphaEval/AlphaSearchBench/alphasearchbench/data/qlib_provider.py:249: RuntimeWarning: overflow encountered in cast
  out = res.astype(np.float32)[s - off:e - off]
/gpfs/home1/sku07891/00.hojin/AlphaEval/AlphaSearchBench/alphasearchbench/data/qlib_provider.py:249: RuntimeWarning: overflow encountered in cast
  out = res.astype(np.float32)[s - off:e - off]
/gpfs/home1/sku07891/00.hojin/AlphaEval/AlphaSearchBench/alphasearchbench/data/qlib_provider.py:249: RuntimeWarning: overflow encountered in cast
  out = res.astype(np.float32)[s - off:e - off]
/gpfs/home1/sku07891/00.hojin/AlphaEval/AlphaSearchBench/alphasearchbench/data/qlib_provider.py:249: RuntimeWarning: overflow encountered in cast
  out = res.astype(np.float32)[s - off:e - off]
/gpfs/home1/sku07891/00.hojin/AlphaEval/AlphaSearchBench/alphasearchbench/data/qlib_provider.py:249: RuntimeWarning: overflow encountered in cast
  out = res.astype(np.float32)[s - off:e - off]
/gpfs/home1/sku07891/00.hojin/AlphaEval/AlphaSearchBench/alphasearchbench/data/qlib_provider.py:249: RuntimeWarning: overflow encountered in cast
  out = res.astype(np.float32)[s - off:e - off]
/gpfs/home1/sku07891/00.hojin/AlphaEval/AlphaSearchBench/alphasearchbench/data/qlib_provider.py:249: RuntimeWarning: overflow encountered in cast
  out = res.astype(np.float32)[s - off:e - off]
/gpfs/home1/sku07891/00.hojin/AlphaEval/AlphaSearchBench/alphasearchbench/data/qlib_provider.py:249: RuntimeWarning: overflow encountered in cast
  out = res.astype(np.float32)[s - off:e - off]
/home1/sku07891/miniconda3/envs/AlphaEval38/lib/python3.8/site-packages/pandas/core/window/rolling.py:655: RuntimeWarning: All-NaN slice encountered
  return func(x, start, end, min_periods, *numba_args)
/gpfs/home1/sku07891/00.hojin/AlphaEval/AlphaSearchBench/alphasearchbench/data/qlib_provider.py:249: RuntimeWarning: overflow encountered in cast
  out = res.astype(np.float32)[s - off:e - off]
/gpfs/home1/sku07891/00.hojin/AlphaEval/AlphaSearchBench/alphasearchbench/data/qlib_provider.py:249: RuntimeWarning: overflow encountered in cast
  out = res.astype(np.float32)[s - off:e - off]
/gpfs/home1/sku07891/00.hojin/AlphaEval/AlphaSearchBench/alphasearchbench/data/qlib_provider.py:249: RuntimeWarning: overflow encountered in cast
  out = res.astype(np.float32)[s - off:e - off]
/gpfs/home1/sku07891/00.hojin/AlphaEval/AlphaSearchBench/alphasearchbench/data/qlib_provider.py:249: RuntimeWarning: overflow encountered in cast
  out = res.astype(np.float32)[s - off:e - off]
/gpfs/home1/sku07891/00.hojin/AlphaEval/AlphaSearchBench/alphasearchbench/data/qlib_provider.py:249: RuntimeWarning: overflow encountered in cast
  out = res.astype(np.float32)[s - off:e - off]
/gpfs/home1/sku07891/00.hojin/AlphaEval/AlphaSearchBench/alphasearchbench/data/qlib_provider.py:249: RuntimeWarning: overflow encountered in cast
  out = res.astype(np.float32)[s - off:e - off]
/gpfs/home1/sku07891/00.hojin/AlphaEval/AlphaSearchBench/alphasearchbench/data/qlib_provider.py:249: RuntimeWarning: overflow encountered in cast
  out = res.astype(np.float32)[s - off:e - off]
/gpfs/home1/sku07891/00.hojin/AlphaEval/AlphaSearchBench/alphasearchbench/data/qlib_provider.py:249: RuntimeWarning: overflow encountered in cast
  out = res.astype(np.float32)[s - off:e - off]
/gpfs/home1/sku07891/00.hojin/AlphaEval/AlphaSearchBench/alphasearchbench/data/qlib_provider.py:249: RuntimeWarning: overflow encountered in cast
  out = res.astype(np.float32)[s - off:e - off]
/gpfs/home1/sku07891/00.hojin/AlphaEval/AlphaSearchBench/alphasearchbench/data/qlib_provider.py:249: RuntimeWarning: overflow encountered in cast
  out = res.astype(np.float32)[s - off:e - off]
/gpfs/home1/sku07891/00.hojin/AlphaEval/AlphaSearchBench/alphasearchbench/data/qlib_provider.py:249: RuntimeWarning: overflow encountered in cast
  out = res.astype(np.float32)[s - off:e - off]
/gpfs/home1/sku07891/00.hojin/AlphaEval/AlphaSearchBench/alphasearchbench/data/qlib_provider.py:249: RuntimeWarning: overflow encountered in cast
  out = res.astype(np.float32)[s - off:e - off]
/gpfs/home1/sku07891/00.hojin/AlphaEval/AlphaSearchBench/alphasearchbench/data/qlib_provider.py:249: RuntimeWarning: overflow encountered in cast
  out = res.astype(np.float32)[s - off:e - off]
/gpfs/home1/sku07891/00.hojin/AlphaEval/AlphaSearchBench/alphasearchbench/data/qlib_provider.py:249: RuntimeWarning: overflow encountered in cast
  out = res.astype(np.float32)[s - off:e - off]
/gpfs/home1/sku07891/00.hojin/AlphaEval/AlphaSearchBench/alphasearchbench/data/qlib_provider.py:249: RuntimeWarning: overflow encountered in cast
  out = res.astype(np.float32)[s - off:e - off]
/gpfs/home1/sku07891/00.hojin/AlphaEval/AlphaSearchBench/alphasearchbench/data/qlib_provider.py:249: RuntimeWarning: overflow encountered in cast
  out = res.astype(np.float32)[s - off:e - off]
/gpfs/home1/sku07891/00.hojin/AlphaEval/AlphaSearchBench/alphasearchbench/data/qlib_provider.py:249: RuntimeWarning: overflow encountered in cast
  out = res.astype(np.float32)[s - off:e - off]
/gpfs/home1/sku07891/00.hojin/AlphaEval/AlphaSearchBench/alphasearchbench/data/qlib_provider.py:249: RuntimeWarning: overflow encountered in cast
  out = res.astype(np.float32)[s - off:e - off]
/gpfs/home1/sku07891/00.hojin/AlphaEval/AlphaSearchBench/alphasearchbench/data/qlib_provider.py:249: RuntimeWarning: overflow encountered in cast
  out = res.astype(np.float32)[s - off:e - off]
/gpfs/home1/sku07891/00.hojin/AlphaEval/AlphaSearchBench/alphasearchbench/data/qlib_provider.py:249: RuntimeWarning: overflow encountered in cast
  out = res.astype(np.float32)[s - off:e - off]
/gpfs/home1/sku07891/00.hojin/AlphaEval/AlphaSearchBench/alphasearchbench/data/qlib_provider.py:249: RuntimeWarning: overflow encountered in cast
  out = res.astype(np.float32)[s - off:e - off]
/gpfs/home1/sku07891/00.hojin/AlphaEval/AlphaSearchBench/alphasearchbench/data/qlib_provider.py:249: RuntimeWarning: overflow encountered in cast
  out = res.astype(np.float32)[s - off:e - off]
/gpfs/home1/sku07891/00.hojin/AlphaEval/AlphaSearchBench/alphasearchbench/data/qlib_provider.py:249: RuntimeWarning: overflow encountered in cast
  out = res.astype(np.float32)[s - off:e - off]
/gpfs/home1/sku07891/00.hojin/AlphaEval/AlphaSearchBench/alphasearchbench/data/qlib_provider.py:249: RuntimeWarning: overflow encountered in cast
  out = res.astype(np.float32)[s - off:e - off]
/gpfs/home1/sku07891/00.hojin/AlphaEval/AlphaSearchBench/alphasearchbench/data/qlib_provider.py:249: RuntimeWarning: overflow encountered in cast
  out = res.astype(np.float32)[s - off:e - off]
/gpfs/home1/sku07891/00.hojin/AlphaEval/AlphaSearchBench/alphasearchbench/data/qlib_provider.py:249: RuntimeWarning: overflow encountered in cast
  out = res.astype(np.float32)[s - off:e - off]
/gpfs/home1/sku07891/00.hojin/AlphaEval/AlphaSearchBench/alphasearchbench/data/qlib_provider.py:249: RuntimeWarning: overflow encountered in cast
  out = res.astype(np.float32)[s - off:e - off]
/gpfs/home1/sku07891/00.hojin/AlphaEval/AlphaSearchBench/alphasearchbench/data/qlib_provider.py:249: RuntimeWarning: overflow encountered in cast
  out = res.astype(np.float32)[s - off:e - off]
/gpfs/home1/sku07891/00.hojin/AlphaEval/AlphaSearchBench/alphasearchbench/data/qlib_provider.py:249: RuntimeWarning: overflow encountered in cast
  out = res.astype(np.float32)[s - off:e - off]
/gpfs/home1/sku07891/00.hojin/AlphaEval/AlphaSearchBench/alphasearchbench/data/qlib_provider.py:249: RuntimeWarning: overflow encountered in cast
  out = res.astype(np.float32)[s - off:e - off]
/gpfs/home1/sku07891/00.hojin/AlphaEval/AlphaSearchBench/alphasearchbench/data/qlib_provider.py:249: RuntimeWarning: overflow encountered in cast
  out = res.astype(np.float32)[s - off:e - off]
/gpfs/home1/sku07891/00.hojin/AlphaEval/AlphaSearchBench/alphasearchbench/data/qlib_provider.py:249: RuntimeWarning: overflow encountered in cast
  out = res.astype(np.float32)[s - off:e - off]
/gpfs/home1/sku07891/00.hojin/AlphaEval/AlphaSearchBench/alphasearchbench/data/qlib_provider.py:249: RuntimeWarning: overflow encountered in cast
  out = res.astype(np.float32)[s - off:e - off]
/gpfs/home1/sku07891/00.hojin/AlphaEval/AlphaSearchBench/alphasearchbench/data/qlib_provider.py:249: RuntimeWarning: overflow encountered in cast
  out = res.astype(np.float32)[s - off:e - off]
/gpfs/home1/sku07891/00.hojin/AlphaEval/AlphaSearchBench/alphasearchbench/data/qlib_provider.py:249: RuntimeWarning: overflow encountered in cast
  out = res.astype(np.float32)[s - off:e - off]
/gpfs/home1/sku07891/00.hojin/AlphaEval/AlphaSearchBench/alphasearchbench/data/qlib_provider.py:249: RuntimeWarning: overflow encountered in cast
  out = res.astype(np.float32)[s - off:e - off]
/gpfs/home1/sku07891/00.hojin/AlphaEval/AlphaSearchBench/alphasearchbench/data/qlib_provider.py:249: RuntimeWarning: overflow encountered in cast
  out = res.astype(np.float32)[s - off:e - off]
/gpfs/home1/sku07891/00.hojin/AlphaEval/AlphaSearchBench/alphasearchbench/data/qlib_provider.py:249: RuntimeWarning: overflow encountered in cast
  out = res.astype(np.float32)[s - off:e - off]
/gpfs/home1/sku07891/00.hojin/AlphaEval/AlphaSearchBench/alphasearchbench/data/qlib_provider.py:249: RuntimeWarning: overflow encountered in cast
  out = res.astype(np.float32)[s - off:e - off]
/gpfs/home1/sku07891/00.hojin/AlphaEval/AlphaSearchBench/alphasearchbench/data/qlib_provider.py:249: RuntimeWarning: overflow encountered in cast
  out = res.astype(np.float32)[s - off:e - off]
/gpfs/home1/sku07891/00.hojin/AlphaEval/AlphaSearchBench/alphasearchbench/data/qlib_provider.py:249: RuntimeWarning: overflow encountered in cast
  out = res.astype(np.float32)[s - off:e - off]
/home1/sku07891/miniconda3/envs/AlphaEval38/lib/python3.8/site-packages/pandas/core/window/rolling.py:655: RuntimeWarning: All-NaN slice encountered
  return func(x, start, end, min_periods, *numba_args)
/gpfs/home1/sku07891/00.hojin/AlphaEval/AlphaSearchBench/alphasearchbench/data/qlib_provider.py:249: RuntimeWarning: overflow encountered in cast
  out = res.astype(np.float32)[s - off:e - off]
/gpfs/home1/sku07891/00.hojin/AlphaEval/AlphaSearchBench/alphasearchbench/data/qlib_provider.py:249: RuntimeWarning: overflow encountered in cast
  out = res.astype(np.float32)[s - off:e - off]
/home1/sku07891/miniconda3/envs/AlphaEval38/lib/python3.8/site-packages/pandas/core/window/rolling.py:655: RuntimeWarning: All-NaN slice encountered
  return func(x, start, end, min_periods, *numba_args)
/gpfs/home1/sku07891/00.hojin/AlphaEval/AlphaSearchBench/alphasearchbench/data/qlib_provider.py:249: RuntimeWarning: overflow encountered in cast
  out = res.astype(np.float32)[s - off:e - off]
/gpfs/home1/sku07891/00.hojin/AlphaEval/AlphaSearchBench/alphasearchbench/data/qlib_provider.py:249: RuntimeWarning: overflow encountered in cast
  out = res.astype(np.float32)[s - off:e - off]
/gpfs/home1/sku07891/00.hojin/AlphaEval/AlphaSearchBench/alphasearchbench/data/qlib_provider.py:249: RuntimeWarning: overflow encountered in cast
  out = res.astype(np.float32)[s - off:e - off]
/home1/sku07891/miniconda3/envs/AlphaEval38/lib/python3.8/site-packages/pandas/core/window/rolling.py:655: RuntimeWarning: All-NaN slice encountered
  return func(x, start, end, min_periods, *numba_args)
/gpfs/home1/sku07891/00.hojin/AlphaEval/AlphaSearchBench/alphasearchbench/data/qlib_provider.py:249: RuntimeWarning: overflow encountered in cast
  out = res.astype(np.float32)[s - off:e - off]
/gpfs/home1/sku07891/00.hojin/AlphaEval/AlphaSearchBench/alphasearchbench/data/qlib_provider.py:249: RuntimeWarning: overflow encountered in cast
  out = res.astype(np.float32)[s - off:e - off]
/gpfs/home1/sku07891/00.hojin/AlphaEval/AlphaSearchBench/alphasearchbench/data/qlib_provider.py:249: RuntimeWarning: overflow encountered in cast
  out = res.astype(np.float32)[s - off:e - off]
/gpfs/home1/sku07891/00.hojin/AlphaEval/AlphaSearchBench/alphasearchbench/data/qlib_provider.py:249: RuntimeWarning: overflow encountered in cast
  out = res.astype(np.float32)[s - off:e - off]
/gpfs/home1/sku07891/00.hojin/AlphaEval/AlphaSearchBench/alphasearchbench/data/qlib_provider.py:249: RuntimeWarning: overflow encountered in cast
  out = res.astype(np.float32)[s - off:e - off]
/gpfs/home1/sku07891/00.hojin/AlphaEval/AlphaSearchBench/alphasearchbench/data/qlib_provider.py:249: RuntimeWarning: overflow encountered in cast
  out = res.astype(np.float32)[s - off:e - off]
/gpfs/home1/sku07891/00.hojin/AlphaEval/AlphaSearchBench/alphasearchbench/data/qlib_provider.py:249: RuntimeWarning: overflow encountered in cast
  out = res.astype(np.float32)[s - off:e - off]
/gpfs/home1/sku07891/00.hojin/AlphaEval/AlphaSearchBench/alphasearchbench/data/qlib_provider.py:249: RuntimeWarning: overflow encountered in cast
  out = res.astype(np.float32)[s - off:e - off]
/gpfs/home1/sku07891/00.hojin/AlphaEval/AlphaSearchBench/alphasearchbench/data/qlib_provider.py:249: RuntimeWarning: overflow encountered in cast
  out = res.astype(np.float32)[s - off:e - off]
/gpfs/home1/sku07891/00.hojin/AlphaEval/AlphaSearchBench/alphasearchbench/data/qlib_provider.py:249: RuntimeWarning: overflow encountered in cast
  out = res.astype(np.float32)[s - off:e - off]
/gpfs/home1/sku07891/00.hojin/AlphaEval/AlphaSearchBench/alphasearchbench/data/qlib_provider.py:249: RuntimeWarning: overflow encountered in cast
  out = res.astype(np.float32)[s - off:e - off]
/gpfs/home1/sku07891/00.hojin/AlphaEval/AlphaSearchBench/alphasearchbench/data/qlib_provider.py:249: RuntimeWarning: overflow encountered in cast
  out = res.astype(np.float32)[s - off:e - off]
/gpfs/home1/sku07891/00.hojin/AlphaEval/AlphaSearchBench/alphasearchbench/data/qlib_provider.py:249: RuntimeWarning: overflow encountered in cast
  out = res.astype(np.float32)[s - off:e - off]
/gpfs/home1/sku07891/00.hojin/AlphaEval/AlphaSearchBench/alphasearchbench/data/qlib_provider.py:249: RuntimeWarning: overflow encountered in cast
  out = res.astype(np.float32)[s - off:e - off]
/gpfs/home1/sku07891/00.hojin/AlphaEval/AlphaSearchBench/alphasearchbench/data/qlib_provider.py:249: RuntimeWarning: overflow encountered in cast
  out = res.astype(np.float32)[s - off:e - off]
/gpfs/home1/sku07891/00.hojin/AlphaEval/AlphaSearchBench/alphasearchbench/data/qlib_provider.py:249: RuntimeWarning: overflow encountered in cast
  out = res.astype(np.float32)[s - off:e - off]
/gpfs/home1/sku07891/00.hojin/AlphaEval/AlphaSearchBench/alphasearchbench/data/qlib_provider.py:249: RuntimeWarning: overflow encountered in cast
  out = res.astype(np.float32)[s - off:e - off]
/gpfs/home1/sku07891/00.hojin/AlphaEval/AlphaSearchBench/alphasearchbench/data/qlib_provider.py:249: RuntimeWarning: overflow encountered in cast
  out = res.astype(np.float32)[s - off:e - off]
/gpfs/home1/sku07891/00.hojin/AlphaEval/AlphaSearchBench/alphasearchbench/data/qlib_provider.py:249: RuntimeWarning: overflow encountered in cast
  out = res.astype(np.float32)[s - off:e - off]
/gpfs/home1/sku07891/00.hojin/AlphaEval/AlphaSearchBench/alphasearchbench/data/qlib_provider.py:249: RuntimeWarning: overflow encountered in cast
  out = res.astype(np.float32)[s - off:e - off]
/gpfs/home1/sku07891/00.hojin/AlphaEval/AlphaSearchBench/alphasearchbench/data/qlib_provider.py:249: RuntimeWarning: overflow encountered in cast
  out = res.astype(np.float32)[s - off:e - off]
/gpfs/home1/sku07891/00.hojin/AlphaEval/AlphaSearchBench/alphasearchbench/data/qlib_provider.py:249: RuntimeWarning: overflow encountered in cast
  out = res.astype(np.float32)[s - off:e - off]
/gpfs/home1/sku07891/00.hojin/AlphaEval/AlphaSearchBench/alphasearchbench/data/qlib_provider.py:249: RuntimeWarning: overflow encountered in cast
  out = res.astype(np.float32)[s - off:e - off]
/home1/sku07891/miniconda3/envs/AlphaEval38/lib/python3.8/site-packages/pandas/core/window/rolling.py:655: RuntimeWarning: All-NaN slice encountered
  return func(x, start, end, min_periods, *numba_args)
/gpfs/home1/sku07891/00.hojin/AlphaEval/AlphaSearchBench/alphasearchbench/data/qlib_provider.py:249: RuntimeWarning: overflow encountered in cast
  out = res.astype(np.float32)[s - off:e - off]
/gpfs/home1/sku07891/00.hojin/AlphaEval/AlphaSearchBench/alphasearchbench/data/qlib_provider.py:249: RuntimeWarning: overflow encountered in cast
  out = res.astype(np.float32)[s - off:e - off]
/gpfs/home1/sku07891/00.hojin/AlphaEval/AlphaSearchBench/alphasearchbench/data/qlib_provider.py:249: RuntimeWarning: overflow encountered in cast
  out = res.astype(np.float32)[s - off:e - off]
/gpfs/home1/sku07891/00.hojin/AlphaEval/AlphaSearchBench/alphasearchbench/data/qlib_provider.py:249: RuntimeWarning: overflow encountered in cast
  out = res.astype(np.float32)[s - off:e - off]
/gpfs/home1/sku07891/00.hojin/AlphaEval/AlphaSearchBench/alphasearchbench/data/qlib_provider.py:249: RuntimeWarning: overflow encountered in cast
  out = res.astype(np.float32)[s - off:e - off]
/home1/sku07891/miniconda3/envs/AlphaEval38/lib/python3.8/site-packages/pandas/core/window/rolling.py:655: RuntimeWarning: All-NaN slice encountered
  return func(x, start, end, min_periods, *numba_args)
/gpfs/home1/sku07891/00.hojin/AlphaEval/AlphaSearchBench/alphasearchbench/data/qlib_provider.py:249: RuntimeWarning: overflow encountered in cast
  out = res.astype(np.float32)[s - off:e - off]
/home1/sku07891/miniconda3/envs/AlphaEval38/lib/python3.8/site-packages/pandas/core/window/rolling.py:655: RuntimeWarning: All-NaN slice encountered
  return func(x, start, end, min_periods, *numba_args)
/gpfs/home1/sku07891/00.hojin/AlphaEval/AlphaSearchBench/alphasearchbench/data/qlib_provider.py:249: RuntimeWarning: overflow encountered in cast
  out = res.astype(np.float32)[s - off:e - off]
/home1/sku07891/miniconda3/envs/AlphaEval38/lib/python3.8/site-packages/pandas/core/window/rolling.py:655: RuntimeWarning: All-NaN slice encountered
  return func(x, start, end, min_periods, *numba_args)
/gpfs/home1/sku07891/00.hojin/AlphaEval/AlphaSearchBench/alphasearchbench/data/qlib_provider.py:249: RuntimeWarning: overflow encountered in cast
  out = res.astype(np.float32)[s - off:e - off]
/gpfs/home1/sku07891/00.hojin/AlphaEval/AlphaSearchBench/alphasearchbench/data/qlib_provider.py:249: RuntimeWarning: overflow encountered in cast
  out = res.astype(np.float32)[s - off:e - off]
/gpfs/home1/sku07891/00.hojin/AlphaEval/AlphaSearchBench/alphasearchbench/data/qlib_provider.py:249: RuntimeWarning: overflow encountered in cast
  out = res.astype(np.float32)[s - off:e - off]
/gpfs/home1/sku07891/00.hojin/AlphaEval/AlphaSearchBench/alphasearchbench/data/qlib_provider.py:249: RuntimeWarning: overflow encountered in cast
  out = res.astype(np.float32)[s - off:e - off]
/gpfs/home1/sku07891/00.hojin/AlphaEval/AlphaSearchBench/alphasearchbench/data/qlib_provider.py:249: RuntimeWarning: overflow encountered in cast
  out = res.astype(np.float32)[s - off:e - off]
/gpfs/home1/sku07891/00.hojin/AlphaEval/AlphaSearchBench/alphasearchbench/data/qlib_provider.py:249: RuntimeWarning: overflow encountered in cast
  out = res.astype(np.float32)[s - off:e - off]
/home1/sku07891/miniconda3/envs/AlphaEval38/lib/python3.8/site-packages/pandas/core/window/rolling.py:655: RuntimeWarning: All-NaN slice encountered
  return func(x, start, end, min_periods, *numba_args)
/gpfs/home1/sku07891/00.hojin/AlphaEval/AlphaSearchBench/alphasearchbench/data/qlib_provider.py:249: RuntimeWarning: overflow encountered in cast
  out = res.astype(np.float32)[s - off:e - off]
/gpfs/home1/sku07891/00.hojin/AlphaEval/AlphaSearchBench/alphasearchbench/data/qlib_provider.py:249: RuntimeWarning: overflow encountered in cast
  out = res.astype(np.float32)[s - off:e - off]
/gpfs/home1/sku07891/00.hojin/AlphaEval/AlphaSearchBench/alphasearchbench/data/qlib_provider.py:249: RuntimeWarning: overflow encountered in cast
  out = res.astype(np.float32)[s - off:e - off]
/gpfs/home1/sku07891/00.hojin/AlphaEval/AlphaSearchBench/alphasearchbench/data/qlib_provider.py:249: RuntimeWarning: overflow encountered in cast
  out = res.astype(np.float32)[s - off:e - off]
/gpfs/home1/sku07891/00.hojin/AlphaEval/AlphaSearchBench/alphasearchbench/data/qlib_provider.py:249: RuntimeWarning: overflow encountered in cast
  out = res.astype(np.float32)[s - off:e - off]
/home1/sku07891/miniconda3/envs/AlphaEval38/lib/python3.8/site-packages/pandas/core/window/rolling.py:655: RuntimeWarning: All-NaN slice encountered
  return func(x, start, end, min_periods, *numba_args)
/gpfs/home1/sku07891/00.hojin/AlphaEval/AlphaSearchBench/alphasearchbench/data/qlib_provider.py:249: RuntimeWarning: overflow encountered in cast
  out = res.astype(np.float32)[s - off:e - off]
/gpfs/home1/sku07891/00.hojin/AlphaEval/AlphaSearchBench/alphasearchbench/data/qlib_provider.py:249: RuntimeWarning: overflow encountered in cast
  out = res.astype(np.float32)[s - off:e - off]
/gpfs/home1/sku07891/00.hojin/AlphaEval/AlphaSearchBench/alphasearchbench/data/qlib_provider.py:249: RuntimeWarning: overflow encountered in cast
  out = res.astype(np.float32)[s - off:e - off]
/gpfs/home1/sku07891/00.hojin/AlphaEval/AlphaSearchBench/alphasearchbench/data/qlib_provider.py:249: RuntimeWarning: overflow encountered in cast
  out = res.astype(np.float32)[s - off:e - off]
/gpfs/home1/sku07891/00.hojin/AlphaEval/AlphaSearchBench/alphasearchbench/data/qlib_provider.py:249: RuntimeWarning: overflow encountered in cast
  out = res.astype(np.float32)[s - off:e - off]
/gpfs/home1/sku07891/00.hojin/AlphaEval/AlphaSearchBench/alphasearchbench/data/qlib_provider.py:249: RuntimeWarning: overflow encountered in cast
  out = res.astype(np.float32)[s - off:e - off]
/gpfs/home1/sku07891/00.hojin/AlphaEval/AlphaSearchBench/alphasearchbench/data/qlib_provider.py:249: RuntimeWarning: overflow encountered in cast
  out = res.astype(np.float32)[s - off:e - off]
/gpfs/home1/sku07891/00.hojin/AlphaEval/AlphaSearchBench/alphasearchbench/data/qlib_provider.py:249: RuntimeWarning: overflow encountered in cast
  out = res.astype(np.float32)[s - off:e - off]
/gpfs/home1/sku07891/00.hojin/AlphaEval/AlphaSearchBench/alphasearchbench/data/qlib_provider.py:249: RuntimeWarning: overflow encountered in cast
  out = res.astype(np.float32)[s - off:e - off]
/gpfs/home1/sku07891/00.hojin/AlphaEval/AlphaSearchBench/alphasearchbench/data/qlib_provider.py:249: RuntimeWarning: overflow encountered in cast
  out = res.astype(np.float32)[s - off:e - off]
/home1/sku07891/miniconda3/envs/AlphaEval38/lib/python3.8/site-packages/pandas/core/window/rolling.py:655: RuntimeWarning: All-NaN slice encountered
  return func(x, start, end, min_periods, *numba_args)
/gpfs/home1/sku07891/00.hojin/AlphaEval/AlphaSearchBench/alphasearchbench/data/qlib_provider.py:249: RuntimeWarning: overflow encountered in cast
  out = res.astype(np.float32)[s - off:e - off]
/gpfs/home1/sku07891/00.hojin/AlphaEval/AlphaSearchBench/alphasearchbench/data/qlib_provider.py:249: RuntimeWarning: overflow encountered in cast
  out = res.astype(np.float32)[s - off:e - off]
/home1/sku07891/miniconda3/envs/AlphaEval38/lib/python3.8/site-packages/pandas/core/window/rolling.py:655: RuntimeWarning: All-NaN slice encountered
  return func(x, start, end, min_periods, *numba_args)
/home1/sku07891/miniconda3/envs/AlphaEval38/lib/python3.8/site-packages/pandas/core/window/rolling.py:655: RuntimeWarning: All-NaN slice encountered
  return func(x, start, end, min_periods, *numba_args)
/gpfs/home1/sku07891/00.hojin/AlphaEval/AlphaSearchBench/alphasearchbench/data/qlib_provider.py:249: RuntimeWarning: overflow encountered in cast
  out = res.astype(np.float32)[s - off:e - off]
/gpfs/home1/sku07891/00.hojin/AlphaEval/AlphaSearchBench/alphasearchbench/data/qlib_provider.py:249: RuntimeWarning: overflow encountered in cast
  out = res.astype(np.float32)[s - off:e - off]
/gpfs/home1/sku07891/00.hojin/AlphaEval/AlphaSearchBench/alphasearchbench/data/qlib_provider.py:249: RuntimeWarning: overflow encountered in cast
  out = res.astype(np.float32)[s - off:e - off]
/gpfs/home1/sku07891/00.hojin/AlphaEval/AlphaSearchBench/alphasearchbench/data/qlib_provider.py:249: RuntimeWarning: overflow encountered in cast
  out = res.astype(np.float32)[s - off:e - off]
/gpfs/home1/sku07891/00.hojin/AlphaEval/AlphaSearchBench/alphasearchbench/data/qlib_provider.py:249: RuntimeWarning: overflow encountered in cast
  out = res.astype(np.float32)[s - off:e - off]
/gpfs/home1/sku07891/00.hojin/AlphaEval/AlphaSearchBench/alphasearchbench/data/qlib_provider.py:249: RuntimeWarning: overflow encountered in cast
  out = res.astype(np.float32)[s - off:e - off]
/gpfs/home1/sku07891/00.hojin/AlphaEval/AlphaSearchBench/alphasearchbench/data/qlib_provider.py:249: RuntimeWarning: overflow encountered in cast
  out = res.astype(np.float32)[s - off:e - off]
/gpfs/home1/sku07891/00.hojin/AlphaEval/AlphaSearchBench/alphasearchbench/data/qlib_provider.py:249: RuntimeWarning: overflow encountered in cast
  out = res.astype(np.float32)[s - off:e - off]
/gpfs/home1/sku07891/00.hojin/AlphaEval/AlphaSearchBench/alphasearchbench/data/qlib_provider.py:249: RuntimeWarning: overflow encountered in cast
  out = res.astype(np.float32)[s - off:e - off]
/gpfs/home1/sku07891/00.hojin/AlphaEval/AlphaSearchBench/alphasearchbench/data/qlib_provider.py:249: RuntimeWarning: overflow encountered in cast
  out = res.astype(np.float32)[s - off:e - off]
Generation 0 starts.
final:  [0.056087939223938156, -0.07303378081464328, 0.001749840001978268, -0.004471944534426079, 5.3016121661689995e-05, -8.823723700807014e-05, 0.011844944810605093, 0.04930897984209081, 0.03656739182759286, 0.15476193733739213, -0.0069775018962759, -1000000.0, 0.019301613751219537, -0.03494053455995416, -0.10198704213596625, -0.11482048012765607, -0.03874296834306547, 0.017330155603616525, -0.0009239944456983117, -0.00046395909119333474, 0.02847309556184549, -0.2225657664348818, -1000000.0, -0.12512344094900482, -0.24693692770961384, 0.02854678282863226, -0.035682368986480216, -0.14912251287073372, 0.015263873615908204, -1000000.0, -0.031235611519746617, -1000000.0, -1000000.0, 0.19622569464627335, 0.01846846802149509, -0.0315556563050921, -0.003311587810429336, -0.14062717616110829, -0.033339145054323206, -0.01913530404445813, 0.07154804671390458, -0.025630066412926998, -0.012070229215065098, -0.08191526674897502, -1000000.0, 0.002429605022720293, -0.07208247379176785, -0.0007138481174349191, -0.16502255728445311, 0.0002894158997011677, 0.02169011137645304, -0.1191352592670822, -0.0024648756105838856, -0.0037348025325237666, 0.015864815405843117, -0.0022400958579335767, -0.03696931821314092, 0.015548537256588947, 0.01195094576849439, -0.05541585170236941, -0.009218436677907494, -0.009544698777970807, -0.12095822827227672, -0.18775422103264824, -1000000.0, -0.21706807882150073, 0.03297560026305401, 0.19798050610561857, 0.06262044899235504, -0.09910341977732745, -0.012982517258388795, 0.14258755949375887, -0.05099529223181992, -0.12281421081743531, 0.14314747849117682, -1000000.0, -0.037833588266094856, -0.000721030197018061, -6.988532036327257e-05, 0.011806173049411096, -1000000.0, 2.6070538204667132e-05, 0.007282241126841421, -0.000721030197018061, -0.014523442296665827, -1000000.0, 0.15625765370272976, -0.01629852126461949, 0.008611917156482577, 0.001156378160784412, -0.015417826282420562, -0.020523423089490733, -0.026081301611050628, 0.017249178145740618, 0.025577158346732347, -0.01267415401473451, -1000000.0, 0.02682112475814557, 0.011676365516043865, -0.002777191158816074, -0.002329872232738373, -0.0016352421394252065, -0.017746334781177354, -1000000.0, -0.26410697180194204, -0.0006051196776158607, -0.026353058620587885, -0.1079402142376075, 0.002738800549556865, -0.035375633765467034, 0.14054190299929376, 0.01471325950545376, -2.2597263050621296e-06, -0.019218488675069756, -0.0347118857354482, 0.03792567886122653, -0.035177396216966264, -2.850562270598883e-05, 0.05609720219786946, 0.0016233309870019768, -0.013212610280938746, -0.03789492909288556, -0.03135697588259387, 0.0018584219338527539, 0.01715133920790119, -1000000.0, -0.017220308266716198, 0.04821584342924405, -0.008796306479000449, -0.01731848694569397, 0.004074216042209064, 0.03206152113893343, -0.03957271019238695, -0.02033123257631329, -0.07840683538991297, -0.0030684344665872438, -1000000.0, -0.06120243553604004, -0.05408769234788995, 0.012043052690216292, -0.002742118495118546, -1000000.0, 0.017593461908287065, 0.017330155603616525, -0.13102891936819014, -0.031230967548524616, -0.02486517037757627, 0.03277805276652531, -0.008938286181757666, 0.14403649358929102, 0.09698124514932492, -0.025630066412926998, 0.0315048404232265, -0.0024408656455537385, -0.11427335998910725, 0.029483143290088987, -0.013806907101189024, 0.0001306181218878219, -0.027827226806238135, -0.06985958081312724, 0.0006130521023809697, 0.0005870692063818922, 0.13232917921966283, -0.04141804543061065, 0.04149835999423772, -0.1358703619268589, 0.0035302857545576743, 0.060807233471742606, -0.008523888336739633, 0.0042654530148339975, 0.016230265523425658, -0.005862733719760573, 0.0146978705567496, 0.02236602567249888, -0.010834225461353514, 0.00013856294001974665, 0.0005385664471022013, 0.028769112382236856, -0.1338392741621788, -0.021564872112193944, -0.01819954579572837, -0.030396386019739992, 0.022813914672566698, -0.0813879644840036, 0.019959213202009524, -0.046652565015020804, -0.022391940731226308, -1000000.0, -0.001654598215048492, -1000000.0, -1000000.0, -0.021104161144305144, -0.0028152476624132873, -0.003596039860029685, -0.018071082217200937, -0.058497607971545726, -0.07566724398274231, -0.010608272553810525, -0.054875385538844905, -0.0535546535427385, 0.02094253941569665, -1000000.0, 0.019627690680238157, -0.0071054481101744905, -0.05012928876107478, 0.01412996079951623, -0.007957589910860036, -0.04974402179668423, -0.001295328130851592, 0.0018431333021228702, -0.05783460548880764, -0.10870962347184729, 0.012987843564039562, -0.035375633765467034, -0.07553334934205214, -0.014623376333984302, 0.002515098527453109, -0.01598075870842903, -0.031259666443635536, -1000000.0, -0.018037170305184574, -0.027263932564637328, -0.026008063670989442, -0.05577948761429279, -1000000.0, 0.00424252117151715, -0.04743684355791165, 0.0009169536145349788, -0.06371819862660172, -0.014469764187226486, 0.004311543794440716, -0.013904097587572413, 0.024041305987133096, -0.1660530689058242, -0.19947810082233874, 0.15404414633732016, -0.014835854258300788, 0.030692423187313373, -0.003532514974231463, -0.01895218512924086, -0.08791913958463181, 0.01844187404294276, -0.0002067423750973529, -0.11612048029967191, -0.14178651353458582, -0.03516774517357763, -0.28922103631605267, -0.06972001656116636, 0.000930893554109723, -0.055270514448601246, 0.03048464980406294, -0.0038845260066699334, 0.0772830231221173, 0.02395945615702846, -1000000.0, -0.021414429758065404, 0.030410025457906983, -0.18066064715204075, 0.0005493510190723344, -0.023823011051161528, -1000000.0, -1000000.0, -0.0015984044748114123, 0.13023396349482752, -0.03402831504110578, -1000000.0, -0.011287831188998903, -1000000.0, 0.006917769308089524, -0.13645609476984766, -0.024018898202283586, 0.1359609900515377, -0.024417173192852637, -1000000.0, 0.14411666788558258, -0.06600019279134177, -0.18865621069133623, -0.36557751937561045, -0.034980638839071654, -0.03789492909288556, 0.1107823295057986, 0.026005104653601948, -0.012031095044156129, 0.14782981410455578, -0.19031511390834763, -0.018037170305184574, 0.09727720837541688, -0.06189393914392244, -0.25475100664870115, -0.23893350983909542, -0.09421388301867072, 0.0036787376643956714, -0.0017936329828186284, 0.002946030697135137, -0.049502410596239894, -0.10353538801075966, -0.13319355096724175, 0.0009841829725677827, 0.04439250675286129, -1000000.0, -1000000.0, -0.010445553597963068, 0.02125962603385061, -1000000.0, -0.0037523788693759833, -0.13898530496184439, -0.10397407801267733, 0.0001298364633688498, 0.09668261616734967, -0.000721030197018061, 0.06372939933869128, 0.030547846581842016, -0.000721030197018061, 0.1962620818690189, -0.13781650418006763, -0.05210844391047466, -0.04844305563159223, -0.0358935650942115, -0.00958099668810887, -0.03149573460943553, 0.14546104409442798, 0.14403649358929102, -0.028748943436783764, -1000000.0, 0.004698853823756119, 0.04451238078921354, -0.01461797399105934, 0.01802407677441589, 0.0076347008678424874, -0.03639015007390579, 0.11082115994218857, 0.1390407113460826, -1000000.0, -0.001107464915917698, -0.003241208217934652, 0.01589759078155006, -0.12573628630991213, -0.0311272480732474, 0.0747861331786887, -0.007993556579149831, 0.01980231839089144, 0.004776826906399041, -0.12130411160815295, -0.04564996351211971, -0.07139148784716104, 0.00039899859291865305, -0.01717464384944307, -0.0075965919504316325, -0.07711608139129517, -0.027193165273930328, -0.060795363082681034, -0.04738557111693403, -0.000508473156524826, 0.0008953877494267011, 0.002287900215124827, -0.002394465940026272, 0.035623359117380286, 0.01827537477966005, 0.15476193733739213, 0.010280200206088243, -0.08045154577726923, -0.007756478205770399, -0.09102236752232934, -0.0798151650533586, 0.028610594410804168, 0.09859602836298285, 0.024996653852681374, 3.9705649660384564e-05, 0.023516712591883267, -0.06701531831619581, -0.0012110105863183515, -0.0026287781084527967, 0.0005114247736394637, -0.014692940549576088, -1000000.0, -4.189509216742284e-05, -0.0014617704162900977, 0.1346081494695529, -0.033894007148085936, -1000000.0, 0.0004210847415378154, -0.015985900875705603, -0.10779309344864033, -0.015713180960821343, -0.014878172282282637, -1000000.0, 0.0012030702526407274, -0.015837844533684458, -0.11882681861654212, -0.10159686757291074, -0.052340566644877996, 0.01802407677441589, -0.05081200050954077, -0.09910985710204834, 0.09058891731903485, -0.0005700782269047852, -0.03296624586618048, -0.15265387994846, 0.014665284940314657, -0.006960551442865336, -0.059823315383170345, -0.01704047512881199, -0.012154229749662999, -0.1619555518240811, 0.014157351938599542, -0.11995902631916508, -0.031259666443635536, 0.015891553971933276, 0.09296532604558592, 0.19622569464627335, -0.18296038762394295, 0.0015770635637435031, 0.11213641332477496, 0.08685998474855332, -0.14487024936316767, 0.0024613734002547345, -0.2225657664348818, -0.010898308864075858, 0.059544629502877706, -0.000721030197018061, -1000000.0, -0.01184566031137188, -0.0318304963835161, -1.912703259258005e-05, -0.03079406538684877, -4.189509216742284e-05, -1000000.0, -0.00033998757131855554, -0.00337502403542786, 0.0022874036835657564, -1000000.0, -0.0011248545111588273, 0.006063678021765229, -0.09868736139471229, 0.0001741384361871848, 0.0009657778275471688, -0.017836859678311442, -0.00040594057301581165, -0.03728198296819704, 0.021845507241397197, -0.15801898179831908, -0.08168400789429514, 0.00021049144436031646, -0.001360302874085189, -0.07940390310181446, 0.16493026301498442, -0.03980726572813457, -0.08780732987631285, -0.00707971764320186, 0.11824068667717591, 0.01802407677441589, 0.026104183662780295, -0.0010260980173130909, -0.02648052970162546, -0.027492893089089216, 0.0795349482089577, 0.008496687325753871, 0.002583088358809229, 0.11388942815433387, -1000000.0, 0.05679583624428176, 0.002288000597890521, -0.0018297396532023433, -0.45463141193411544, 0.02892553693124424, 0.018750089699634112, 0.10639772287377287, -0.027517404334582194, 0.09770668688842066, -0.027205716554499083, -0.003457726791574702, 0.009283752038346684, -0.008220828729459829, -0.034319462321798284, 0.04267521022659959, 0.06417697834719809, -0.02508852314087821, -0.03265245682829951, -0.03249494078115905, 0.004911317707799575, 0.05913608697941663, -0.03290679336809266, -0.0834319744283009, -0.38331998598410144, 0.018753708834443283, 0.020105287715851513, 0.000413620258069614, -0.08364780865887085, 0.10879248061754768, 0.19622569464627335, -0.019268067384970923, -0.03135697588259387, 0.14063914822638104, 0.0024613734002547345, -0.12735042794889598, -0.025826119386395976, 0.15476193733739213, -0.0627545519707843, -1000000.0, -0.1399613627804466]
Generation 1 starts.
final:  [0.15404414633732016, 0.10099104033619655, 0.01868476907580556, 0.03216895995786854, 0.09058891731903485, 0.11388942815433387, 0.13833104944796154, 0.15476193733739213, 0.13023396349482752, 0.15476193733739213, 0.14609779744985987, 0.13663349587392268, 0.14403649358929102, 0.18809331622407272, 0.19622569464627335, 0.14782981410455578, -9.197104931415984e-06, 0.07494133151983247, 0.05600631690278726, 0.15476193733739213, 0.12796156810700993, 0.007783749431464442, 0.0021031059643578966, 0.015891553971933276, 0.19622569464627335, 0.19622569464627335, 0.1390407113460826, 0.12923581946890647, 0.14063914822638104, 0.056087939223938156, 0.037577978974141904, 0.09110460881725313, 0.0596506197986629, 0.018339567787212258, 0.11059870925028291, 0.14782981410455578, 0.01789489017750858, 0.15404414633732016, 0.145007050928703, 0.14054190299929376, 0.13663349587392268, 0.09668261616734967, 0.14654751448385173, 0.14782981410455578, 0.19622569464627335, 0.0031411664509034217, 0.019552266352970044, 0.15476193733739213, 0.13023396349482752, 0.018339567787212258, 0.1962620818690189, 0.15476193733739213, 0.016650489128524588, 0.01789489017750858, 0.09770668688842066, 0.15476193733739213, 0.15404414633732016, 0.14054190299929376, 0.09727720837541688, 0.01839696403665734, 0.14054190299929376, 0.14782981410455578, -0.07242011096809084, 0.008496687325753871, 0.0772830231221173, -0.18980639001278599, 0.19622569464627335, 2.0888359298396655e-06, 0.021203434467625033, 0.07145268539653074, -0.0037686345872570003, -0.02984357920280522, 0.02432149547456609, 0.15476193733739213, 0.1388965024471751, 0.19622569464627335, 0.14411666788558258, 0.1486563422855122, 0.19793943001261366, 0.060807233471742606, 0.059729301525007744, -0.01971641495216965, 0.14546104409442798, 0.19339192317232276, 0.14403649358929102, 0.0004906194920075226, 0.04199569141416889, -0.06335096543520122, 0.14403649358929102, 0.14403649358929102, 0.04930897984209081, 0.060807233471742606, 0.06481192144411382, 0.01789489017750858, 0.0941731416069264, -0.0844306882170296, 0.03327806642281512, 0.1390407113460826, 0.08438488987860661, 0.15476193733739213, 0.15404414633732016, 0.14411666788558258, 0.14314747849117682, -0.019196251824392063, 0.06417697834719809, 0.14403649358929102, -0.001148279692181724, 0.05913608697941663, 0.15625765370272976, 0.1469644956568932, 0.14782981410455578, 0.14119838428475212, 0.021738034149049037, 0.028610594410804168, 0.04179993726938882, 0.15476193733739213, 0.009825088092659692, 0.030410025457906983, 0.06262044899235504, 0.13866920994782972, 0.19622569464627335, 0.19798050610561857, 0.11388942815433387, 0.09058891731903485, -1000000.0, 0.16493026301498442, 0.10879248061754768, 0.19622569464627335, 0.003557586960283444, 0.0795349482089577, 0.026104183662780295, 0.15625765370272976, 0.1390407113460826, 0.09859602836298285, -0.08279336548931965, 0.1242729912138148, 0.14281426184479784, 0.06262044899235504, 0.03711310318440683, 0.14433606524829326, 0.16883373272255187, 0.22405915911387372, 0.19560785105641607, 0.10879248061754768, 0.0035617883121717084, 0.10186770423153764, 0.0772830231221173, 0.1359609900515377, 0.02892553693124424, 0.14926617207679027, 0.14403649358929102, 0.19622569464627335, 0.19622569464627335, 0.15476193733739213, 0.07614378577396809, 0.018549159602515266, -0.03632494718435566, 0.10079818952265329, 0.09284043244214887, 0.09998028725100121, 0.03063286643565255, 0.11082115994218857, 0.14411666788558258, 0.11388942815433387, 0.14517924490049186, 0.14782981410455578, 0.06121541463642104, 0.04267521022659959, 0.024996653852681374, 0.1346081494695529, 0.15404414633732016, 0.1105668033469637, 0.1529019871925611, -0.04958413669553505, 0.015864815405843117, 0.14565397311835634, 0.13023396349482752, 0.14403649358929102, 0.0302656765399794, 0.11200882771909056, 0.09727720837541688, 0.15625765370272976, 0.19622569464627335, 0.023333830971352026, 0.07259020564158432, 0.09296532604558592, 0.04930897984209081, 0.1472218830627308, 0.034071408553819224, 0.00520056270710882, 0.14265915045173871, 0.06269588334302459, 0.023025207305114467, 0.15476193733739213, 0.0596506197986629, 0.006992932918795955, 0.1485661095338558, 0.15476193733739213, -1000000.0, 0.14411666788558258, 0.10423444418616057, 0.09998028725100121, 0.10079818952265329, 0.14314747849117682, 0.1390407113460826, 0.14411666788558258, 0.06262044899235504, 0.13023396349482752, 0.05944315508609632, 0.0971804036029622, 0.11703057901651345, 0.15476193733739213, 0.11824068667717591, -0.00458667483280696, 0.024999739729944202, 0.1390407113460826, 0.14265915045173871, 0.09103513221456443, -0.43712749747432833, 0.1346081494695529, 0.10584460391360848, 0.1390407113460826, 0.11640890401506232, -0.05866418004886405, 0.0061520441204348224, 0.14411666788558258, 0.012594878515634199, -0.008073802605858165, 0.11082115994218857, 0.03130842998106797, 0.12898416937682372, 0.0772830231221173, 0.14210866275001716, 0.006063678021765229, 0.1962620818690189, 0.14023561939272533, 0.19622569464627335, 0.09698124514932492, 0.018381147566700985, 0.14546104409442798, 0.14063914822638104, 0.1371172083322044, 0.15476193733739213, 0.06278702351309175, 0.027278301222578766, 0.15476193733739213, 0.0942496471240511, 0.056087939223938156, 0.06028963161135162, 0.09668261616734967, 0.19622569464627335, 0.0918133265757197, -0.006085933543388903, 0.05679583624428176, 0.19622569464627335, -0.0844306882170296, 0.17751408534598032, 0.10727641207899388, -0.09391355579428722, 0.12445033999427653, 0.14188656626548593, 0.02847309556184549, 0.14782981410455578, 0.12359367622029695, 0.060807233471742606, 0.1486563422855122, 0.14199059203653216, 0.008345634726858253, 0.06121541463642104, 0.13663349587392268, 0.07852528053776422, 0.15404414633732016, 0.14206787687207625, -0.001906771957876916, 0.10639772287377287, 0.15625765370272976, 0.14517924490049186, 0.15476193733739213, 0.0697402635929672, 0.018339567787212258, 0.09676230645451193, 0.05297529261128864, 0.002668152074004125, 0.007648170873043173, 0.1875127451358468, 0.017065711542397978, 0.017330155603616525, 0.14635905038255256, 0.19622569464627335, -0.0958739464017185, -0.05443324442978402, 0.14054190299929376, 0.19622569464627335, 0.15625765370272976, 0.010905169621957424, 0.09359512770032613, 0.14782981410455578, -1000000.0, 0.030692423187313373, 0.1359609900515377, 0.018339567787212258, 0.14411666788558258, 0.14403649358929102, 0.19798050610561857, 0.13663349587392268, 0.11082115994218857, 0.14403649358929102, 0.09195671869789765, -0.032770061048972156, 0.14403649358929102, 0.19622569464627335, 0.06018006566815465, 0.19364285126536895, 0.14782981410455578, 0.10079818952265329, 0.14403649358929102, 0.10079818952265329, -0.0844306882170296, 0.1486563422855122, 0.1346081494695529, 0.01789489017750858, -0.049146015697180634, 0.1390407113460826, 0.14411666788558258, 0.03336707712508565, 0.14063914822638104, 0.11388942815433387, 0.030547846581842016, 0.018381147566700985, 0.12720032027541328, 0.15476193733739213, 0.14314747849117682, 0.19841587553424084, 0.14546104409442798, 0.056087939223938156, 0.018339567787212258, 0.030439276553928814, 0.006063678021765229, 0.0006936404366552933, 0.1485661095338558, 0.11082115994218857, -0.006909246296986823, 0.004311543794440716, 0.11213641332477496, 0.08303623796758754, 0.1952427909660361, 0.11213641332477496, 0.15476193733739213, 0.15625765370272976, 0.19622569464627335, -1000000.0, -0.08279336548931965, 0.029694872278021988, 0.1107823295057986, 0.06372939933869128, 0.14157886198261452, 0.015891553971933276, 0.1359609900515377, 0.19798050610561857, -0.0042995594868407505, 0.15625765370272976, 0.14403649358929102, 0.14782981410455578, 0.10997938648483731, 0.15476193733739213, 0.12330090543767648, 0.025699517180199877, 0.11213641332477496, 0.14778771527764034, 0.15476193733739213, 0.14213772824887969, 0.07552407791611744, 0.14565941778714805, 0.16786255098328406, 0.14403649358929102, 0.15476193733739213, -0.007443890984134966, 0.15404414633732016, 0.11100097225387533, 0.15476193733739213, 0.15625765370272976, 0.035623359117380286, -0.014116192372585741, 0.12843255803341544, 0.015517805551980794, 0.13663349587392268, 0.021523162817807938, 0.026428778138918214, 0.08391905568141612, 0.005475723289556486, 0.19622569464627335, 0.15476193733739213, 0.15476193733739213, 0.19622569464627335, 0.06417697834719809, 0.19509490203045532, 0.1390407113460826, 0.01632736631768666, 0.15748249579697648, 0.19786702439731343, 0.14063914822638104, 0.14168108717742298, -0.01971641495216965, 0.19798050610561857, -0.0237569262962576, 0.19622569464627335, 0.14403649358929102, 0.09296532604558592, 0.019552266352970044, 0.13663349587392268, 0.15476193733739213, 0.11740580975981582, 0.18174034849876974, 0.19622569464627335, 0.14063914822638104, 0.14403649358929102, 0.15625765370272976, 0.19622569464627335, 0.035623359117380286, 0.15476193733739213, 0.0965799709616795, 0.15476193733739213, 0.12893284483541292, 0.14782981410455578, 0.09770668688842066, 0.11703057901651345, 0.14403649358929102, 0.14279902761077065, 0.06417697834719809, 0.09058891731903485, 0.14782981410455578, 0.14403649358929102, 0.15625765370272976, 0.12816883331066758, 0.19622569464627335, 0.14258755949375887, 0.018339567787212258, 0.11388942815433387, 0.016314382648102577, 0.19622569464627335, 0.15476193733739213, 0.19622569464627335, 0.19622569464627335, 0.1390407113460826, 0.03218181665673179, 0.19622569464627335, -0.001906771957876916, 0.16883373272255187, 0.14314747849117682, 0.1394630113472168, -0.007443890984134966, 0.07025760626537797, 0.19622569464627335, 0.08420379390392121, 0.06859850327234308, 0.0021281093195924276, 0.19622569464627335, 0.19622569464627335, 0.018339567787212258, 0.026104183662780295, 0.14215306064245045, 0.19622569464627335, 0.059078582693460294, -0.03523274592982339, 0.05585838472501665, 0.19622569464627335, 0.15476193733739213, 0.14403649358929102, 0.15476193733739213, 0.19622569464627335, 0.1359609900515377, -1000000.0, 0.1371172083322044, -1000000.0, 0.14411666788558258, 0.06262044899235504, 0.1371172083322044, 0.1359609900515377, -6.836425751319897e-05, 0.14282891558357633, 0.03206152113893343, 0.14534575889415047, -0.0844306882170296, 0.09191460661600748, 0.19625144848035295, 0.1390407113460826, 0.19622569464627335, -0.04364193848812435, 0.14403649358929102, 0.15625765370272976, 0.15148266740000096, 0.07614378577396809, 0.04930897984209081, 0.025511727261406686, 0.1430933010396223, -0.009286444198028414, 0.19798050610561857, 0.10079818952265329, 0.13924212412808318, 0.06372939933869128]
Generation 2 starts.
final:  [0.16254543984703199, 0.19622569464627335, 0.22405915911387372, 0.1395108224305862, 0.19622569464627335, -0.027445377471633597, 0.19622569464627335, 0.14103772937709166, 0.1962620818690189, 0.1390407113460826, 0.19622569464627335, 0.19786702439731343, 0.007782725336294366, 0.10536645106782666, 0.19622569464627335, 0.13974397211695913, 0.19622569464627335, 0.19793943001261366, 0.15625765370272976, 0.19798050610561857, 0.19622569464627335, 0.0996519122926023, 0.1395108224305862, 0.19622569464627335, 0.19622569464627335, 0.13663349587392268, 0.19622569464627335, 0.19793943001261366, 0.19622569464627335, 0.19622569464627335, 0.1485661095338558, 0.19622569464627335, 0.19622569464627335, 0.018339567787212258, 0.19622569464627335, 0.19622569464627335, 0.19793943001261366, 0.1390407113460826, 0.083307345717038, 0.018384263476810405, 0.19622569464627335, -0.19559253027946139, 0.19622569464627335, 0.19622569464627335, 0.15476193733739213, 0.19622569464627335, 0.18809331622407272, 0.007782725336294366, 0.19622569464627335, 0.19841587553424084, 0.14731682333188248, 0.19793943001261366, 0.19622569464627335, 0.19622569464627335, 0.16254543984703199, 0.19622569464627335, 0.19622569464627335, 0.19622569464627335, 0.19622569464627335, 0.19787879898401184, 0.19622569464627335, 0.19622569464627335, 0.19622569464627335, 0.0278762483430073, 0.018339567787212258, 0.19622569464627335, 0.19622569464627335, 0.19622569464627335, 0.16796383581464944, 0.1868616609256394, 0.19793943001261366, 0.19622569464627335, 0.15476193733739213, 0.16431032612163626, 0.16254543984703199, 0.018384263476810405, 0.19622569464627335, 0.19622569464627335, 0.17009083334053185, 0.18809331622407272, 0.19622569464627335, 0.19622569464627335, 0.19841587553424084, 0.19622569464627335, -1000000.0, 0.19798050610561857, 0.19786702439731343, 0.01521673415276339, 0.19627898505863312, 0.1962620818690189, 0.19622569464627335, 0.1390407113460826, 0.19793943001261366, 0.018384263476810405, 0.19833156452200607, 0.13770840876258175, 0.14517924490049186, -0.00033998757131855554, 0.19622569464627335, 0.19622569464627335, 0.19622569464627335, 0.1657616745103843, 0.1562958626340437, 0.1358118497458672, 0.1463797702161396, 0.15355205838627053, 0.19622569464627335, 0.16431032612163626, 0.16431032612163626, 0.19622569464627335, 0.018339567787212258, 0.15034900353566444, 0.19622569464627335, 0.22405915911387372, 0.19622569464627335, 0.1395108224305862, 0.19622569464627335, 0.16786255098328406, 0.19622569464627335, 0.19622569464627335, 0.15530582552598735, 0.018384263476810405, 0.1875127451358468, 0.1435525786623332, 0.19622569464627335, 0.19625144848035295, 0.19841587553424084, 0.19622569464627335, 0.19622569464627335, 0.19622569464627335, 0.1395108224305862, 0.14314747849117682, 0.16908686262750122, 0.19793943001261366, -1000000.0, 0.10536645106782666, 0.13663349587392268, 0.1369131733218745, 0.14192068138260064, 0.19622569464627335, -1000000.0, 0.19793943001261366, 0.19622569464627335, 0.19622569464627335, 0.19622569464627335, 0.0996519122926023, 0.19627898505863312, 0.15404414633732016, 0.19622569464627335, 0.19622569464627335, 0.19622569464627335, -0.027445377471633597, 0.1390407113460826, 0.16687747989643573, 0.15404414633732016, 0.19587164570389864, 0.19622569464627335, 0.22405915911387372, 0.19793943001261366, 0.1390407113460826, 0.19622569464627335, 0.19841587553424084, 0.19622569464627335, 0.1660372760039123, 0.19841587553424084, 0.19622569464627335, 0.19622569464627335, 0.20229875464553046, 0.1395108224305862, 0.19622569464627335, 0.1395108224305862, 0.19622569464627335, 0.19622569464627335, 0.007782725336294366, 0.19622569464627335, 0.16557000720541265, 0.19622569464627335, 0.19627898505863312, 0.19622569464627335, 0.19622569464627335, 0.19622569464627335, 0.13663349587392268, 0.19793943001261366, 0.19622569464627335, 0.19622569464627335, 0.15476193733739213, 0.19622569464627335, 0.19841587553424084, 0.19841587553424084, 0.19622569464627335, 0.13663349587392268, 0.19622569464627335, 0.15476193733739213, 0.007782725336294366, 0.018384263476810405, 0.19793943001261366, 0.19622569464627335, 0.19622569464627335, 0.19622569464627335, 0.19622569464627335, 0.19622569464627335, 0.19622569464627335, 0.19793943001261366, 0.1390407113460826, 0.14546104409442798, 0.19622569464627335, 0.15476193733739213, 0.19793943001261366, 0.018384263476810405, 0.13663349587392268, 0.1485661095338558, 0.19793943001261366, 0.15520266669427119, 0.19829933944670827, 0.1962620818690189, 0.19793943001261366, 0.19622569464627335, 0.17751408534598032, 0.1390407113460826, 0.1562680718124397, 0.1529850273224775, 0.018384263476810405, 0.1962620818690189, 0.15111347311977705, 0.19622569464627335, 0.19622569464627335, -0.028546912032758047, -1000000.0, 0.19622569464627335, 0.19622569464627335, 0.15598098020892393, 0.19622569464627335, 0.19364285126536895, 0.10353938219239542, 0.19622569464627335, 0.18176561389045895, 0.22405915911387372, 0.0996519122926023, 0.19622569464627335, 0.14813380112066948, 0.1395108224305862, -1000000.0, 0.19793943001261366, 0.19622569464627335, 0.19622569464627335, -0.027445377471633597, 0.17297742073047986, 0.12760941952693, 0.018384263476810405, 0.16566556921755107, 0.13663349587392268, 0.13663349587392268, 0.14813380112066948, 0.19622569464627335, 0.19786702439731343, 0.19622569464627335, 0.19793943001261366, -0.09079354143022376, 0.19622569464627335, -0.028651647344113917, 0.19622569464627335, 0.19622569464627335, 0.19841587553424084, -0.028546912032758047, 0.17599650818612364, 0.19841587553424084, 0.19622569464627335, -0.027445377471633597, 0.19622569464627335, 0.19622569464627335, 0.19622569464627335, 0.14759716858971672, 0.15476193733739213, 0.01839696403665734, 0.19622569464627335, 0.13183952279685593, 0.15625765370272976, 0.15404414633732016, 0.16431032612163626, 0.1635846015958511, 0.14354616420926739, 0.19622569464627335, 0.14403649358929102, 0.15476193733739213, 0.18790467288986124, 0.19622569464627335, 0.19622569464627335, -1000000.0, 0.19841587553424084, 0.19622569464627335, 0.19622569464627335, 0.19786702439731343, 0.19622569464627335, -0.013882419182255648, 0.16431032612163626, 0.19622569464627335, 0.22405915911387372, 0.19622569464627335, 0.19622569464627335, 0.1461503067723741, 0.22405915911387372, 0.018339567787212258, 0.18905252536089434, 0.19841587553424084, 0.1485661095338558, 0.018339567787212258, 0.19798050610561857, 0.19622569464627335, 0.18520700365507134, 0.19622569464627335, 0.19622569464627335, 0.19622569464627335, 0.19622569464627335, 0.19798050610561857, 0.19622569464627335, 0.027878018713648964, 0.19622569464627335, 0.15967812612487778, 0.19798050610561857, 0.19622569464627335, 0.19622569464627335, 0.19622569464627335, -1000000.0, 0.19622569464627335, 0.1390407113460826, 0.19622569464627335, 0.016314382648102577, 0.19622569464627335, 0.15531560345692338, -0.019995126151392227, 0.16254543984703199, 0.17668316622907163, 0.15967812612487778, 0.19622569464627335, 0.19622569464627335, 0.19622569464627335, 0.19622569464627335, 0.19841587553424084, -1000000.0, 0.19622569464627335, 0.1485661095338558, 0.16004610001269118, 0.18809331622407272, 0.19622569464627335, 0.19619100778533194, -0.057000630844343717, 0.19622569464627335, 0.004088270829594357, 0.19622569464627335, 0.15625765370272976, 0.19622569464627335, 0.19622569464627335, -1000000.0, 0.19798050610561857, 0.17762937565988515, 0.13606840708978238, 0.19622569464627335, 0.19364285126536895, 0.19622569464627335, 0.19622569464627335, 0.1868616609256394, 0.19622569464627335, -1000000.0, 0.1629590333880508, 0.22405915911387372, 0.15301559579620264, 0.15476193733739213, 0.1395108224305862, 0.15773389326557213, 0.19622569464627335, 0.19622569464627335, 0.15625765370272976, 0.018339567787212258, 0.19622569464627335, -0.04262587205441366, 0.15625765370272976, 0.19622569464627335, 0.19622569464627335, 0.15625765370272976, 0.22405915911387372, 0.1657616745103843, 0.19622569464627335, 0.15625765370272976, 0.19622569464627335, 0.19622569464627335, 0.19622569464627335, 0.00459778517944148, 0.19841587553424084, 0.1395108224305862, 0.19622569464627335, 0.19622569464627335, 0.018339567787212258, 0.19798050610561857, 0.19841587553424084, 0.1523187239752949, 0.1395108224305862, 0.15476193733739213, 0.19793943001261366, 0.13663349587392268, 0.19622569464627335, 0.19622569464627335, 0.19622569464627335, 0.16431032612163626, 0.0996519122926023, 0.19622569464627335, 0.19622569464627335, 0.16254543984703199, 0.0996519122926023, 0.15625765370272976, 0.13663349587392268, 0.19622569464627335, 0.1395108224305862, 0.19622569464627335, 0.018384263476810405, 0.19625144848035295, 0.2239199353979084, 0.19622569464627335, 0.19622569464627335, 0.15476193733739213, 0.1781887087194433, -1000000.0, 0.19622569464627335, 0.22405915911387372, 0.018384263476810405, 0.19622569464627335, 0.14199446548789035, 0.19622569464627335, 0.22405915911387372, 0.15520266669427119, 0.1647667793379212, 0.19622569464627335, 0.018384263476810405, 0.19622569464627335, 0.0996519122926023, 0.16796383581464944, 0.19622569464627335, 0.19622569464627335, 0.16431032612163626, 0.19841587553424084, 0.19841587553424084, 0.1485661095338558, 0.19622569464627335, 0.1395108224305862, 0.19841587553424084, 0.19622569464627335, 0.15625765370272976, 0.19622569464627335, 0.15530582552598735, 0.16566556921755107, 0.018339567787212258, 0.15476193733739213, 0.22405915911387372, 0.16908686262750122, 0.15625765370272976, 0.018339567787212258, 0.19622569464627335, 0.15520266669427119, 0.19622569464627335, 0.01521673415276339, 0.19793943001261366, 0.19622569464627335, 0.19622569464627335, 0.018339567787212258, 0.16431032612163626, 0.19622569464627335, 0.19622569464627335, 0.19622569464627335, 0.007782725336294366, 0.19622569464627335, 0.19622569464627335, 0.19622569464627335, 0.1393600147741214, 0.16908686262750122, 0.19622569464627335, 0.14176231104021328, 0.14103772937709166, 0.15625765370272976, 0.13663349587392268, 0.19622569464627335, 0.19786702439731343, 0.14783581427867362, 0.19841587553424084, 0.15476193733739213, 0.08076993706788257, 0.19622569464627335, 0.1395108224305862, 0.18790467288986124, 0.19622569464627335, 0.1523187239752949, 0.06713009326510701, 0.19622569464627335, 0.19622569464627335, 0.007782725336294366, 0.15625765370272976, -0.0005429681748553881, 0.0996519122926023, 0.007782725336294366, 0.19841587553424084, 0.14215306064245045, 0.007782725336294366]
Generation 3 starts.
final:  [0.17642300031999494, 0.19841587553424084, 0.19841587553424084, 0.13918465891644888, 0.0996519122926023, 0.20561997253269093, 0.22405915911387372, 0.19822484236059354, 0.19841587553424084, 0.19901791546845227, 0.19622569464627335, 0.19622569464627335, 0.16908686262750122, 0.22405915911387372, 0.19841587553424084, 0.19882795108725235, 0.19622569464627335, 0.22405915911387372, 0.1746877043272102, 0.19841587553424084, 0.16557000720541265, 0.15967812612487778, 0.19833156452200607, 0.13770840876258175, 0.22405915911387372, 0.22405915911387372, 0.15301559579620264, 0.018384263476810405, 0.22405915911387372, -0.027445377471633597, 0.19622569464627335, 0.19814346124901275, 0.19841587553424084, 0.1390407113460826, 0.07293362264588109, 0.22405915911387372, 0.22405915911387372, 0.13901629438211338, 0.22405915911387372, 0.1746877043272102, 0.1395108224305862, 0.15850571753718226, 0.19622569464627335, 0.007782725336294366, 0.15520266669427119, 0.19622569464627335, 0.22405915911387372, 0.19841587553424084, 0.14403649358929102, 0.19442315551600547, 0.22415368778636713, 0.19841587553424084, 0.22405915911387372, -0.04262587205441366, 0.19793943001261366, 0.19622569464627335, -0.005251730111483351, 0.15983280652715373, 0.19793943001261366, 0.22405915911387372, 0.22405915911387372, 0.19841587553424084, 0.018339567787212258, 0.19844779866042428, 0.18375751345662802, 0.1395108224305862, 0.018384263476810405, 0.011364884987136628, 0.19841587553424084, 0.19622569464627335, -1000000.0, 0.19622569464627335, 0.19622569464627335, 0.22405915911387372, 0.12826991589294834, 0.19841587553424084, 0.19622569464627335, 0.19841587553424084, 0.19798050610561857, 0.19841587553424084, 0.19844779866042428, 0.22405915911387372, 0.19622569464627335, 0.13963548740792853, 0.18375751345662802, 0.19841587553424084, 0.007782725336294366, -0.013882419182255648, 0.1395108224305862, 0.13974397211695913, 0.20229875464553046, 0.19841587553424084, 0.19622569464627335, 0.19844779866042428, 0.19622569464627335, 0.18375751345662802, 0.19841587553424084, 0.22405915911387372, 0.19622569464627335, 0.14631479786095802, 0.22405915911387372, 0.22405915911387372, 0.19622569464627335, 0.19850226332775983, 0.1369131733218745, 0.03686549838304331, 0.13695275570207677, -1000000.0, 0.16050933629077746, -0.028651647344113917, 0.16354119364916317, 0.19841587553424084, 0.19622569464627335, 0.1395108224305862, 0.22405915911387372, 0.19622569464627335, 0.15520266669427119, 0.19841587553424084, 0.19622569464627335, 0.2239199353979084, 0.11583280772953276, 0.19901791546845227, 0.19841587553424084, 0.018384263476810405, 0.22405915911387372, 0.18375751345662802, 0.19841587553424084, 0.19622569464627335, 0.18375751345662802, 0.15520266669427119, 0.16254543984703199, 0.22405915911387372, 0.2239199353979084, 0.22415368778636713, 0.19622569464627335, 0.22405915911387372, 0.22405915911387372, 0.19622569464627335, 0.19841587553424084, 0.19841587553424084, 0.22405915911387372, 0.19622569464627335, 0.22405915911387372, 0.22405915911387372, 0.18164323080393224, 0.19622569464627335, 0.22405915911387372, 0.19622569464627335, 0.19841587553424084, 0.19841587553424084, 0.22405915911387372, 0.018384263476810405, 0.19793943001261366, 0.19844779866042428, 0.19841587553424084, 0.14215306064245045, 0.018384263476810405, 0.19882795108725235, 0.16004610001269118, 0.19844779866042428, 0.1746877043272102, 0.14313607178978888, 0.1395108224305862, 0.12122586940942595, 0.22405915911387372, 0.19841587553424084, 0.19844779866042428, 0.22405915911387372, 0.19841587553424084, 0.19793943001261366, 0.19841587553424084, 0.19793943001261366, 0.19622569464627335, 0.22405915911387372, 0.0996519122926023, 0.22405915911387372, -0.03737872585370531, 0.15605894061869227, 0.19841587553424084, 0.16041483492425682, 0.1781887087194433, 0.19622569464627335, 0.19844779866042428, 0.22405915911387372, 0.1962620818690189, 0.19841587553424084, 0.19622569464627335, 0.19841587553424084, 0.016314382648102577, 0.22405915911387372, 0.19793943001261366, 0.18375751345662802, 0.19841587553424084, 0.19622569464627335, 0.17436101258938605, 0.016314382648102577, 0.19793943001261366, 0.19841587553424084, 0.19841587553424084, 0.19975035083430076, 0.19509490203045532, 0.19798050610561857, 0.19841587553424084, -0.04262587205441366, 0.0996519122926023, 0.19966574599299491, 0.22405915911387372, 0.22405915911387372, 0.22405915911387372, 0.20084966973461915, 0.19622569464627335, 0.18127270392066236, 0.14631479786095802, 0.007782725336294366, 0.19622569464627335, 0.19622569464627335, 0.16254543984703199, 0.013520437111929183, 0.1369131733218745, 0.22405915911387372, 0.19841587553424084, 0.018384263476810405, 0.22405915911387372, 0.19841587553424084, 0.1913652720998771, 0.018384263476810405, 0.011364884987136628, 0.16557000720541265, 0.19793943001261366, 0.22405915911387372, 0.19841587553424084, 0.1390407113460826, 0.19841587553424084, 0.22405915911387372, 0.19622569464627335, 0.1390407113460826, 0.1485661095338558, 0.19622569464627335, 0.19622569464627335, 0.22405915911387372, 0.15476193733739213, 0.22405915911387372, 0.15520266669427119, 0.1586049917437746, 0.19833156452200607, 0.19793943001261366, 0.1379823813344432, 0.22405915911387372, 0.19841587553424084, 0.19644458437814205, 0.16566556921755107, 0.19850226332775983, 0.20039821892939466, 0.1560521281477225, 0.0037135636137738365, 0.22405915911387372, 0.18375751345662802, 0.18375751345662802, 0.18375751345662802, 0.011364884987136628, 0.19900902950798552, 0.22405915911387372, 0.15773389326557213, 0.22405915911387372, 0.19841587553424084, 0.19622569464627335, 0.20039821892939466, -0.007165629513602367, 0.19841587553424084, 0.19622569464627335, 0.16908686262750122, 0.22405915911387372, 0.1347266345121038, 0.19841587553424084, 0.19841587553424084, 0.19622569464627335, 0.19841587553424084, -1000000.0, 0.19841587553424084, 0.18375751345662802, 0.19975035083430076, 0.1386779464486081, 0.19622569464627335, 0.19793943001261366, 0.13974397211695913, 0.13974397211695913, 0.19657545901529408, 0.15520266669427119, 0.19901791546845227, 0.1390407113460826, 0.18375751345662802, 0.22405915911387372, 0.13770840876258175, 0.22405915911387372, 0.1588946199505009, 0.18375751345662802, 0.19622569464627335, 0.19587164570389864, 0.19622569464627335, 0.22405915911387372, 0.19622569464627335, 0.22405915911387372, 0.19901791546845227, 0.19901791546845227, 0.1635846015958511, 0.16908686262750122, 0.15520266669427119, 0.018384263476810405, 0.19622569464627335, 0.19622569464627335, 0.19841587553424084, 0.1902525683588584, 0.22405915911387372, 0.19622569464627335, 0.22405915911387372, -0.00967961793698491, 0.1395108224305862, 0.19841587553424084, 0.19841587553424084, 0.19622569464627335, 0.016314382648102577, 0.19622569464627335, 0.17218101057997434, 0.19622569464627335, 0.18375751345662802, 0.19622569464627335, 0.19622569464627335, 0.19622569464627335, 0.22405915911387372, 0.16908686262750122, 0.20150001622442304, 0.15520266669427119, 0.13800931160838553, 0.19622569464627335, 0.19844779866042428, 0.19841587553424084, 0.09470935059175724, 0.19622569464627335, 0.19841587553424084, 0.21420890462930878, 0.22405915911387372, 0.19622569464627335, 0.19900902950798552, 0.19622569464627335, 0.19622569464627335, 0.19622569464627335, 0.2240367028369793, 0.15773389326557213, 0.19793943001261366, 0.13734351890234647, 0.18375751345662802, 0.22405915911387372, 0.22405915911387372, 0.18200770540519984, 0.22405915911387372, 0.19622569464627335, 0.19793943001261366, 0.19622569464627335, 0.19622569464627335, 0.19841587553424084, 0.19793943001261366, 0.22405915911387372, 0.19841587553424084, 0.19622569464627335, 0.19841587553424084, 0.16431032612163626, 0.19622569464627335, 0.19841587553424084, 0.22405915911387372, 0.19622569464627335, 0.19625144848035295, 0.19841587553424084, 0.22405915911387372, 0.19622569464627335, 0.22405915911387372, -0.010167897280754365, 0.023501787343878734, 0.19841587553424084, 0.19841587553424084, 0.13963548740792853, 0.22405915911387372, 0.19901791546845227, 0.0175504503405413, 0.19841587553424084, 0.22405915911387372, -0.019995126151392227, 0.22405915911387372, 0.15967812612487778, 0.19841587553424084, 0.19841587553424084, 0.018384263476810405, 0.19844779866042428, 0.22405915911387372, 0.19622569464627335, 0.1390407113460826, 0.19793943001261366, 0.19622569464627335, 0.22405915911387372, 0.19622569464627335, 0.18375751345662802, 0.22405915911387372, 0.1395108224305862, 0.22405915911387372, 0.19622569464627335, 0.19622569464627335, 0.1363396215970704, 0.19622569464627335, 0.19793943001261366, 0.19966574599299491, 0.18477853926910023, 0.19786702439731343, 0.19622569464627335, 0.16434020752857043, 0.16434020752857043, 0.19901791546845227, 0.0996519122926023, 0.19833156452200607, 0.19841587553424084, 0.1913652720998771, 0.19622569464627335, 0.22405915911387372, 0.19622569464627335, 0.19622569464627335, 0.19841587553424084, 0.19841587553424084, 0.19841587553424084, 0.19844779866042428, 0.19841587553424084, 0.19622569464627335, -0.06679827481568458, 0.19622569464627335, 0.19814346124901275, 0.18375751345662802, -0.027445377471633597, 0.19622569464627335, -1.5423138824620361e-06, 0.19841587553424084, 0.14731682333188248, 0.2239199353979084, 0.19841587553424084, 0.14631479786095802, 0.22405915911387372, 0.22405915911387372, 0.19793943001261366, 0.003112619114007964, 0.011364884987136628, 0.20229875464553046, 0.19793943001261366, 0.1395108224305862, 0.16434020752857043, 0.22405915911387372, 0.14324362662367054, 0.19844779866042428, 0.13663349587392268, 0.19793943001261366, 0.16687747989643573, 0.19850226332775983, 0.1390407113460826, 0.22405915911387372, 0.19844779866042428, 0.13770840876258175, 0.22415368778636713, 0.018384263476810405, 0.20229875464553046, 0.19841587553424084, 0.22405915911387372, 0.18375751345662802, 0.19622569464627335, -0.04262587205441366, 0.19841587553424084, 0.19622569464627335, 0.19844779866042428, 0.16687747989643573, 0.19901791546845227, 0.18375751345662802, 0.22405915911387372, 0.22405915911387372, 0.1369131733218745, 0.18375751345662802, 0.19841587553424084, 0.19622569464627335, 0.1369131733218745, 0.1655772112008314, 0.22405915911387372, 0.007782725336294366, 0.19622569464627335, 0.146863604799312, 0.19841587553424084, 0.22405915911387372, 0.13663349587392268, 0.1381482030737239, 0.19841587553424084, 0.19786702439731343, 0.19622569464627335, 0.1395108224305862, 0.007782725336294366, 0.19622569464627335, 0.19622569464627335, 0.19793943001261366, 0.19793943001261366]
Generation 4 starts.
final:  [0.19844779866042428, 0.2285621116998669, 0.19622569464627335, 0.19844779866042428, 0.22405915911387372, 0.22405915911387372, 0.19630101894970167, 0.22405915911387372, 0.22405915911387372, 0.10801027541365195, 0.22405915911387372, 0.19622569464627335, 0.22405915911387372, 0.22405915911387372, 0.22405915911387372, 0.018009182061484323, 0.13695275570207677, 0.22405915911387372, 0.007782725336294366, 0.22405915911387372, 0.1390407113460826, 0.01912093879891517, 0.22405915911387372, 0.22405915911387372, 0.19622569464627335, 0.19622569464627335, 0.19844779866042428, 0.22405915911387372, 0.22405915911387372, 0.19622569464627335, 0.22405915911387372, 0.22405915911387372, 0.13695275570207677, 0.19622569464627335, 0.22405915911387372, 0.19622569464627335, 0.19622569464627335, 0.22415368778636713, -1000000.0, 0.22405915911387372, 0.22405915911387372, 0.19622569464627335, 0.19844779866042428, 0.19844779866042428, 0.22405915911387372, 0.22405915911387372, 0.22405915911387372, 0.22405915911387372, 0.22405915911387372, 0.22405915911387372, 0.22405915911387372, 0.19844779866042428, 0.13894968533640198, 0.22405915911387372, 0.19622569464627335, 0.19622569464627335, 0.03611776708991041, 0.19844779866042428, 0.22405915911387372, 0.22405915911387372, 0.19622569464627335, 0.19622569464627335, 0.19844779866042428, 0.19622569464627335, 0.19622569464627335, 0.18219655916433922, 0.19622569464627335, 0.19622569464627335, 0.22415368778636713, 0.19622569464627335, 0.22405915911387372, 0.19844779866042428, 0.22405915911387372, 0.19844779866042428, 0.19622569464627335, 0.22405915911387372, 0.19622569464627335, 0.19622569464627335, 0.19622569464627335, 0.22405915911387372, -0.01265952311803652, -0.01265952311803652, 0.22405915911387372, 0.19844779866042428, -0.04262587205441366, 0.19622569464627335, 0.22405915911387372, 0.19844779866042428, 0.22405915911387372, 0.1712095728385852, 0.19622569464627335, 0.19844779866042428, 0.22405915911387372, 0.22405915911387372, 0.19630101894970167, 0.22405915911387372, 0.22405915911387372, 0.007782725336294366, 0.1712095728385852, 0.19882795108725235, 0.19622569464627335, 0.19622569464627335, 0.22405915911387372, 0.19622569464627335, 0.22405915911387372, 0.22405915911387372, 0.22415368778636713, 0.19844779866042428, 0.19622569464627335, 0.22405915911387372, 0.22405915911387372, 0.19622569464627335, 0.19622569464627335, 0.19844779866042428, 0.22405915911387372, 0.22405915911387372, 0.22405915911387372, 0.19844779866042428, 0.22405915911387372, 0.19844779866042428, 0.22405915911387372, 0.22405915911387372, 0.19844779866042428, 0.22405915911387372, 0.22405915911387372, 0.22405915911387372, 0.22405915911387372, 0.19844779866042428, 0.22405915911387372, 0.19622569464627335, 0.22405915911387372, 0.19622569464627335, 0.22405915911387372, 0.19844779866042428, 0.19622569464627335, 0.20229875464553046, 0.19844779866042428, 0.18219655916433922, 0.22405915911387372, 0.22405915911387372, 0.19622569464627335, 0.19844779866042428, 0.19622569464627335, -1000000.0, 0.21892348058284145, 0.22405915911387372, 0.22405915911387372, 0.22405915911387372, 0.20229875464553046, 0.19622569464627335, 0.22405915911387372, 0.19854684199280415, -1000000.0, 0.22405915911387372, 0.19622569464627335, 0.22405915911387372, 0.19844779866042428, 0.18127270392066236, 0.19844779866042428, 0.22405915911387372, 0.018384263476810405, 0.19622569464627335, 0.1386991384378908, 0.19622569464627335, 0.19844779866042428, 0.19622569464627335, 0.22405915911387372, 0.22405915911387372, -0.04262587205441366, 0.19622569464627335, 0.22405915911387372, 0.13974397211695913, 0.22405915911387372, 0.22405915911387372, 0.22405915911387372, 0.19844779866042428, 0.19622569464627335, 0.19622569464627335, 0.22405915911387372, 0.22405915911387372, 0.22405915911387372, 0.22405915911387372, 0.19622569464627335, 0.19844779866042428, 0.22405915911387372, 0.19844779866042428, 0.19622569464627335, 0.22405915911387372, 0.19622569464627335, 0.22405915911387372, 0.19622569464627335, 0.22405915911387372, 0.19975035083430076, 0.19844779866042428, 0.22405915911387372, 0.22405915911387372, 0.22405915911387372, 0.22405915911387372, 0.22405915911387372, 0.22405915911387372, 0.19622569464627335, 0.19844779866042428, -0.04586554814376833, 0.22405915911387372, -0.054284023940315014, 0.19844779866042428, 0.21892348058284145, 0.19841587553424084, 0.2048642511189612, 0.19844779866042428, 0.22405915911387372, 0.19622569464627335, 0.19622569464627335, 0.19622569464627335, 0.19844779866042428, 0.2201130641875969, 0.19622569464627335, 0.22405915911387372, 0.19844779866042428, 0.22405915911387372, 0.19622569464627335, 0.09781139997303066, 0.19844779866042428, 0.19622569464627335, 0.22405915911387372, 0.19622569464627335, 0.21419441372564874, 0.22405915911387372, -0.054284023940315014, 0.22405915911387372, 0.19622569464627335, 0.19622569464627335, 0.22405915911387372, 0.018384263476810405, -0.054284023940315014, 0.19622569464627335, 0.22405915911387372, 0.22405915911387372, 0.13663349587392268, 0.19622569464627335, 0.22405915911387372, 0.19844779866042428, 0.19844779866042428, 0.22405915911387372, 0.22405915911387372, 0.19844779866042428, 0.22405915911387372, 0.22415368778636713, 0.22405915911387372, 0.22405915911387372, 0.22405915911387372, 0.19844779866042428, -0.04262587205441366, 0.19622569464627335, 0.22405915911387372, 0.22405915911387372, 0.22405915911387372, 0.22405915911387372, -0.04543261240461975, 0.19622569464627335, 0.19844779866042428, 0.19622569464627335, 0.22405915911387372, 0.18375751345662802, 0.19622569464627335, 0.22405915911387372, 0.22415368778636713, 0.22405915911387372, 0.22405915911387372, 0.22405915911387372, 0.22405915911387372, 0.22405915911387372, 0.19854684199280415, 0.19844779866042428, 0.22415368778636713, 0.1461503067723741, -1000000.0, 0.22405915911387372, 0.22405915911387372, 0.22405915911387372, 0.22405915911387372, 0.22405915911387372, 0.19622569464627335, 0.22405915911387372, 0.19622569464627335, 0.22405915911387372, 0.19844779866042428, 0.19622569464627335, 0.19841587553424084, 0.19844779866042428, 0.22405915911387372, 0.19844779866042428, -0.07830879561491941, 0.22405915911387372, 0.22405915911387372, 0.22405915911387372, 0.19622569464627335, 0.19844779866042428, 0.19844779866042428, 0.19622569464627335, 0.22405915911387372, 0.20084966973461915, 0.22405915911387372, 0.22405915911387372, 0.22405915911387372, 0.19622569464627335, 0.13663349587392268, 0.22405915911387372, 0.20039821892939466, 0.22405915911387372, 0.22405915911387372, 0.22405915911387372, 0.22415368778636713, 0.19622569464627335, 0.13695275570207677, 0.21184060474686606, 0.22405915911387372, 0.19622569464627335, 0.22405915911387372, 0.19844779866042428, 0.22405915911387372, 0.13695275570207677, 0.19822484236059354, 0.22405915911387372, 0.22415368778636713, 0.22405915911387372, 0.22405915911387372, 0.19844779866042428, 0.19622569464627335, 0.22405915911387372, 0.22405915911387372, 0.22405915911387372, 0.22415368778636713, 0.19622569464627335, 0.19844779866042428, 0.22405915911387372, 0.22405915911387372, 0.22405915911387372, 0.19622569464627335, 0.13695275570207677, 0.19622569464627335, 0.1390407113460826, 0.22405915911387372, 0.22405915911387372, 0.22405915911387372, 0.22415368778636713, 0.22405915911387372, 0.0996519122926023, 0.19844779866042428, 0.22405915911387372, 0.19844779866042428, 0.19844779866042428, 0.22405915911387372, 0.19622569464627335, -0.04262587205441366, 0.19622569464627335, 0.19622569464627335, 0.22405915911387372, 0.19844779866042428, 0.22405915911387372, 0.22405915911387372, 0.22405915911387372, 0.19622569464627335, 0.22405915911387372, 0.19622569464627335, 0.22405915911387372, 0.19844779866042428, 0.04741600743594819, 0.22405915911387372, 0.19844779866042428, 0.22415368778636713, 0.19622569464627335, 0.18219655916433922, 0.2285621116998669, 0.19844779866042428, 0.19622569464627335, 0.22405915911387372, -0.04262587205441366, 0.22405915911387372, 0.19844779866042428, 0.19844779866042428, 0.19844779866042428, 0.19844779866042428, 0.2256112702815449, 0.22405915911387372, 0.19630101894970167, 0.22405915911387372, 0.19622569464627335, 0.19844779866042428, 0.22405915911387372, 0.19630101894970167, 0.22405915911387372, 0.19622569464627335, -0.04919293694451787, 0.22405915911387372, 0.19844779866042428, 0.22405915911387372, 0.22405915911387372, 0.19630101894970167, 0.22405915911387372, 0.19622569464627335, 0.21420890462930878, 0.19844779866042428, 0.22405915911387372, 0.22405915911387372, 0.22405915911387372, 0.22405915911387372, -1000000.0, 0.13695275570207677, 0.22405915911387372, 0.19622569464627335, 0.22415368778636713, 0.19844779866042428, 0.19844779866042428, 0.22415368778636713, 0.19844779866042428, 0.22405915911387372, 0.19622569464627335, 0.22415368778636713, 0.22405915911387372, 0.2048642511189612, 0.13663349587392268, 0.22405915911387372, 0.22405915911387372, 0.19622569464627335, 0.22405915911387372, 0.22405915911387372, 0.22405915911387372, 0.22405915911387372, 0.13974397211695913, 0.22405915911387372, 0.22415368778636713, 0.1390407113460826, 0.19844779866042428, 0.22405915911387372, 0.2223588026393913, 0.19622569464627335, 0.22405915911387372, 0.23304049888347672, 0.19844779866042428, 0.22405915911387372, 0.19844779866042428, 0.2240367028369793, 0.22405915911387372, 0.19901791546845227, 0.22405915911387372, 0.22405915911387372, 0.19844779866042428, 0.19844779866042428, 0.22405915911387372, 0.22405915911387372, 0.19622569464627335, 0.22405915911387372, 0.007782725336294366, 0.19844779866042428, 0.19622569464627335, 0.19622569464627335, 0.21419441372564874, 0.007510973224147488, 0.19622569464627335, 0.007782725336294366, 0.19844779866042428, 0.22405915911387372, 0.22405915911387372, 0.13974397211695913, 0.19844779866042428, 0.19622569464627335, 0.19622569464627335, 0.22405915911387372, 0.20039821892939466, 0.19844779866042428, 0.22405915911387372, 0.22405915911387372, 0.22405915911387372, 0.22405915911387372, 0.19630101894970167, 0.19844779866042428, 0.19630101894970167, 0.19622569464627335, 0.007782725336294366, 0.19844779866042428, 0.22405915911387372, 0.22405915911387372, 0.22415368778636713, 0.007510973224147488, 0.22415368778636713, 0.22405915911387372, 0.19622569464627335, 0.22405915911387372, 0.19622569464627335, 0.22405915911387372, 0.19844779866042428, 0.22405915911387372, 0.22405915911387372, 0.22415368778636713, 0.22405915911387372, 0.22405915911387372, 0.21516384232892513, 0.22405915911387372, 0.22405915911387372]
Generation 5 starts.
final:  [0.1382047672250263, 0.22405915911387372, 0.22405915911387372, 0.19622569464627335, 0.19854684199280415, 0.19844779866042428, 0.22405915911387372, 0.2250052558842313, 0.22405915911387372, 0.02845761757971796, 0.22415368778636713, 0.22405915911387372, 0.22451056342997006, 0.22415368778636713, 0.19630101894970167, 0.22405915911387372, 0.22415368778636713, 0.24533494917565596, 0.13974397211695913, 0.19622569464627335, 0.11998987432021962, 0.19844779866042428, 0.22415368778636713, -0.054284023940315014, 0.22405915911387372, 0.19622569464627335, 0.07569060185412352, 0.22415368778636713, 0.19844779866042428, 0.22405915911387372, 0.1390407113460826, 0.22415368778636713, 0.22413257915725243, 0.007782725336294366, 0.23357075244815692, 0.13663349587392268, 0.13686241170844454, 0.06269529634268833, 0.19622569464627335, 0.1390407113460826, 0.22405915911387372, 0.007782725336294366, 0.21184060474686606, 0.2256112702815449, 0.22405915911387372, 0.04770296446417771, 0.21184060474686606, -1000000.0, 0.19895852925324184, 0.005414145292625766, 0.13974397211695913, -0.04262587205441366, 0.19630101894970167, 0.17108148105534893, 0.22415368778636713, 0.22405915911387372, 0.04770296446417771, 0.22415368778636713, 0.22415368778636713, -0.013245899549760317, 0.22415368778636713, 0.19622569464627335, -0.054284023940315014, 0.17120962434188475, 0.04309630742728054, 0.22405915911387372, 0.22405915911387372, -0.012355691758865105, 0.22415368778636713, 0.22405915911387372, 0.13974397211695913, 0.22415368778636713, 0.22415368778636713, 0.007782725336294366, 0.23297610361470397, 0.19630101894970167, 0.22413257915725243, 0.2048642511189612, 0.22405915911387372, 0.22405915911387372, 0.22405915911387372, 0.007782725336294366, 0.20486286038836032, 0.229301335772559, 0.2048642511189612, 0.22405915911387372, 0.2048642511189612, -0.049792332929266075, 0.19844779866042428, 0.19844779866042428, -0.013160088433095315, 0.22405915911387372, 0.22405915911387372, 0.1430112336228448, 0.22405915911387372, 0.007510973224147488, 0.22406637106678914, 0.22405915911387372, 0.13686461674041112, 0.19622569464627335, 0.19854684199280415, 0.22405915911387372, 0.16216309459035935, -0.04543261240461975, 0.0021866151909373612, 0.22415368778636713, 0.21271209350209913, 0.22405915911387372, 0.22415368778636713, 0.19622569464627335, 0.16345446077819942, 0.22405915911387372, 0.22405915911387372, 0.19622569464627335, 0.22405915911387372, 0.13663349587392268, -0.04262587205441366, 0.18127270392066236, 0.22405915911387372, 0.2240367028369793, 0.22637009395735636, 0.22415368778636713, 0.22405915911387372, 0.22415368778636713, 0.06504757497150072, 0.22405915911387372, 0.22637009395735636, 0.22415368778636713, 0.22415368778636713, -0.04262587205441366, -0.054284023940315014, 0.1390407113460826, 0.22413257915725243, 0.19622569464627335, 0.2256112702815449, 0.058881103235638575, 0.19844779866042428, 0.01773666193574297, 0.1712095728385852, 0.11710954148400851, 0.19844779866042428, 0.23297610361470397, 0.21184060474686606, 0.22415368778636713, 0.19882795108725235, 0.22415368778636713, 0.22405915911387372, 0.007510973224147488, 0.19622569464627335, 0.20486286038836032, 0.22415368778636713, 0.2215420632991626, 0.2285621116998669, 0.19854684199280415, 0.22413257915725243, 0.13663349587392268, 0.007782725336294366, 0.1712095728385852, 0.22405915911387372, 0.22599029999407755, 0.22405915911387372, 0.22405915911387372, 0.2256112702815449, 0.22406211039320126, 0.22405915911387372, 0.19844779866042428, 0.22405915911387372, 0.22245315026708593, 0.20293520788762623, 0.22415368778636713, 0.21931415439423196, 0.22405915911387372, 0.19854684199280415, 0.13830714327241184, 0.22405915911387372, 0.19844779866042428, 0.19882795108725235, 0.11703057901651345, 0.22413257915725243, 0.22415368778636713, 0.19622569464627335, 0.08923899361006203, 0.19622569464627335, -1000000.0, 0.18127270392066236, 0.204854889432144, 0.22415368778636713, -0.04262587205441366, 0.2223588026393913, 0.19622569464627335, 0.22413257915725243, 0.11736533291036465, 0.21184060474686606, 0.22415368778636713, 0.22415368778636713, 0.008853718035605114, 0.19854684199280415, 0.13663349587392268, 0.0881734019909936, 0.22415368778636713, 0.19622569464627335, 0.22415368778636713, 0.2256112702815449, 0.234872364001325, 0.22405915911387372, 0.22415368778636713, 0.22405915911387372, 0.19844779866042428, 0.1390407113460826, 0.22405915911387372, 0.19622569464627335, 0.22405915911387372, -0.054284023940315014, 0.17230346434356011, 0.19882795108725235, 0.22405915911387372, 0.19622569464627335, 0.19622569464627335, 0.19630101894970167, 0.22415368778636713, 0.19622569464627335, -1000000.0, 0.19854684199280415, 0.22405915911387372, 0.22405915911387372, 0.13695275570207677, 0.16631053480687827, -0.04919293694451787, 0.19622569464627335, 0.007782725336294366, 0.22405915911387372, 0.22405915911387372, 0.22405915911387372, 0.19622569464627335, 0.22415368778636713, -0.054284023940315014, -1000000.0, 0.11853251153809108, -0.049792332929266075, 0.19844779866042428, 0.19630101894970167, 0.13663349587392268, 0.22405915911387372, 0.05728987351327163, 0.1712095728385852, 0.13654538945218042, 0.13974397211695913, 0.19622569464627335, 0.22406211039320126, 0.13663349587392268, 0.02845761757971796, 0.22405915911387372, 0.22405915911387372, 0.19844779866042428, 0.05993208980163135, 0.22405915911387372, 0.22415368778636713, 0.15586186621574705, 0.17120962434188475, 0.23297610361470397, 0.08680804304466457, 0.15586186621574705, 0.22405915911387372, 0.22405915911387372, 0.19630101894970167, 0.15586186621574705, 0.19882795108725235, 0.204816106876736, 0.19622569464627335, 0.1712095728385852, 0.22415368778636713, 0.16345446077819942, 0.22405915911387372, 0.22405915911387372, -0.005888322807079903, 0.13695275570207677, 0.22405915911387372, 0.2223588026393913, 0.22415368778636713, 0.22035308395572087, 0.19844779866042428, 0.21892348058284145, 0.13663349587392268, 0.22405915911387372, 0.22415368778636713, 0.22415368778636713, 0.19854684199280415, 0.22405915911387372, 0.15614192852594538, 0.19882795108725235, 0.22637009395735636, -0.03974008715611207, 0.22405915911387372, 0.22405915911387372, 0.21892348058284145, 0.22413257915725243, 0.22405915911387372, 0.007510973224147488, 0.22405915911387372, 0.19844779866042428, 0.2285621116998669, 0.19622569464627335, 0.19844779866042428, 0.03611776708991041, 0.19622569464627335, 0.21419441372564874, 0.19622569464627335, -1000000.0, 0.19844779866042428, 0.2285621116998669, 0.19854684199280415, 0.04176023090434976, 0.22415368778636713, 0.22415368778636713, 0.22415368778636713, 0.13663349587392268, 0.22405915911387372, 0.22405915911387372, 0.16345446077819942, 0.1390407113460826, 0.2223588026393913, 0.007782725336294366, 0.22405915911387372, 0.13228861675400816, 0.18127270392066236, 0.22405915911387372, 0.13974397211695913, 0.22406211039320126, 0.22415368778636713, 0.19844779866042428, 0.19882795108725235, 0.22405915911387372, 0.1390407113460826, 0.22415368778636713, 0.11936971136291284, 0.19622569464627335, 0.22415368778636713, 0.19854684199280415, 0.19622569464627335, 0.22405915911387372, 0.1390407113460826, 0.005840444721944949, 0.18375751345662802, 0.01773666193574297, -0.054284023940315014, 0.22405915911387372, 0.22405915911387372, 0.2240367028369793, 0.19622569464627335, 0.22405915911387372, 0.22405915911387372, 0.13974397211695913, 0.19622569464627335, 0.007782725336294366, 0.22405915911387372, 0.22405915911387372, 0.19622569464627335, 0.22415368778636713, 0.22415368778636713, 0.18219655916433922, 0.22405915911387372, -0.054284023940315014, 0.22415368778636713, 0.039995630948198656, 0.22405915911387372, 0.0021866151909373612, 0.19630101894970167, 0.19844779866042428, 0.20293520788762623, 0.22415368778636713, 0.19622569464627335, 0.22405915911387372, 0.22405915911387372, 0.2256112702815449, 0.22405915911387372, 0.22415368778636713, 0.04121862930495322, 0.22405915911387372, 0.13695275570207677, -1000000.0, -0.054284023940315014, 0.21425396122531018, -0.03327140178613843, 0.23357075244815692, 0.22405915911387372, 0.1390407113460826, 0.22599029999407755, -0.054284023940315014, 0.2201130641875969, -0.04543261240461975, 0.04741600743594819, 0.18219655916433922, 0.1383022298199956, 0.22405915911387372, 0.23304049888347672, 0.22405915911387372, 0.22415368778636713, 0.22415368778636713, 0.19844779866042428, 0.2048642511189612, 0.19854684199280415, 0.22405915911387372, 0.2048642511189612, 0.22405915911387372, 0.17120962434188475, 0.22415368778636713, 0.19622569464627335, 0.22405915911387372, 0.22623871801429424, 0.14888220944103617, 0.22413257915725243, 0.1390407113460826, 0.11710954148400851, 0.19622569464627335, 0.22415368778636713, 0.19719062100479062, 0.15005390262759954, 0.09760209851910424, 0.13686461674041112, 0.1712095728385852, -0.054284023940315014, 0.007782725336294366, 0.13826073279986176, 0.22405915911387372, 0.22415368778636713, 0.22405915911387372, 0.19854684199280415, 0.22405915911387372, 0.16216309459035935, 0.19975035083430076, 0.22405915911387372, 0.19882795108725235, 0.2223588026393913, -0.054284023940315014, 0.01773666193574297, 0.22405915911387372, 0.22413257915725243, 0.20486286038836032, 0.22405915911387372, 0.22413257915725243, 0.11703057901651345, -0.04543261240461975, 0.22415368778636713, 0.2285621116998669, 0.19622569464627335, 0.22415368778636713, 0.21271209350209913, 0.22415368778636713, 0.0021866151909373612, 0.1390407113460826, 0.13974397211695913, 0.11595357140814772, -0.04543261240461975, 0.1390407113460826, -1000000.0, 0.22405915911387372, 0.22405915911387372, 0.19882795108725235, 0.008853718035605114, 0.19622569464627335, 0.19882795108725235, 0.22405915911387372, 0.19622569464627335, 0.22415368778636713, 0.22405915911387372, 0.204816106876736, 0.22415368778636713, 0.11703057901651345, 0.22637009395735636, 0.1390407113460826, 0.22415368778636713, 0.19854684199280415, 0.19854684199280415, 0.22405915911387372, 0.0021866151909373612, -0.04262587205441366, 0.19622569464627335, 0.2285621116998669, 0.22415368778636713, -0.054284023940315014, 0.22405915911387372, 0.22415368778636713, 0.19854684199280415, 0.2285621116998669, 0.19630101894970167, 0.19844779866042428, -1000000.0, 0.08523776397010133, 0.19844779866042428, 0.2240367028369793, 0.22405915911387372, 0.15005390262759954, 0.22415368778636713, 0.19895852925324184, 0.2285621116998669, 0.22405915911387372, 0.19630101894970167, 0.19630101894970167, 0.19844779866042428, 0.1390407113460826]
Generation 6 starts.
final:  [0.22415368778636713, 0.18890938479006678, 0.15463467754657792, 0.19644847414861605, 0.2048642511189612, 0.20315124224099512, 0.23650174471492874, 0.22405915911387372, 0.2332135514922817, 0.22415368778636713, 0.22183923189657223, 0.21419441372564874, 0.19622569464627335, 0.22405915911387372, 0.22415368778636713, 0.23507602270473954, 0.22637009395735636, 0.14109161664833472, 0.22413257915725243, -0.054284023940315014, 0.036582712530217505, 0.14050403686844423, 0.22405915911387372, 0.01773666193574297, 0.13114414362389998, 0.23285600547436044, 0.22623510934089233, 0.22405915911387372, 0.2285621116998669, 0.15931107155401172, 0.221225168348994, 0.14265534003465163, 0.13663349587392268, 0.23287600919734794, 0.23241108413496733, 0.24533494917565596, 0.14050403686844423, -0.00302131888102401, -0.00013283493733564562, 0.2055216151517103, 0.23287600919734794, 0.1712095728385852, 0.13663349587392268, 0.13686241170844454, 0.22637009395735636, 0.22637009395735636, 0.08483894163540848, 0.19882795108725235, 0.22637009395735636, 0.21425396122531018, 0.1430112336228448, 0.19622569464627335, 0.2342888984302045, 0.19962679306402803, 0.1430112336228448, 0.22453875894613837, 0.23071249631676474, 0.24598570251612004, 0.08673660840778995, 0.2285621116998669, 0.22415368778636713, 0.2285621116998669, -0.01577100597469259, 0.20219171157911567, 0.23357075244815692, -0.15703552224376918, 0.2198378655310015, 0.19630101894970167, 0.22134580771385604, 0.22415368778636713, 0.21425396122531018, 0.22405915911387372, 0.22415368778636713, 0.21184060474686606, 0.22526166053417743, 0.15459698765210084, 0.24782790261924145, 0.22669211869161948, -0.03327140178613843, 0.13663349587392268, 0.13734351890234647, 0.22415368778636713, 0.23357075244815692, 0.19630101894970167, 0.2222331649497013, 0.23397283405106825, 0.23663698915845577, 0.23357075244815692, 0.19630101894970167, 0.1712428771755331, 0.22405915911387372, 0.0882664536910069, 0.19854684199280415, -0.012198185440269353, -0.01577100597469259, 0.19882795108725235, 0.1321247797324728, 0.2043947296807819, 0.22415368778636713, -0.054284023940315014, 0.06611248303112904, 0.22637009395735636, 0.19895852925324184, 0.11710954148400851, 0.2331485654814622, 0.22415368778636713, 0.11450308607435512, -1000000.0, 0.215491594040429, 0.2285621116998669, 0.22415368778636713, 0.23241108413496733, 0.22415368778636713, 0.21678694115007408, 0.21966816894100955, 0.19622569464627335, 0.22405915911387372, 0.05757006562459619, 0.15701018927019095, 0.1712095728385852, 0.24533494917565596, 0.13830714327241184, 0.234872364001325, 0.19630101894970167, 0.19622569464627335, 0.14956670071677766, 0.22415368778636713, 0.22526166053417743, 0.2256112702815449, 0.13175799464099983, 0.19882795108725235, 0.18723022713471954, -0.03974008715611207, 0.2223588026393913, -0.02212539652374214, -0.054284023940315014, 0.22507162802115263, 0.16738508131209232, 0.20315124224099512, 0.2285621116998669, 0.23357075244815692, 0.19844779866042428, 0.22413257915725243, 0.23304049888347672, 0.04733000859429404, 0.22415368778636713, -0.004964117412475894, 0.2256112702815449, 0.2285621116998669, 0.22415368778636713, 0.15586186621574705, 0.22637009395735636, 0.15586186621574705, 0.1896612489226251, 0.014367059111586861, 0.22383301354714727, 0.2082108902475611, 0.18587226737956994, 0.23297610361470397, 0.18396496851532454, 0.22413257915725243, 0.22415368778636713, -0.06537195824809479, 0.2285621116998669, 0.19895852925324184, 0.234872364001325, 0.1390407113460826, 0.21638296639216398, 0.22415368778636713, 0.10504854776402409, 0.2344335230469932, 0.23297610361470397, 0.22415368778636713, 0.21712568322413545, 0.19882795108725235, 0.15625922478072238, 0.22415368778636713, 0.21184060474686606, 0.19630101894970167, 0.19895852925324184, -0.007140131322697916, 0.23357075244815692, 0.19622569464627335, 0.229301335772559, 0.22405915911387372, 0.22415368778636713, 0.22415368778636713, 0.2223588026393913, 0.15927769839791794, 0.0715778598578447, 0.19882795108725235, 0.22415368778636713, -0.014405378275242723, 0.13663349587392268, 0.22415368778636713, 0.13663349587392268, 0.23909428379753087, 0.23297610361470397, 0.19622569464627335, 0.22415368778636713, 0.2285621116998669, 0.19882795108725235, 0.22637009395735636, 0.008575687126602439, 0.1715056990699591, 0.19622569464627335, 0.01773666193574297, 0.19068510051689053, 0.15365489054429116, 0.229301335772559, 0.22332613193242462, 0.23340630233689263, 0.23297610361470397, 0.17108148105534893, 0.22415368778636713, 0.18219655916433922, 0.22405915911387372, 0.2271065655202881, 0.19841587553424084, 0.21425396122531018, 0.22415368778636713, 0.19622569464627335, 0.22405915911387372, 0.14194690819767788, 0.06671338607092973, 0.007782725336294366, 0.009181952884343019, 0.19882795108725235, 0.22413257915725243, 0.1383022298199956, 0.19622569464627335, 0.0881734019909936, 0.11703057901651345, 0.2285621116998669, 0.2331485654814622, 0.23357075244815692, 0.2285621116998669, 0.19622569464627335, 0.204816106876736, 0.1649326458461217, 0.18219655916433922, 0.23304049888347672, 0.22623871801429424, 0.22405915911387372, 0.2331896079922187, 0.11583280772953276, -0.054284023940315014, 0.13660535795798323, 0.04741600743594819, -0.007612527037172903, 0.22405915911387372, -0.04826867242873992, 0.11583280772953276, 0.1599141134099135, 0.2285621116998669, 0.1759960517451421, 0.21989842006638086, 0.11583280772953276, 0.22405915911387372, 0.11936971136291284, -1000000.0, 0.22415368778636713, 0.22080549115280484, 0.14050403686844423, 0.2338294547957678, 0.22415368778636713, 0.2313856663404333, 0.1996501872698491, 0.14401560665094149, 0.22415368778636713, 0.23191584800571727, 0.01718263948056972, 0.2285621116998669, 0.19844779866042428, 0.009181952884343019, -0.014405378275242723, 0.22415368778636713, -0.012355691758865105, 0.1430112336228448, 0.1892145981892985, 0.18219655916433922, 0.2256112702815449, 0.13571106860896154, 0.2256112702815449, 0.22415368778636713, 0.23015737000258432, 0.22405915911387372, 0.04733000859429404, -0.054284023940315014, 0.14050403686844423, 0.18219655916433922, 0.007782725336294366, 0.2285621116998669, 0.22637009395735636, 0.2582302783747191, 0.1610264827993715, 0.22405915911387372, 0.22630730958133144, 0.21425396122531018, 0.19854684199280415, 0.2250052558842313, 0.234872364001325, 0.2198378655310015, 0.22415368778636713, 0.22405915911387372, 0.22599029999407755, 0.19623331886097684, 0.19854684199280415, 0.22405915911387372, 0.13663349587392268, 0.05790273520752794, 0.19630101894970167, 0.22441463700688888, 0.19622569464627335, 0.23297610361470397, 0.2285621116998669, -0.010552651909625234, 0.2439423736366591, 0.22405915911387372, 0.13830714327241184, 0.1383022298199956, 0.11583280772953276, 0.2285621116998669, 0.22637009395735636, 0.1396906373468939, 0.03611776708991041, 0.22413257915725243, 0.234872364001325, 0.22405915911387372, 0.19622569464627335, 0.24296296380983917, 0.19882795108725235, 0.204854889432144, 0.23297610361470397, 0.22371155753870323, 0.234872364001325, 0.1383022298199956, 0.22405915911387372, 0.007782725336294366, 0.23357075244815692, 0.22415368778636713, 0.15586186621574705, -0.046005109516422504, 0.20315124224099512, 0.13830714327241184, 0.23357075244815692, 0.19636010338384938, -1000000.0, 0.15754858413180253, 0.22415368778636713, 0.22405915911387372, 0.18995351519355247, 0.20315124224099512, 0.1381125852035734, 0.2250052558842313, 0.01772027619000435, 0.2285621116998669, 0.04402127188391489, 0.21271747713855346, 0.22637009395735636, 0.2439423736366591, 0.19854684199280415, 0.2223588026393913, 0.22599029999407755, 0.23357075244815692, 0.19854684199280415, 0.11158110487256276, 0.22415368778636713, 0.06713009326510701, 0.22415368778636713, 0.13443093577044313, 0.07450305970498566, 0.22405915911387372, 0.22405915911387372, -1000000.0, 0.19882795108725235, 0.22415368778636713, 0.22413257915725243, 0.22405915911387372, 0.042809392174291916, 0.19622569464627335, 0.14956670071677766, 0.22790423733960383, -0.09940088185080925, -0.005445984130956519, 0.1976956710928402, -0.0023998057657892017, 0.1430112336228448, 0.19622569464627335, 0.22406211039320126, 0.22415368778636713, 0.2275850885620642, 0.22405915911387372, 0.16631053480687827, 0.08738801025144062, 0.22405915911387372, 0.21638296639216398, 0.19854684199280415, 0.2250052558842313, 0.1985200865618816, 0.2439423736366591, 0.22637009395735636, 0.23297610361470397, 0.13731831281597814, 0.13826073279986176, 0.005414145292625766, 0.23357075244815692, 0.23297610361470397, 0.22035308395572087, 0.13663349587392268, 0.22415368778636713, 0.23297610361470397, 0.2256112702815449, 0.23297610361470397, 0.036258489197416685, 0.23375694562508736, 0.07148718971950042, 0.22405915911387372, 0.2285621116998669, 0.2256112702815449, 0.23297610361470397, 0.22413257915725243, 0.19895852925324184, 0.229301335772559, 0.016794022835845742, 0.23304049888347672, 0.033378311147920586, 0.19794209787275172, 0.20129524771927088, 0.2223588026393913, 0.13663349587392268, 0.23304049888347672, 0.22623871801429424, 0.23297610361470397, 0.08357335517322961, 0.22790423733960383, 0.2201130641875969, 0.20315124224099512, 0.20031890545439257, -0.0023998057657892017, 0.007782725336294366, 0.22405915911387372, 0.027823276080273237, 0.19622569464627335, 0.19622569464627335, 0.24405970776086422, 0.2256112702815449, 0.13833001343865226, 0.17120962434188475, 0.1390407113460826, 0.1430112336228448, 0.22424005349732554, 0.1515162762203331, 0.01773666193574297, 0.19895852925324184, 0.22637009395735636, 0.2285621116998669, 0.2256112702815449, 0.22083634677658714, 0.21184060474686606, 0.24296296380983917, 0.11568729710907863, 0.19622569464627335, 0.19651346485626128, 0.22405915911387372, 0.23554154603423189, 0.2285621116998669, -0.0786997992220588, 0.14109161664833472, 0.1383022298199956, 0.14465372047795247, 0.2439423736366591, 0.19854684199280415, 0.12539513039520606, 0.007782725336294366, 0.22415368778636713, 0.19882795108725235, 0.08523776397010133, 0.22406211039320126, 0.07367975054076792, 0.22415368778636713, 0.13663349587392268, 0.2285621116998669, 0.225530783447946, 0.007782725336294366, 0.23297610361470397, 0.2285621116998669, -0.05258632434745839, 0.2285621116998669, 0.2239201046742179, 0.23332350663356569, 0.03611776708991041, 0.22637009395735636, 0.19630101894970167, 0.0816547047657536, 0.2285621116998669, 0.19882795108725235, 0.1662090297454253, 0.22415368778636713, 0.23297610361470397]
Generation 7 starts.
final:  [0.1715056990699591, 0.23297610361470397, 0.23554154603423189, 0.2344335230469932, 0.2223588026393913, 0.10813645554156395, 0.23663698915845577, 0.15324199489456783, 0.23948143621823992, 0.21723325026775095, 0.19636010338384938, 0.23397283405106825, 0.19622569464627335, 0.06483977398752633, 0.24590427578429924, 0.23304049888347672, 0.23357075244815692, 0.23356621361790814, 0.23295712584409967, 0.19901791546845227, -0.054284023940315014, 0.161539576402351, 0.23692357524204116, 0.22415368778636713, 0.234872364001325, 0.24782790261924145, 0.19622569464627335, 0.17151166426172704, 0.19280921438953236, 0.23058960836268738, 0.23144370614660553, 0.25025644086849635, 0.08562490746790549, -1000000.0, 0.19841587553424084, -1000000.0, 0.2331485654814622, 0.19622569464627335, 0.2202272139827134, 0.19623331886097684, 0.21737023229415806, -0.05230782766695547, 0.223744864154538, 0.21723325026775095, 0.22776236223391272, 0.19850226332775983, 0.013120673859700947, 0.2439423736366591, 0.19854684199280415, 0.21934593179305384, 0.24782790261924145, 0.24006715691512823, 0.2344335230469932, 0.19622569464627335, -0.014405378275242723, 0.21649338176623173, 0.23357075244815692, 0.24069476568522177, -1000000.0, 0.1434253543849802, 0.2042499636069964, 0.22405915911387372, 0.23371864698439138, 0.19034705771668906, 0.23387414398869155, 0.2439423736366591, 0.2439423736366591, 0.21707380481732375, 0.23357075244815692, 0.23340630233689263, 0.14956670071677766, 0.23741745450768761, 0.234872364001325, -1000000.0, 0.0671228784451447, -0.0013535456428162198, 0.22405915911387372, 0.24598570251612004, 0.22405915911387372, 0.18219655916433922, 0.17406765676317956, 0.23357075244815692, 0.21651595963190806, 0.17139556306243492, 0.2285621116998669, 0.18875247910922152, 0.24533494917565596, 0.23038743911854206, 0.23638249570479006, 0.23297610361470397, 0.08770268177092248, 0.22078993072830216, 0.08717323378506495, 0.1383325923953513, 0.23071249631676474, 0.23357075244815692, 0.11477240651309972, 0.029824833536964083, 0.1821672689539719, 0.17176916415629573, 0.23177441132187998, 0.19636010338384938, 0.23360570864908847, 0.1725229590853981, 0.18890938479006678, 0.24598570251612004, 0.19636010338384938, -1000000.0, 0.19622569464627335, 0.23297610361470397, 0.16555446142818553, 0.2439423736366591, 0.24598570251612004, 0.24219858762241564, 0.24598570251612004, 0.18922499969451248, 0.24598570251612004, 0.17132324465871737, 0.23297610361470397, 0.061466245751243785, 0.24502126747167344, 0.12575056479492724, 0.21966816894100955, 0.23297610361470397, 0.23663698915845577, 0.1390407113460826, 0.23147207186868446, 0.23650174471492874, -0.006860992414642442, 0.21947492176741262, 0.23650174471492874, 0.19622569464627335, 0.19622569464627335, 0.22523954086027118, 0.2313856663404333, 0.23522782238355727, 0.17146706637363235, 0.22405915911387372, 0.2164195551849685, 0.234872364001325, 0.22789053266175816, 0.13567368032756966, 0.21934593179305384, 0.2387823866027478, 0.22761590819235503, 0.23357075244815692, 0.23651092534694282, 0.19622569464627335, 0.244639174940042, 0.24504230816958156, 0.21925499212137603, 0.19478405982127966, 0.19377624497342827, 0.1715056990699591, 0.23802447641307514, 0.24782790261924145, 0.05770125320266559, -0.0008918303024991975, 0.150047088595326, 0.008619456335475869, 0.23297610361470397, 0.120016601676874, 0.23304049888347672, 0.22049519623623637, 0.2189216223237858, 0.234872364001325, 0.12629532923656547, 0.23176046003691633, 0.23357075244815692, 0.2439423736366591, 0.23641450202943287, 0.23443521334822587, 0.007782725336294366, 0.2579156424032391, 0.19844779866042428, 0.234872364001325, 0.23304049888347672, 0.11583280772953276, 0.23641450202943287, 0.24598570251612004, 0.19854684199280415, 0.22759577679843807, 0.13610257842306864, 0.23297610361470397, 0.22766662113117248, 0.2439423736366591, 0.1747885982205911, 0.22628444303300688, 0.22405915911387372, 0.24296296380983917, 0.22848644491401354, 0.23340630233689263, 0.08738801025144062, 0.14443765884813278, 0.19630101894970167, 0.22025772845350253, 0.19622569464627335, 0.2439423736366591, 0.1430112336228448, 0.2459947447290942, 0.15005390262759954, 0.24782790261924145, 0.22405915911387372, 0.2331485654814622, 0.008619456335475869, -0.06452645970343152, 0.23297610361470397, 0.23297610361470397, 0.23357075244815692, 0.11583280772953276, 0.1747885982205911, 0.23276349496175047, 0.24405970776086422, 0.04460716244073566, 0.23356964652690182, 0.20852368390288753, 0.2294683728322362, 0.24598570251612004, 0.11666223456831945, 0.20135289106890156, 0.22016756514646504, -0.03842775286553686, 0.2439423736366591, 0.23357075244815692, -1000000.0, 0.23295712584409967, 0.15585680883491873, 0.23650174471492874, -0.0020367194159617774, 0.1390407113460826, 0.23358920708494788, 0.18943917334975685, 0.23357075244815692, 0.15122298601909143, 0.23297610361470397, 0.15927769839791794, 0.22405915911387372, -0.06679827481568458, 0.22498132699539106, 0.23424831743962352, 0.2455726299900269, 0.13571106860896154, -0.046005109516422504, 0.19630101894970167, 0.23297610361470397, 0.24296296380983917, 0.23297610361470397, 0.22191041807963857, 0.23297610361470397, 0.2472088367509005, 0.24405970776086422, 0.18922499969451248, 0.19622569464627335, 0.23650174471492874, 0.2582302783747191, -1000000.0, 0.23007107561099097, 0.24405970776086422, 0.23357075244815692, 0.19622569464627335, 0.23297610361470397, -0.054284023940315014, 0.22405915911387372, 0.19622569464627335, 0.23692357524204116, -1000000.0, 0.23176046003691633, -0.03737872585370531, 0.1430112336228448, 0.2439423736366591, -0.05230782766695547, 0.017506033081308266, 0.26642494362874064, 0.23357075244815692, 0.0004900400383917543, 0.2342888984302045, 0.22016756514646504, 0.2331735555621049, 0.22848644491401354, 0.2338294547957678, -0.054284023940315014, 0.2439423736366591, 0.23357075244815692, 0.21489843273737352, 0.22013073644826098, 0.11583280772953276, 0.23297610361470397, 0.21737023229415806, 0.23297610361470397, -0.0477800524515428, 0.24405970776086422, 0.0019153661581807239, 0.23554154603423189, 0.13525588051673512, 0.23285600547436044, 0.234872364001325, 0.17333866572309714, 0.2331043224479611, 0.19622569464627335, 0.1518157755239592, 0.24533494917565596, 0.22405915911387372, 0.2439423736366591, 0.24296296380983917, 0.23297610361470397, 0.2455006000762664, 0.19622569464627335, 0.24782790261924145, 0.23297610361470397, 0.19622569464627335, 0.24483676305134253, 0.23357075244815692, 0.2439423736366591, 0.13103464619601787, 0.19622569464627335, 0.23340630233689263, 0.2437596261566495, 0.23078620956678536, 0.15028891837470648, 0.17437854926691918, 0.1759960517451421, 0.24504230816958156, 0.23332350663356569, 0.17479237947470821, -0.046005109516422504, 0.19841587553424084, 0.03946572851802002, 0.19644847414861605, 0.2344335230469932, 0.19630101894970167, 0.24533494917565596, 0.23297610361470397, 0.23554154603423189, 0.23297610361470397, 0.24533494917565596, 0.2329702380879226, 0.2348762438047405, 0.17274219928378606, 0.24405970776086422, 0.19622569464627335, 0.23384537705232514, 0.1257641663455368, 0.13830714327241184, 0.2439423736366591, 0.24405970776086422, 0.2439423736366591, 0.23650174471492874, 0.14694178922253934, 0.24306711669673917, 0.22131110192928158, 0.24533494917565596, -1000000.0, 0.23357075244815692, 0.2439423736366591, 0.21737023229415806, 0.24533494917565596, 0.13571106860896154, 0.23191584800571727, 0.24308100162877017, 0.013770635859246464, 0.23147207186868446, 0.2198378655310015, 0.2344335230469932, 0.23285600547436044, 0.2342888984302045, 0.12468365283342348, 0.15005390262759954, 0.23297610361470397, 0.19841587553424084, 0.2285621116998669, 0.17437854926691918, 0.23892873259234557, 0.19622569464627335, 0.23638249570479006, 0.23357075244815692, -0.0013535456428162198, 0.17406765676317956, 0.14956670071677766, 0.24782790261924145, 0.24533494917565596, 0.22405915911387372, 0.23357075244815692, -1000000.0, 0.17769559868201135, 0.20020013788907903, 0.03712190818637583, 0.2256112702815449, 0.19630101894970167, 0.24533494917565596, -1000000.0, -0.03848449159701425, 0.1715056990699591, 0.24296296380983917, 0.23297610361470397, 0.09797344174656479, 0.23147207186868446, 0.11936971136291284, 0.20015414485465238, 0.23357075244815692, 0.018339567787212258, 0.17151166426172704, 0.234872364001325, -0.05230782766695547, 0.1284898232729193, 0.24405970776086422, 0.23297610361470397, 0.008417012601839236, 0.08770268177092248, 0.24405970776086422, 0.24533494917565596, 0.18302138230640413, 0.19622569464627335, 0.22844564071421306, 0.22406211039320126, 0.2582302783747191, 0.1723678217170635, 0.2342888984302045, -0.01503667084400679, 0.008619456335475869, 0.008289290555414528, 0.22583501656935764, 0.17437854926691918, 0.17437854926691918, -1000000.0, 0.15324199489456783, 0.17437854926691918, 0.08738801025144062, -0.002345166592886305, 0.11583280772953276, 0.2595679435340907, 0.20020013788907903, 0.2582302783747191, 0.19844779866042428, 0.19636010338384938, 0.1838277346507629, 0.1986212172883448, 0.23297610361470397, 0.21592510164304782, 0.13123437385760012, 0.22406211039320126, 0.24405970776086422, 0.2031181076395613, 0.23297610361470397, 0.239420254111943, 0.23297610361470397, 0.24782790261924145, 0.19623331886097684, 0.19622569464627335, 0.22405915911387372, 0.23682360851224737, 0.19466271724930306, 0.11411767312263596, 0.22405915911387372, 0.23357075244815692, 0.15585680883491873, 0.11356159110972074, 0.23650174471492874, 0.19841587553424084, 0.18576436708603214, 0.24296296380983917, 0.19622569464627335, -0.04568754741294202, 0.18289616746547266, 0.19630101894970167, 0.23332350663356569, 0.11583280772953276, 0.23357075244815692, 0.1518157755239592, 0.2439423736366591, 0.23554154603423189, 0.13682503352925401, 0.22131110192928158, -0.05258632434745839, 0.14134354925307263, 0.2332135514922817, 0.2329702380879226, 0.13287817210499642, 0.19622569464627335, 0.2359413672260837, 0.17437854926691918, 0.23297610361470397, 0.07369770351846493, 0.11520662790700166, -1000000.0, -1000000.0, 0.1664621638437337, 0.1383022298199956, -0.03842775286553686, 0.2441684228571886, 0.22599029999407755, 0.21678542203343795, 0.11583280772953276, 0.19622569464627335, 0.21956935115570692, 0.22493093410370196, 0.2439423736366591, 0.20263793300583677, 0.234872364001325, 0.18933182051329675, 0.25782108889582567]
Generation 8 starts.
final:  [0.21677288629393923, 0.24533494917565596, 0.234872364001325, 0.1838277346507629, 0.23913286310735568, 0.24533494917565596, -0.06537703403051134, -1000000.0, 0.24598570251612004, 0.22790423733960383, 0.24598570251612004, 0.2659960996170534, 0.24875094527896435, 0.17437854926691918, 0.2439423736366591, 0.15927769839791794, 0.19844779866042428, 0.23176046003691633, 0.0037206901237910846, 0.13896710872333295, 0.0007121620618333626, 0.23481251982672258, 0.2511608151118675, 0.13123046732953916, 0.22002585321317442, 0.1812106555081552, 0.25925209319146564, 0.2595679435340907, 0.24785760736712403, 0.24405970776086422, 0.21595707322086893, 0.24785760736712403, -0.047217238424811944, 0.22405915911387372, 0.20329409329379522, 0.2459947447290942, 0.2004357370695625, -0.07498355826461219, 0.24782790261924145, -1000000.0, 0.25819633318868734, 0.24483676305134253, 0.0037206901237910846, -0.03737872585370531, 0.22324689776561393, 0.2593070210188153, 0.2337888946235894, 0.20005558332164566, 0.13123437385760012, 0.25893456872904896, 0.19622569464627335, -1000000.0, 0.17406765676317956, 0.24261359480010838, 0.26642494362874064, 0.19622569464627335, 0.2332624565202821, 0.26743679224116185, 0.24533494917565596, 0.17193387050525874, 0.01521673415276339, 0.16033271872970323, 0.24147206730035867, 0.2439423736366591, -1000000.0, 0.11918036926060609, 0.24308100162877017, 0.010873785960242171, 0.2455840219558675, 0.17442184131176564, 0.19850226332775983, 0.13764284295828327, 0.19630101894970167, 0.24782790261924145, 0.24598570251612004, 0.2582302783747191, -0.023179195495820388, 0.1715056990699591, 0.19622569464627335, 0.19217154873544248, 0.25965130333870745, 0.22013073644826098, 0.24792357415344957, 0.19622569464627335, 0.2420059360393775, 0.234872364001325, 0.24673082618000472, 0.22405915911387372, 0.19630101894970167, -0.046005109516422504, 0.24782790261924145, -0.03842775286553686, 0.23481251982672258, 0.24782790261924145, 0.24463602993816624, 0.2285621116998669, 0.16125826378493904, -0.011546926783946388, 0.18933182051329675, 0.25782108889582567, 0.1984848296201887, -0.05230782766695547, 0.23297610361470397, 0.24673082618000472, 0.24582137007082716, 0.15585680883491873, 0.2439423736366591, 0.24533494917565596, 0.25025644086849635, 0.24532067688251613, 0.19622569464627335, 0.24673082618000472, 0.049354940007575204, 0.2439423736366591, 0.24598570251612004, 0.2346063748045991, 0.1430112336228448, 0.24467277746354132, 0.25765814896142286, 0.260686900065459, 0.16236032558709348, 0.19630101894970167, 0.2595679435340907, 0.2299347125091633, 0.24405970776086422, 0.2603793246794333, 0.2439423736366591, 0.24598570251612004, 0.1715056990699591, 0.22303332109457313, 0.24338760043206992, -0.00282300793750608, 0.2439423736366591, 0.0021476689313091315, -0.001876265712572934, 0.19622569464627335, 0.2582302783747191, 0.24782790261924145, -0.051572161222566526, 0.07461210008860426, 0.19622569464627335, 0.26642494362874064, 0.2000089439912861, 0.21652023032986506, 0.23933174988286007, -1000000.0, 0.22415368778636713, 0.19622569464627335, 0.2582302783747191, 0.2507028058761762, 0.16125826378493904, 0.12828646022223625, 0.2175336847041723, 0.2439423736366591, 0.19841587553424084, 0.17406765676317956, 0.13123437385760012, 0.1715056990699591, 0.24533494917565596, -0.03842775286553686, 0.22405915911387372, 0.24737524293328797, 0.19622569464627335, 0.1715056990699591, 0.24782790261924145, 0.25893456872904896, 0.08819257583621207, 0.2595679435340907, 0.23641450202943287, 0.24582137007082716, -1000000.0, 0.20015414485465238, 0.00642642853445752, 0.2472088367509005, 0.2575426411905261, 0.18628987525840343, 0.24615688177579173, 0.0599968992736563, 0.2329190497906826, 0.10309874234563444, 0.2472088367509005, 0.19622569464627335, 0.2580993063798225, 0.22131110192928158, -0.051572161222566526, 0.2455726299900269, 0.19622569464627335, 0.22518140298656292, 0.19622569464627335, 0.23304049888347672, 0.1383022298199956, -0.0008918303024991975, 0.25413501983091635, 0.19622569464627335, 0.19844779866042428, 0.2337888946235894, 0.19980488667251717, 0.1430112336228448, 0.20997562346722565, 0.23297610361470397, 0.24405970776086422, 0.23940926581091543, 0.2459947447290942, 0.1219503515812359, 0.2585430192264862, 0.2205103426155564, 0.07242673282659552, 0.20015414485465238, 0.24582137007082716, 0.1747885982205911, 0.1961467113550902, 0.19844779866042428, 0.2446874046396032, 0.12479452380236737, 0.21832065764868086, 0.19622569464627335, 0.16216309459035935, 0.22576008263667813, 0.24785760736712403, 0.2582302783747191, 0.24405970776086422, 0.1715056990699591, 0.22002698911730623, 0.23335323325000323, -0.05262431613351475, 0.2455006000762664, 0.2497138999515407, 0.22708464543985082, 0.26642494362874064, 0.14956670071677766, 0.19831503203016576, 0.25025644086849635, 0.24624890945070893, 0.19495428712962518, 0.1759960517451421, 0.22415368778636713, 0.24533494917565596, -0.05230782766695547, 0.19908163431690765, 0.24875094527896435, -1000000.0, 0.19342427593302183, 0.21689263465804393, -1000000.0, 0.24504230816958156, 0.2595679435340907, 0.0121173616760988, 0.24315739661386915, -0.0008918303024991975, 0.09223664209991501, 0.1518157755239592, 0.24782790261924145, 0.008987008300652391, -0.06307753223598171, 0.22015799173519562, 0.19841587553424084, 0.2439423736366591, 0.21563196619709096, 0.2582302783747191, 0.2582302783747191, 0.20015414485465238, 0.24502126747167344, 0.2439423736366591, 0.24405970776086422, 0.15927769839791794, 0.11342446409912887, 0.15585680883491873, 0.24782790261924145, -0.054284023940315014, 0.2439423736366591, 0.25782108889582567, 0.19622569464627335, 0.17051969019288185, 0.08590675136775808, 0.13734351890234647, 0.19630101894970167, 0.07555613283515807, 0.1737368860988398, 0.267077722631378, 0.2090851133904255, 0.1705156863065527, 0.17406765676317956, 0.24471002279672877, 0.17238953946036528, 0.1390407113460826, 0.2592697373502957, 0.2189216223237858, 0.2439423736366591, 0.10326792758672165, 0.23801834575647296, 0.2582302783747191, 0.1715056990699591, 0.04402127188391489, 0.24782790261924145, 0.15324199489456783, 0.2472908049906729, 0.15005390262759954, 0.17406765676317956, 0.19622569464627335, 0.06598828798748384, 0.25413501983091635, 0.2349752546990741, 0.2455726299900269, 0.25426649658185585, 0.1871584041657457, 0.037895648828761314, 0.0891641184978743, 0.24673082618000472, 0.25025644086849635, 0.24405970776086422, 0.25811548812559765, 0.24405970776086422, 0.24582137007082716, 0.2582302783747191, 0.25965130333870745, 0.2595679435340907, 0.24933694378603438, 0.2437596261566495, -0.062134371658835744, 0.13896710872333295, 0.14956670071677766, 0.221711942557953, 0.21453747086763675, 0.2581356089330167, 0.24533494917565596, 0.24598570251612004, 0.2480166823556349, 0.24499418014019636, 0.24405970776086422, 0.16981399157176844, 0.23940926581091543, 0.2580370690607827, 0.16125826378493904, 0.21956935115570692, 0.2439423736366591, 0.25965130333870745, 0.21875383939026716, 0.27000483118946655, 0.19622569464627335, 0.24533494917565596, 0.20047825873484826, 0.24533494917565596, 0.24405970776086422, 0.2439423736366591, 0.1383022298199956, 0.23361735721042173, 0.260686900065459, 0.23682360851224737, 0.19937080615615607, 0.26642494362874064, 0.2595679435340907, 0.24488020836263527, 0.2439423736366591, 0.19841587553424084, 0.19854684199280415, 0.19622569464627335, 0.24185097423181515, 0.24680703621929037, 0.24405970776086422, 0.22405915911387372, 0.19844779866042428, -0.03737872585370531, 0.24673082618000472, 0.02132961247440968, -0.0008918303024991975, 0.24483676305134253, 0.2582302783747191, 0.1382193801774066, 0.24782790261924145, 0.2579156424032391, 0.24405970776086422, 0.24409877500559837, 0.1390407113460826, 0.12399669281462754, 0.26642494362874064, 0.23357075244815692, 0.1995796832821881, 0.19641326208560908, 0.2583796334891276, 0.24069476568522177, 0.24598570251612004, 0.23414500134736052, 0.2439423736366591, 0.22844564071421306, 0.12229682756044984, 0.27104435604360816, 0.2226048289129333, 0.23356964652690182, 0.1257641663455368, 0.24405970776086422, 0.24658380252862008, 0.2582302783747191, 0.1701571360786767, 0.1715056990699591, 0.17108148105534893, 0.22844564071421306, 0.23021545064835974, -0.0727758403031662, -1000000.0, 0.2669224259936251, 0.05223745376171145, 0.17238953946036528, -0.0040388969519576275, 0.19137392968806288, -1000000.0, -0.06537703403051134, 0.23940926581091543, 0.21724458719195422, 0.0002386680206462739, 0.1715056990699591, 0.24483676305134253, -0.005033277424590624, 0.24519663777956097, -1000000.0, 0.23940926581091543, 0.24782790261924145, 0.24621936782126144, 0.20804351314200736, 0.2000315118382203, -0.051572161222566526, 0.2439423736366591, 0.17406765676317956, -0.05230782766695547, -0.023179195495820388, 0.19844779866042428, 0.26694377178017714, 0.24714896163474914, 0.24598570251612004, 0.2023337868916661, 0.24533494917565596, 0.11005307548047784, 0.24646135901043648, 0.2579156424032391, 0.17178038190921754, 0.2582302783747191, 0.1623452744224007, 0.24405970776086422, 0.2580370690607827, 0.21648201556258376, 0.24533494917565596, 0.1712672646395497, 0.15927769839791794, 0.19630101894970167, 0.09211452176412882, 0.21956935115570692, 0.17238953946036528, 0.25272607398806585, 0.24533494917565596, 0.24782790261924145, 0.1832201801711821, 0.2220194853279989, 0.2595679435340907, 0.2200489054705458, 0.22405915911387372, 0.1430112336228448, 0.2189216223237858, 0.2582302783747191, -0.046005109516422504, 0.23663698915845577, 0.2424342624300785, 0.13723559256202872, 0.2429939043126475, 0.19622569464627335, 0.01521673415276339, 0.1715056990699591, -0.03737872585370531, 0.1383022298199956, -0.048440201688276376, 0.02985407726765769, 0.19630101894970167, 0.2582302783747191, 0.24405970776086422, 0.1383022298199956, 0.26642494362874064, 0.2294683728322362, 0.24720629694550872, 0.12612378253516085, 0.24782790261924145, 0.2744387625797433, -1000000.0, 0.24989746452893777, 0.1640079911949017, 0.24782790261924145, 0.19897113384174744, 0.24405970776086422, 0.19622569464627335, 0.24533494917565596, 0.23297610361470397, -0.05230782766695547, 0.26551185105874026, 0.2358016980683966, 0.161539576402351, -0.006368933752301824, 0.2189216223237858, 0.1715056990699591, 0.2672991629775767, 0.19844779866042428, -0.05230782766695547, 0.24598570251612004, 0.1759960517451421]
Generation 9 starts.
final:  [0.260686900065459, 0.2000315118382203, 0.17769559868201135, 0.1830862270578981, 0.14081202873360077, 0.19045825814407225, 0.2595679435340907, 0.23700356907382758, 0.23784793776676405, 0.260686900065459, 0.2673994889754737, 0.2582302783747191, 0.25925209319146564, 0.1725229590853981, -0.05028718146021009, 0.052641264857028, -0.04500861005719724, 0.17586554543915664, 0.2666235374340699, 0.20992336436736336, 0.2603141162984772, -0.048440201688276376, 0.2593070210188153, 0.22275630657904733, 0.2582302783747191, 0.1715056990699591, 0.2580370690607827, 0.1712095728385852, 0.2584613630075653, -0.051572161222566526, 0.1712428771755331, 0.2315201403904809, 0.0022864750653653542, 0.23112410158400631, 0.2657079982978113, 0.22718422549788525, 0.18241117932482773, 0.2595679435340907, -1000000.0, 0.26642494362874064, 0.01521673415276339, 0.1712095728385852, 0.26727117004265977, 0.007782725336294366, 0.19622569464627335, 0.26642494362874064, 0.2582302783747191, 0.2619099505051179, -0.054284023940315014, -1000000.0, -0.07528995762116822, 0.2670548637572756, 0.19622569464627335, 0.20015414485465238, 0.26642984431864336, 0.24679732780513014, 0.2591723941307375, 0.2662896193356333, 0.21648201556258376, -0.035040558341651144, 0.17479237947470821, 0.24515880321066322, 0.1715600335320347, 0.2672991629775767, 0.2656204506759309, 0.2585430192264862, 0.012413486584026228, 0.2662896193356333, 0.19753602163399517, 0.2582302783747191, 0.20015414485465238, 0.24875094527896435, 0.2595679435340907, 0.2750773571564521, 0.13582968251701577, 0.2662896193356333, 0.2199031723011048, 0.1980460216404477, 0.27000483118946655, 0.22415368778636713, 0.2603141162984772, 0.1838277346507629, 0.23112410158400631, 0.13731831281597814, 0.22405915911387372, 0.25240825543498885, 0.2201130641875969, 0.055119520536801796, 0.14486955582145197, 0.06519466212902048, 0.20543840553788698, 0.0024117702794056867, 0.22405915911387372, 0.040811674861684716, 0.18912463836054372, 0.18986990355248282, 0.22134499142152117, -0.2995497166787859, 0.017721552799949827, 0.2751067693230229, 0.1792501964061616, 0.2582302783747191, 0.1712095728385852, 0.19622569464627335, 0.20120725130560316, 0.2662896193356333, 0.19622569464627335, 0.2603141162984772, 0.2582302783747191, 0.13668297641878707, 0.19844779866042428, 0.26723531440056664, 0.1362239287319976, 0.04460716244073566, 0.2333031039762839, 0.22405915911387372, 0.12074387818043616, 0.0066137249133921255, 0.267077722631378, 0.1292598574462557, 0.2580370690607827, -0.051572161222566526, 0.14985801644021626, 0.011131357975646803, 0.2579156424032391, -0.002751475965457899, 0.1838277346507629, 0.24872737107201184, 0.2480927819971195, 0.26497600548896566, 0.1656014938080266, -1000000.0, 0.260686900065459, 0.2659960996170534, 0.21406068696939182, 0.26743679224116185, 0.2670102766497932, 0.2672991629775767, 0.19622569464627335, 0.22790423733960383, 0.26673296899092214, 0.19622569464627335, -0.024115972053312763, -1000000.0, 0.260686900065459, 0.23758594736070332, 6.57136855883152e-05, 0.2582302783747191, 0.23683114666824906, 0.2319867943931485, 0.15585680883491873, 0.2669224259936251, 0.2319386135456811, 0.14684275298959137, -0.046005109516422504, 0.267077722631378, 0.19975568204497757, 0.2610448268452281, 0.2680042107927376, 0.2669224259936251, -0.1432727286974381, 0.22751766024318026, 0.19844779866042428, 0.2391703682101565, 0.15188051303444416, 0.23663698915845577, 0.2595679435340907, 0.1712095728385852, 0.26642494362874064, 0.17677323479262622, 0.1874601577990477, 0.2319386135456811, 0.2615080641531422, 0.23422023540032483, 0.20017534728947176, 0.040811674861684716, 0.2310218194547227, 0.25965130333870745, 0.2744387625797433, -0.03842775286553686, -0.02481595040959611, -0.04402559120144519, 0.2661868124543893, 0.2672594119885328, -1000000.0, 0.24673082618000472, 0.2662387313781104, 0.04034888339129997, 0.27000483118946655, 0.01821283238219356, 0.12586301145221335, 0.22298520094432803, 0.16268700537804137, 0.2595679435340907, 0.08210227712386146, 0.20030437289262418, 0.17051969019288185, 0.19844779866042428, 0.1620871445568741, 0.16133141411698146, 0.2662896193356333, 0.257298888031584, 0.2578877970484473, -1000000.0, 0.27243277764905355, 0.01169200076268427, 0.2375133204661774, 0.1712095728385852, 0.20799862542063483, -0.016149375525985825, 0.2580370690607827, 0.26642494362874064, 0.2644120595832579, 0.2719619993471973, -0.05177880981866381, 0.26642494362874064, 0.1712095728385852, 0.08837026201284347, 0.27519978654269234, 0.08738801025144062, 0.16045577396327299, -1000000.0, 0.033734405465409206, -0.054284023940315014, 0.15924100640434655, 0.1838277346507629, -0.07528995762116822, 0.1712095728385852, 0.27241654074414007, 0.24812076459723703, 0.26551185105874026, 0.21309100984242266, 0.25811548812559765, 0.26717310852922893, -0.030380185499774358, 0.27282479420877676, 0.023122438670600053, 0.22405915911387372, 0.26717310852922893, 0.1712095728385852, 0.2672991629775767, 0.20448769578847875, 0.19217154873544248, 0.2744387625797433, 0.13761099440180954, 0.267077722631378, -0.03842775286553686, 0.2406453569447973, 0.12550617360805724, 0.26763422004911686, 0.1712095728385852, 0.24460382852403642, 0.24405970776086422, 0.2582302783747191, 0.26339165104502804, 0.17056509135195305, 0.26642494362874064, 0.23712602903952432, 0.2049964595421551, 0.2582302783747191, 0.27000483118946655, 0.2595679435340907, 0.20235387469657448, 0.27000483118946655, 0.19854684199280415, 0.26582747622620156, 0.18424173587442932, 0.18276458694299, -0.02815084470853955, 0.26723531440056664, 0.26642494362874064, 0.25811548812559765, 0.22405915911387372, 0.23023273503634747, 0.25240825543498885, 0.25987547514980175, 0.2744387625797433, -0.05262431613351475, 0.2595679435340907, -0.06363934828658996, 0.25995079773674457, 0.2595679435340907, 0.25926132025829807, 0.267077722631378, 0.19844779866042428, 0.27000483118946655, 0.2707753030865257, 0.26551185105874026, 0.26715773111203756, 0.25978071029600275, 0.2439423736366591, 0.23547644962208975, 0.13804895205242915, 0.08738801025144062, 0.2319386135456811, 0.19753602163399517, 0.24673082618000472, -0.02815084470853955, 0.23671370418363552, 0.2584774769456504, 0.03800856192998733, 0.2657079982978113, 0.16383202094807103, 0.2595679435340907, 0.20111968056621435, 0.19630101894970167, 0.25965130333870745, 0.2751067693230229, 0.01773666193574297, -0.04300726030626319, 0.27552320559458066, 0.14486955582145197, 0.25782108889582567, 0.19623331886097684, 0.22790423733960383, 0.037811920185289914, 0.16109237830627013, 0.22405915911387372, 0.24498299021109043, 0.26609817622142173, 0.25581007279892104, 0.24021235387280043, 0.25893456872904896, 0.17203115774490535, 0.24660807392844994, -0.16044545488035164, 0.267077722631378, 0.2000315118382203, 0.1289814206781775, 0.1838277346507629, -0.002786505817267811, 0.266955029546118, 0.24673082618000472, 0.2662896193356333, 0.26642494362874064, 0.2582302783747191, 0.25965130333870745, 0.2596814869452535, 0.26802643781788865, 0.19630101894970167, -0.050766551615043724, 0.2583796334891276, 0.2672991629775767, 0.1712095728385852, 0.2672991629775767, 0.23845084313963516, -0.02635662906882382, 0.23691932122777012, 0.23784793776676405, -0.04300726030626319, 0.22405915911387372, 0.2602908591054465, -0.0065249055377312555, 0.025436351721645743, 0.20725252938755545, 0.2582302783747191, 0.2595679435340907, 0.26694377178017714, 0.26642494362874064, 0.23693344054827947, 0.2582302783747191, 0.2662896193356333, 0.09906976257550767, 0.17510355472045303, 0.23612025779530477, 0.2737667992751148, 0.24809308789060147, 0.2595679435340907, 0.18217169523760546, 0.22405915911387372, 0.2737667992751148, 0.1620871445568741, 0.24215783226650286, 0.055182373164065636, 0.26715773111203756, 0.033734405465409206, 0.2603141162984772, 0.2672991629775767, 0.2595679435340907, 0.26743679224116185, 0.2603141162984772, 0.2719619993471973, 0.24241264560618034, 0.2000315118382203, 0.2595679435340907, 0.18241117932482773, -0.0447408601608119, 0.0599968992736563, 0.23053514769515623, -0.026167263441239146, 0.2340688521442328, 0.2662896193356333, 0.25965130333870745, 0.2751067693230229, 0.2353137411997674, 0.2582302783747191, 0.26642494362874064, -0.02815084470853955, 0.2605698666560287, 0.23486957911611422, -0.054284023940315014, 0.24556497539141717, 0.25025644086849635, 0.22790423733960383, -1000000.0, -0.059753193958798224, 0.011998093654700219, 0.2667596402545906, 0.2315201403904809, 0.01772686743895355, 0.267077722631378, 0.22384850230390904, 0.22405915911387372, 0.24983963609615353, 0.21505080020102363, 0.18791577766883005, 0.2366519051276336, 0.17844679234749358, 0.2657761138407999, 0.25829448901696433, 0.23508240926543433, 0.2595679435340907, 0.19572655744240117, 0.24785547620777465, 0.27595177912444735, 0.27000483118946655, 0.26890149118631496, 0.2497547436061007, 0.1838277346507629, 0.2002085756333808, 0.26253774592943246, 0.23183059194664157, 0.24409068350022234, 0.2656947617905465, 0.129070558060875, 0.20059612162954693, 0.2719619993471973, 0.15098737995049905, 0.006001165748922132, 0.17900865446372813, 0.2656947617905465, 0.1990610768060596, 0.19630101894970167, 0.2594522878864207, 0.2163422451325078, 0.2657079982978113, 0.193587514991242, 0.2592697373502957, 0.2582302783747191, 0.26041406928895244, 0.24624890945070893, -0.054284023940315014, 0.19844779866042428, 0.2597161854785128, 0.13913843932366943, 0.2656947617905465, 0.2595679435340907, 0.2669224259936251, 0.2679733866389417, 0.25631004746901237, 0.2656204506759309, 0.2595679435340907, 0.25968713556903034, 0.21362346313822828, 0.18021350380843204, 0.2565182483379343, 0.26642494362874064, 0.1780789990931672, -0.048144920614833796, 0.19056760939045014, 0.2582302783747191, 0.006884486619839968, 0.2673355205873272, 0.2606439224709897, 0.15749841739777862, 0.23297606652744035, 0.267077722631378, 0.27104435604360816, 0.1715600335320347, 0.2669541734241395, 0.19630101894970167, 0.26694377178017714, 0.23112410158400631, 0.2751067693230229, 0.2000315118382203, 0.26582747622620156, 0.27104435604360816, 0.22405915911387372, 0.18316514745024934, 0.25858250096220164, 0.2582302783747191, 0.18628987525840343, 0.2656947617905465, 0.26694377178017714, 0.2619038989012867, 0.2585430192264862, 0.17507477941852134, 0.22415368778636713, 0.26551185105874026, 0.2744387625797433]
[vanilla_v2] fixed HOF: {'hof_mode': 'fixed', 'n_input': 500, 'n_dedup_removed': 130, 'n_unique': 370, 'n_top': 50, 'n_signal_failed': 0, 'decorr_degenerate_pairs': 0, 'n_decorr_removed': 40, 'decorr_max_abs_corr_final': 0.9999966996458775}
                                                     formula  raw_fitness  validity_pass
Sub(Sub(Max(Max(Var(Max(Max(Max(Std($volume, 64), 30), 30...     0.275952           True
Sub(Sub(Max(Sub(Max(Var(Max(Max(Std($volume, 64), 64), 30...     0.275523           True
Sub(Sub(Max(Sub(Max(Var(Max(Max(Std($volume, 64), 64), 30...     0.275200           True
Sub(Max(Max(Var(Max(Max(Max(Std($volume, 64), 30), 30), 3...     0.275077           True
Sub(Sub(Max(Max(Var(Max(Max(Max(Max(Std($volume, 64), 30)...     0.271962           True
Sub(Max(Max(Var(Max(Max(Max(Max(Std($volume, 64), 30), 30...     0.270005           True
Sub(Max(Sub(Max(Var(Max(Max(Max(Std($volume, 64), 30), 30...     0.268901           True
Sub(Max(Sub(Max(Var(Max(Max(Max(Std($volume, 64), 30), 30...     0.268026           True
Sub(Max(Sub(Max(Var(Max(Max(Max(Std($volume, 64), 30), 30...     0.267437           True
Sub(Max(Sub(Max(Var(Max(Max(Max(Std($volume, 64), 30), 30...     0.267399           True
[vanilla_v2] fit 14132.2s budget={'candidates_budget': 5000, 'total_evaluations': 5000, 'unique_evaluations': 2170, 'memo_hits': 2453, 'wall_clock_seconds': 14132.195111392066, 'panel_setup_seconds': 71.03297792747617}
[vanilla_v2] outputs → /gpfs/home1/sku07891/00.hojin/AlphaEval/AlphaSearchBench/gplearn_asb/out/v2_csi800_fbfit_c2a3_capreg_500x10_s0
C2A3_DONE rc=0
